index,accident_id,ST_CASE,VE_TOTAL,VE_FORMS,PEDS,PERSONS,COUNTY,county_name,CITY,city_name,DAY,MONTH,MAN_COLL,man_coll_lit,REL_ROAD,LGT_COND,lgt_cond_lit,WEATHER,weather_lit,A_TOD,a_tod_lit,DEAD,concatenated
158,2012040339,40339,2,2,0,6,12,LA PAZ,413,SALOME,20,6,6,Angle,1,4,Dawn,1,Clear,2,Nighttime,YES,"158,2012040339,40339,2,2,0,6,12,LA PAZ,413,SALOME,20,6,6,Angle,1,4,Dawn,1,Clear,2,Nighttime,YES"
159,2012040340,40340,1,1,0,2,5,COCONINO,0,NONE LISTED,20,6,0,Not a Collision with Motor Vehicle In-Transport,4,1,Daylight,1,Clear,2,Nighttime,NO,"159,2012040340,40340,1,1,0,2,5,COCONINO,0,NONE LISTED,20,6,0,Not a Collision with Motor Vehicle In-Transport,4,1,Daylight,1,Clear,2,Nighttime,NO"
160,2012040342,40342,2,2,0,2,19,PIMA,0,NONE LISTED,22,6,2,Front-to-Front,1,1,Daylight,1,Clear,2,Nighttime,NO,"160,2012040342,40342,2,2,0,2,19,PIMA,0,NONE LISTED,22,6,2,Front-to-Front,1,1,Daylight,1,Clear,2,Nighttime,NO"
161,2012040343,40343,2,2,0,3,11,GREENLEE,320,MORENCI,25,6,2,Front-to-Front,1,1,Daylight,1,Clear,1,Daytime,NO,"161,2012040343,40343,2,2,0,3,11,GREENLEE,320,MORENCI,25,6,2,Front-to-Front,1,1,Daylight,1,Clear,1,Daytime,NO"
162,2012040344,40344,1,1,0,1,11,GREENLEE,0,NONE LISTED,27,6,0,Not a Collision with Motor Vehicle In-Transport,1,2,Dark - Not Lighted,1,Clear,2,Nighttime,NO,"162,2012040344,40344,1,1,0,1,11,GREENLEE,0,NONE LISTED,27,6,0,Not a Collision with Motor Vehicle In-Transport,1,2,Dark - Not Lighted,1,Clear,2,Nighttime,NO"
163,2012040347,40347,1,1,1,2,5,COCONINO,170,FLAGSTAFF,2,5,0,Not a Collision with Motor Vehicle In-Transport,1,1,Daylight,1,Clear,1,Daytime,YES,"163,2012040347,40347,1,1,1,2,5,COCONINO,170,FLAGSTAFF,2,5,0,Not a Collision with Motor Vehicle In-Transport,1,1,Daylight,1,Clear,1,Daytime,YES"
164,2012040349,40349,1,1,1,2,13,MARICOPA,200,GLENDALE,13,6,0,Not a Collision with Motor Vehicle In-Transport,1,3,Dark - Lighted,1,Clear,2,Nighttime,YES,"164,2012040349,40349,1,1,1,2,13,MARICOPA,200,GLENDALE,13,6,0,Not a Collision with Motor Vehicle In-Transport,1,3,Dark - Lighted,1,Clear,2,Nighttime,YES"
165,2012040351,40351,1,1,0,2,19,PIMA,530,TUCSON,27,2,0,Not a Collision with Motor Vehicle In-Transport,1,1,Daylight,1,Clear,1,Daytime,YES,"165,2012040351,40351,1,1,0,2,19,PIMA,530,TUCSON,27,2,0,Not a Collision with Motor Vehicle In-Transport,1,1,Daylight,1,Clear,1,Daytime,YES"
166,2012040352,40352,1,1,1,1,19,PIMA,0,NONE LISTED,26,6,0,Not a Collision with Motor Vehicle In-Transport,1,1,Daylight,1,Clear,2,Nighttime,YES,"166,2012040352,40352,1,1,1,1,19,PIMA,0,NONE LISTED,26,6,0,Not a Collision with Motor Vehicle In-Transport,1,1,Daylight,1,Clear,2,Nighttime,YES"
167,2012040355,40355,1,1,0,3,19,PIMA,0,NONE LISTED,8,6,0,Not a Collision with Motor Vehicle In-Transport,6,1,Daylight,1,Clear,1,Daytime,NO,"167,2012040355,40355,1,1,0,3,19,PIMA,0,NONE LISTED,8,6,0,Not a Collision with Motor Vehicle In-Transport,6,1,Daylight,1,Clear,1,Daytime,NO"
168,2012040357,40357,1,1,0,1,21,PINAL,0,NONE LISTED,10,6,0,Not a Collision with Motor Vehicle In-Transport,4,2,Dark - Not Lighted,1,Clear,2,Nighttime,NO,"168,2012040357,40357,1,1,0,1,21,PINAL,0,NONE LISTED,10,6,0,Not a Collision with Motor Vehicle In-Transport,4,2,Dark - Not Lighted,1,Clear,2,Nighttime,NO"
169,2012040358,40358,1,1,0,1,5,COCONINO,0,NONE LISTED,10,6,0,Not a Collision with Motor Vehicle In-Transport,1,1,Daylight,1,Clear,1,Daytime,NO,"169,2012040358,40358,1,1,0,1,5,COCONINO,0,NONE LISTED,10,6,0,Not a Collision with Motor Vehicle In-Transport,1,1,Daylight,1,Clear,1,Daytime,NO"
170,2012040360,40360,1,1,0,1,7,GILA,0,NONE LISTED,2,7,0,Not a Collision with Motor Vehicle In-Transport,6,9,Unknown,99,Unknown,2,Nighttime,YES,"170,2012040360,40360,1,1,0,1,7,GILA,0,NONE LISTED,2,7,0,Not a Collision with Motor Vehicle In-Transport,6,9,Unknown,99,Unknown,2,Nighttime,YES"
171,2012040361,40361,1,1,1,1,27,YUMA,620,YUMA,2,7,0,Not a Collision with Motor Vehicle In-Transport,1,1,Daylight,1,Clear,2,Nighttime,NO,"171,2012040361,40361,1,1,1,1,27,YUMA,620,YUMA,2,7,0,Not a Collision with Motor Vehicle In-Transport,1,1,Daylight,1,Clear,2,Nighttime,NO"
172,2012040362,40362,1,1,1,1,27,YUMA,620,YUMA,3,7,0,Not a Collision with Motor Vehicle In-Transport,1,2,Dark - Not Lighted,1,Clear,2,Nighttime,NO,"172,2012040362,40362,1,1,1,1,27,YUMA,620,YUMA,3,7,0,Not a Collision with Motor Vehicle In-Transport,1,2,Dark - Not Lighted,1,Clear,2,Nighttime,NO"
173,2012040363,40363,1,1,0,2,13,MARICOPA,190,GILBERT,4,7,0,Not a Collision with Motor Vehicle In-Transport,3,3,Dark - Lighted,1,Clear,2,Nighttime,NO,"173,2012040363,40363,1,1,0,2,13,MARICOPA,190,GILBERT,4,7,0,Not a Collision with Motor Vehicle In-Transport,3,3,Dark - Lighted,1,Clear,2,Nighttime,NO"
174,2012040366,40366,2,2,0,6,19,PIMA,530,TUCSON,5,7,6,Angle,1,3,Dark - Lighted,10,Cloudy,2,Nighttime,NO,"174,2012040366,40366,2,2,0,6,19,PIMA,530,TUCSON,5,7,6,Angle,1,3,Dark - Lighted,10,Cloudy,2,Nighttime,NO"
175,2012040367,40367,1,1,1,4,19,PIMA,530,TUCSON,5,7,0,Not a Collision with Motor Vehicle In-Transport,1,3,Dark - Lighted,1,Clear,2,Nighttime,YES,"175,2012040367,40367,1,1,1,4,19,PIMA,530,TUCSON,5,7,0,Not a Collision with Motor Vehicle In-Transport,1,3,Dark - Lighted,1,Clear,2,Nighttime,YES"
176,2012040370,40370,1,1,0,1,19,PIMA,530,TUCSON,16,7,0,Not a Collision with Motor Vehicle In-Transport,3,1,Daylight,10,Cloudy,1,Daytime,YES,"176,2012040370,40370,1,1,0,1,19,PIMA,530,TUCSON,16,7,0,Not a Collision with Motor Vehicle In-Transport,3,1,Daylight,10,Cloudy,1,Daytime,YES"
177,2012040373,40373,1,1,0,3,1,APACHE,0,NONE LISTED,21,7,0,Not a Collision with Motor Vehicle In-Transport,4,1,Daylight,10,Cloudy,1,Daytime,YES,"177,2012040373,40373,1,1,0,3,1,APACHE,0,NONE LISTED,21,7,0,Not a Collision with Motor Vehicle In-Transport,4,1,Daylight,10,Cloudy,1,Daytime,YES"
178,2012040376,40376,2,2,0,3,13,MARICOPA,490,TEMPE,22,7,6,Angle,1,1,Daylight,1,Clear,1,Daytime,NO,"178,2012040376,40376,2,2,0,3,13,MARICOPA,490,TEMPE,22,7,6,Angle,1,1,Daylight,1,Clear,1,Daytime,NO"
179,2012040377,40377,1,1,0,2,11,GREENLEE,0,NONE LISTED,22,7,0,Not a Collision with Motor Vehicle In-Transport,6,1,Daylight,10,Cloudy,1,Daytime,NO,"179,2012040377,40377,1,1,0,2,11,GREENLEE,0,NONE LISTED,22,7,0,Not a Collision with Motor Vehicle In-Transport,6,1,Daylight,10,Cloudy,1,Daytime,NO"
180,2012040379,40379,3,3,0,4,19,PIMA,0,NONE LISTED,24,7,6,Angle,1,3,Dark - Lighted,1,Clear,2,Nighttime,NO,"180,2012040379,40379,3,3,0,4,19,PIMA,0,NONE LISTED,24,7,6,Angle,1,3,Dark - Lighted,1,Clear,2,Nighttime,NO"
181,2012040385,40385,2,1,0,1,27,YUMA,0,NONE LISTED,30,7,0,Not a Collision with Motor Vehicle In-Transport,7,2,Dark - Not Lighted,1,Clear,2,Nighttime,NO,"181,2012040385,40385,2,1,0,1,27,YUMA,0,NONE LISTED,30,7,0,Not a Collision with Motor Vehicle In-Transport,7,2,Dark - Not Lighted,1,Clear,2,Nighttime,NO"
182,2012040389,40389,1,1,0,2,21,PINAL,160,ELOY,3,6,0,Not a Collision with Motor Vehicle In-Transport,4,2,Dark - Not Lighted,1,Clear,2,Nighttime,NO,"182,2012040389,40389,1,1,0,2,21,PINAL,160,ELOY,3,6,0,Not a Collision with Motor Vehicle In-Transport,4,2,Dark - Not Lighted,1,Clear,2,Nighttime,NO"
183,2012040390,40390,1,1,1,4,17,NAVAJO,0,NONE LISTED,3,6,0,Not a Collision with Motor Vehicle In-Transport,1,6,Dark - Unknown Lighting,1,Clear,2,Nighttime,NO,"183,2012040390,40390,1,1,1,4,17,NAVAJO,0,NONE LISTED,3,6,0,Not a Collision with Motor Vehicle In-Transport,1,6,Dark - Unknown Lighting,1,Clear,2,Nighttime,NO"
184,2012040392,40392,2,2,0,3,17,NAVAJO,0,NONE LISTED,5,6,99,Unknown,1,9,Unknown,99,Unknown,3,Unknown,NO,"184,2012040392,40392,2,2,0,3,17,NAVAJO,0,NONE LISTED,5,6,99,Unknown,1,9,Unknown,99,Unknown,3,Unknown,NO"
185,2012040394,40394,1,1,1,1,5,COCONINO,0,NONE LISTED,16,6,0,Not a Collision with Motor Vehicle In-Transport,99,9,Unknown,99,Unknown,3,Unknown,NO,"185,2012040394,40394,1,1,1,1,5,COCONINO,0,NONE LISTED,16,6,0,Not a Collision with Motor Vehicle In-Transport,99,9,Unknown,99,Unknown,3,Unknown,NO"
186,2012040396,40396,1,1,0,2,13,MARICOPA,370,PHOENIX,16,6,0,Not a Collision with Motor Vehicle In-Transport,4,6,Dark - Unknown Lighting,99,Unknown,2,Nighttime,NO,"186,2012040396,40396,1,1,0,2,13,MARICOPA,370,PHOENIX,16,6,0,Not a Collision with Motor Vehicle In-Transport,4,6,Dark - Unknown Lighting,99,Unknown,2,Nighttime,NO"
187,2012040397,40397,3,3,0,6,13,MARICOPA,370,PHOENIX,16,6,1,Front-to-Rear,11,1,Daylight,1,Clear,1,Daytime,NO,"187,2012040397,40397,3,3,0,6,13,MARICOPA,370,PHOENIX,16,6,1,Front-to-Rear,11,1,Daylight,1,Clear,1,Daytime,NO"
188,2012040398,40398,2,2,0,9,21,PINAL,0,NONE LISTED,17,6,99,Unknown,1,1,Daylight,1,Clear,1,Daytime,NO,"188,2012040398,40398,2,2,0,9,21,PINAL,0,NONE LISTED,17,6,99,Unknown,1,1,Daylight,1,Clear,1,Daytime,NO"
189,2012040399,40399,1,1,0,1,1,APACHE,0,NONE LISTED,17,6,0,Not a Collision with Motor Vehicle In-Transport,99,6,Dark - Unknown Lighting,99,Unknown,2,Nighttime,YES,"189,2012040399,40399,1,1,0,1,1,APACHE,0,NONE LISTED,17,6,0,Not a Collision with Motor Vehicle In-Transport,99,6,Dark - Unknown Lighting,99,Unknown,2,Nighttime,YES"
190,2012040401,40401,1,1,0,1,13,MARICOPA,370,PHOENIX,24,6,0,Not a Collision with Motor Vehicle In-Transport,1,1,Daylight,1,Clear,1,Daytime,YES,"190,2012040401,40401,1,1,0,1,13,MARICOPA,370,PHOENIX,24,6,0,Not a Collision with Motor Vehicle In-Transport,1,1,Daylight,1,Clear,1,Daytime,YES"
191,2012040402,40402,1,1,0,1,1,APACHE,0,NONE LISTED,25,6,0,Not a Collision with Motor Vehicle In-Transport,98,8,Not Reported,98,Not Reported,2,Nighttime,YES,"191,2012040402,40402,1,1,0,1,1,APACHE,0,NONE LISTED,25,6,0,Not a Collision with Motor Vehicle In-Transport,98,8,Not Reported,98,Not Reported,2,Nighttime,YES"
192,2012040403,40403,2,2,0,2,13,MARICOPA,370,PHOENIX,25,6,6,Angle,1,1,Daylight,1,Clear,1,Daytime,NO,"192,2012040403,40403,2,2,0,2,13,MARICOPA,370,PHOENIX,25,6,6,Angle,1,1,Daylight,1,Clear,1,Daytime,NO"
193,2012040406,40406,1,1,0,1,17,NAVAJO,0,NONE LISTED,28,6,0,Not a Collision with Motor Vehicle In-Transport,1,1,Daylight,1,Clear,2,Nighttime,YES,"193,2012040406,40406,1,1,0,1,17,NAVAJO,0,NONE LISTED,28,6,0,Not a Collision with Motor Vehicle In-Transport,1,1,Daylight,1,Clear,2,Nighttime,YES"
194,2012040408,40408,4,4,0,5,13,MARICOPA,370,PHOENIX,5,6,9,Rear-to-Side,1,3,Dark - Lighted,1,Clear,2,Nighttime,NO,"194,2012040408,40408,4,4,0,5,13,MARICOPA,370,PHOENIX,5,6,9,Rear-to-Side,1,3,Dark - Lighted,1,Clear,2,Nighttime,NO"
195,2012040410,40410,1,1,0,1,13,MARICOPA,0,NONE LISTED,12,7,0,Not a Collision with Motor Vehicle In-Transport,4,2,Dark - Not Lighted,1,Clear,2,Nighttime,NO,"195,2012040410,40410,1,1,0,1,13,MARICOPA,0,NONE LISTED,12,7,0,Not a Collision with Motor Vehicle In-Transport,4,2,Dark - Not Lighted,1,Clear,2,Nighttime,NO"
196,2012040411,40411,2,2,0,5,13,MARICOPA,370,PHOENIX,5,7,6,Angle,1,1,Daylight,1,Clear,2,Nighttime,YES,"196,2012040411,40411,2,2,0,5,13,MARICOPA,370,PHOENIX,5,7,6,Angle,1,1,Daylight,1,Clear,2,Nighttime,YES"
197,2012040415,40415,1,1,0,1,7,GILA,0,NONE LISTED,29,7,0,Not a Collision with Motor Vehicle In-Transport,4,2,Dark - Not Lighted,10,Cloudy,2,Nighttime,YES,"197,2012040415,40415,1,1,0,1,7,GILA,0,NONE LISTED,29,7,0,Not a Collision with Motor Vehicle In-Transport,4,2,Dark - Not Lighted,10,Cloudy,2,Nighttime,YES"
198,2012040417,40417,2,2,0,2,13,MARICOPA,486,SURPRISE,3,7,1,Front-to-Rear,1,3,Dark - Lighted,1,Clear,2,Nighttime,NO,"198,2012040417,40417,2,2,0,2,13,MARICOPA,486,SURPRISE,3,7,1,Front-to-Rear,1,3,Dark - Lighted,1,Clear,2,Nighttime,NO"
199,2012040418,40418,1,1,0,2,5,COCONINO,0,NONE LISTED,13,7,0,Not a Collision with Motor Vehicle In-Transport,1,1,Daylight,10,Cloudy,1,Daytime,NO,"199,2012040418,40418,1,1,0,2,5,COCONINO,0,NONE LISTED,13,7,0,Not a Collision with Motor Vehicle In-Transport,1,1,Daylight,10,Cloudy,1,Daytime,NO"
200,2012040419,40419,1,1,0,1,1,APACHE,0,NONE LISTED,29,6,0,Not a Collision with Motor Vehicle In-Transport,6,9,Unknown,99,Unknown,3,Unknown,NO,"200,2012040419,40419,1,1,0,1,1,APACHE,0,NONE LISTED,29,6,0,Not a Collision with Motor Vehicle In-Transport,6,9,Unknown,99,Unknown,3,Unknown,NO"
201,2012040421,40421,2,2,0,3,27,YUMA,0,NONE LISTED,2,7,6,Angle,1,2,Dark - Not Lighted,1,Clear,2,Nighttime,YES,"201,2012040421,40421,2,2,0,3,27,YUMA,0,NONE LISTED,2,7,6,Angle,1,2,Dark - Not Lighted,1,Clear,2,Nighttime,YES"
202,2012040422,40422,1,1,0,8,7,GILA,0,NONE LISTED,15,7,0,Not a Collision with Motor Vehicle In-Transport,6,2,Dark - Not Lighted,1,Clear,2,Nighttime,YES,"202,2012040422,40422,1,1,0,8,7,GILA,0,NONE LISTED,15,7,0,Not a Collision with Motor Vehicle In-Transport,6,2,Dark - Not Lighted,1,Clear,2,Nighttime,YES"
203,2012040423,40423,2,2,0,3,13,MARICOPA,370,PHOENIX,15,7,6,Angle,1,3,Dark - Lighted,1,Clear,2,Nighttime,NO,"203,2012040423,40423,2,2,0,3,13,MARICOPA,370,PHOENIX,15,7,6,Angle,1,3,Dark - Lighted,1,Clear,2,Nighttime,NO"
204,2012040424,40424,1,1,0,1,13,MARICOPA,370,PHOENIX,26,7,0,Not a Collision with Motor Vehicle In-Transport,4,3,Dark - Lighted,1,Clear,2,Nighttime,NO,"204,2012040424,40424,1,1,0,1,13,MARICOPA,370,PHOENIX,26,7,0,Not a Collision with Motor Vehicle In-Transport,4,3,Dark - Lighted,1,Clear,2,Nighttime,NO"
205,2012040428,40428,1,1,0,1,5,COCONINO,0,NONE LISTED,6,8,0,Not a Collision with Motor Vehicle In-Transport,4,1,Daylight,1,Clear,1,Daytime,YES,"205,2012040428,40428,1,1,0,1,5,COCONINO,0,NONE LISTED,6,8,0,Not a Collision with Motor Vehicle In-Transport,4,1,Daylight,1,Clear,1,Daytime,YES"
206,2012040430,40430,1,1,0,1,7,GILA,0,NONE LISTED,8,8,0,Not a Collision with Motor Vehicle In-Transport,6,9,Unknown,99,Unknown,1,Daytime,NO,"206,2012040430,40430,1,1,0,1,7,GILA,0,NONE LISTED,8,8,0,Not a Collision with Motor Vehicle In-Transport,6,9,Unknown,99,Unknown,1,Daytime,NO"
207,2012040438,40438,3,3,0,7,5,COCONINO,0,NONE LISTED,17,8,8,Sideswipe - Opposite Direction,1,1,Daylight,10,Cloudy,1,Daytime,YES,"207,2012040438,40438,3,3,0,7,5,COCONINO,0,NONE LISTED,17,8,8,Sideswipe - Opposite Direction,1,1,Daylight,10,Cloudy,1,Daytime,YES"
208,2012040439,40439,1,1,0,3,5,COCONINO,336,PAGE,18,8,0,Not a Collision with Motor Vehicle In-Transport,1,2,Dark - Not Lighted,1,Clear,2,Nighttime,NO,"208,2012040439,40439,1,1,0,3,5,COCONINO,336,PAGE,18,8,0,Not a Collision with Motor Vehicle In-Transport,1,2,Dark - Not Lighted,1,Clear,2,Nighttime,NO"
209,2012040441,40441,2,2,0,3,13,MARICOPA,290,MESA,19,8,6,Angle,1,3,Dark - Lighted,1,Clear,2,Nighttime,NO,"209,2012040441,40441,2,2,0,3,13,MARICOPA,290,MESA,19,8,6,Angle,1,3,Dark - Lighted,1,Clear,2,Nighttime,NO"
210,2012040442,40442,2,2,0,3,13,MARICOPA,190,GILBERT,21,8,2,Front-to-Front,1,1,Daylight,1,Clear,1,Daytime,YES,"210,2012040442,40442,2,2,0,3,13,MARICOPA,190,GILBERT,21,8,2,Front-to-Front,1,1,Daylight,1,Clear,1,Daytime,YES"
211,2012040444,40444,2,2,0,3,25,YAVAPAI,0,NONE LISTED,26,8,0,Not a Collision with Motor Vehicle In-Transport,1,1,Daylight,1,Clear,1,Daytime,NO,"211,2012040444,40444,2,2,0,3,25,YAVAPAI,0,NONE LISTED,26,8,0,Not a Collision with Motor Vehicle In-Transport,1,1,Daylight,1,Clear,1,Daytime,NO"
212,2012040446,40446,2,2,0,2,15,MOHAVE,260,KINGMAN,27,8,6,Angle,1,1,Daylight,1,Clear,1,Daytime,YES,"212,2012040446,40446,2,2,0,2,15,MOHAVE,260,KINGMAN,27,8,6,Angle,1,1,Daylight,1,Clear,1,Daytime,YES"
213,2012040448,40448,1,1,0,1,27,YUMA,0,NONE LISTED,27,8,0,Not a Collision with Motor Vehicle In-Transport,6,5,Dusk,1,Clear,2,Nighttime,YES,"213,2012040448,40448,1,1,0,1,27,YUMA,0,NONE LISTED,27,8,0,Not a Collision with Motor Vehicle In-Transport,6,5,Dusk,1,Clear,2,Nighttime,YES"
214,2012040449,40449,2,2,0,3,21,PINAL,70,CASA GRANDE,30,8,6,Angle,1,1,Daylight,1,Clear,1,Daytime,YES,"214,2012040449,40449,2,2,0,3,21,PINAL,70,CASA GRANDE,30,8,6,Angle,1,1,Daylight,1,Clear,1,Daytime,YES"
215,2012040450,40450,1,1,2,1,13,MARICOPA,290,MESA,30,8,0,Not a Collision with Motor Vehicle In-Transport,1,2,Dark - Not Lighted,99,Unknown,2,Nighttime,NO,"215,2012040450,40450,1,1,2,1,13,MARICOPA,290,MESA,30,8,0,Not a Collision with Motor Vehicle In-Transport,1,2,Dark - Not Lighted,99,Unknown,2,Nighttime,NO"
216,2012040452,40452,1,1,0,2,19,PIMA,9999,UNKNOWN,2,7,99,Unknown,99,9,Unknown,99,Unknown,3,Unknown,NO,"216,2012040452,40452,1,1,0,2,19,PIMA,9999,UNKNOWN,2,7,99,Unknown,99,9,Unknown,99,Unknown,3,Unknown,NO"
217,2012040453,40453,1,1,1,1,13,MARICOPA,370,PHOENIX,12,7,0,Not a Collision with Motor Vehicle In-Transport,1,1,Daylight,1,Clear,2,Nighttime,YES,"217,2012040453,40453,1,1,1,1,13,MARICOPA,370,PHOENIX,12,7,0,Not a Collision with Motor Vehicle In-Transport,1,1,Daylight,1,Clear,2,Nighttime,YES"
218,2012040454,40454,1,1,0,1,13,MARICOPA,370,PHOENIX,14,7,0,Not a Collision with Motor Vehicle In-Transport,3,3,Dark - Lighted,1,Clear,2,Nighttime,NO,"218,2012040454,40454,1,1,0,1,13,MARICOPA,370,PHOENIX,14,7,0,Not a Collision with Motor Vehicle In-Transport,3,3,Dark - Lighted,1,Clear,2,Nighttime,NO"
219,2012040455,40455,1,1,1,1,13,MARICOPA,158,EL MIRAGE,15,7,0,Not a Collision with Motor Vehicle In-Transport,1,6,Dark - Unknown Lighting,99,Unknown,2,Nighttime,NO,"219,2012040455,40455,1,1,1,1,13,MARICOPA,158,EL MIRAGE,15,7,0,Not a Collision with Motor Vehicle In-Transport,1,6,Dark - Unknown Lighting,99,Unknown,2,Nighttime,NO"
220,2012040456,40456,2,2,0,7,21,PINAL,0,NONE LISTED,21,7,2,Front-to-Front,1,2,Dark - Not Lighted,1,Clear,2,Nighttime,NO,"220,2012040456,40456,2,2,0,7,21,PINAL,0,NONE LISTED,21,7,2,Front-to-Front,1,2,Dark - Not Lighted,1,Clear,2,Nighttime,NO"
221,2012040457,40457,1,1,0,1,17,NAVAJO,0,NONE LISTED,22,7,99,Unknown,99,6,Dark - Unknown Lighting,99,Unknown,2,Nighttime,YES,"221,2012040457,40457,1,1,0,1,17,NAVAJO,0,NONE LISTED,22,7,99,Unknown,99,6,Dark - Unknown Lighting,99,Unknown,2,Nighttime,YES"
222,2012040461,40461,1,1,0,2,13,MARICOPA,0,NONE LISTED,29,7,0,Not a Collision with Motor Vehicle In-Transport,1,1,Daylight,10,Cloudy,1,Daytime,YES,"222,2012040461,40461,1,1,0,2,13,MARICOPA,0,NONE LISTED,29,7,0,Not a Collision with Motor Vehicle In-Transport,1,1,Daylight,10,Cloudy,1,Daytime,YES"
223,2012040464,40464,4,4,0,8,21,PINAL,0,NONE LISTED,28,7,2,Front-to-Front,1,1,Daylight,10,Cloudy,1,Daytime,NO,"223,2012040464,40464,4,4,0,8,21,PINAL,0,NONE LISTED,28,7,2,Front-to-Front,1,1,Daylight,10,Cloudy,1,Daytime,NO"
224,2012040469,40469,1,1,0,6,5,COCONINO,0,NONE LISTED,31,8,0,Not a Collision with Motor Vehicle In-Transport,1,2,Dark - Not Lighted,1,Clear,2,Nighttime,YES,"224,2012040469,40469,1,1,0,6,5,COCONINO,0,NONE LISTED,31,8,0,Not a Collision with Motor Vehicle In-Transport,1,2,Dark - Not Lighted,1,Clear,2,Nighttime,YES"
225,2012040470,40470,1,1,0,2,7,GILA,0,NONE LISTED,18,7,0,Not a Collision with Motor Vehicle In-Transport,6,1,Daylight,1,Clear,1,Daytime,NO,"225,2012040470,40470,1,1,0,2,7,GILA,0,NONE LISTED,18,7,0,Not a Collision with Motor Vehicle In-Transport,6,1,Daylight,1,Clear,1,Daytime,NO"
226,2012040474,40474,1,1,0,1,19,PIMA,0,NONE LISTED,12,8,0,Not a Collision with Motor Vehicle In-Transport,6,2,Dark - Not Lighted,1,Clear,2,Nighttime,YES,"226,2012040474,40474,1,1,0,1,19,PIMA,0,NONE LISTED,12,8,0,Not a Collision with Motor Vehicle In-Transport,6,2,Dark - Not Lighted,1,Clear,2,Nighttime,YES"
227,2012040475,40475,2,2,0,4,13,MARICOPA,486,SURPRISE,1,8,6,Angle,1,1,Daylight,1,Clear,2,Nighttime,YES,"227,2012040475,40475,2,2,0,4,13,MARICOPA,486,SURPRISE,1,8,6,Angle,1,1,Daylight,1,Clear,2,Nighttime,YES"
228,2012040477,40477,2,2,0,3,19,PIMA,530,TUCSON,3,8,6,Angle,1,4,Dawn,1,Clear,2,Nighttime,YES,"228,2012040477,40477,2,2,0,3,19,PIMA,530,TUCSON,3,8,6,Angle,1,4,Dawn,1,Clear,2,Nighttime,YES"
229,2012040479,40479,1,1,0,2,13,MARICOPA,80,CHANDLER,4,8,0,Not a Collision with Motor Vehicle In-Transport,1,1,Daylight,1,Clear,1,Daytime,YES,"229,2012040479,40479,1,1,0,2,13,MARICOPA,80,CHANDLER,4,8,0,Not a Collision with Motor Vehicle In-Transport,1,1,Daylight,1,Clear,1,Daytime,YES"
230,2012040480,40480,1,1,0,4,7,GILA,0,NONE LISTED,4,8,0,Not a Collision with Motor Vehicle In-Transport,4,1,Daylight,1,Clear,1,Daytime,NO,"230,2012040480,40480,1,1,0,4,7,GILA,0,NONE LISTED,4,8,0,Not a Collision with Motor Vehicle In-Transport,4,1,Daylight,1,Clear,1,Daytime,NO"
231,2012040481,40481,1,1,0,1,1,APACHE,0,NONE LISTED,7,8,0,Not a Collision with Motor Vehicle In-Transport,4,1,Daylight,1,Clear,1,Daytime,NO,"231,2012040481,40481,1,1,0,1,1,APACHE,0,NONE LISTED,7,8,0,Not a Collision with Motor Vehicle In-Transport,4,1,Daylight,1,Clear,1,Daytime,NO"
232,2012040485,40485,1,1,0,2,25,YAVAPAI,0,NONE LISTED,11,8,0,Not a Collision with Motor Vehicle In-Transport,1,6,Dark - Unknown Lighting,99,Unknown,2,Nighttime,YES,"232,2012040485,40485,1,1,0,2,25,YAVAPAI,0,NONE LISTED,11,8,0,Not a Collision with Motor Vehicle In-Transport,1,6,Dark - Unknown Lighting,99,Unknown,2,Nighttime,YES"
233,2012040486,40486,2,1,0,3,19,PIMA,530,TUCSON,12,8,0,Not a Collision with Motor Vehicle In-Transport,6,3,Dark - Lighted,1,Clear,2,Nighttime,NO,"233,2012040486,40486,2,1,0,3,19,PIMA,530,TUCSON,12,8,0,Not a Collision with Motor Vehicle In-Transport,6,3,Dark - Lighted,1,Clear,2,Nighttime,NO"
234,2012040487,40487,1,1,1,1,19,PIMA,530,TUCSON,13,8,0,Not a Collision with Motor Vehicle In-Transport,1,3,Dark - Lighted,1,Clear,2,Nighttime,YES,"234,2012040487,40487,1,1,1,1,19,PIMA,530,TUCSON,13,8,0,Not a Collision with Motor Vehicle In-Transport,1,3,Dark - Lighted,1,Clear,2,Nighttime,YES"
235,2012040488,40488,2,2,0,2,13,MARICOPA,370,PHOENIX,15,8,6,Angle,1,1,Daylight,1,Clear,1,Daytime,NO,"235,2012040488,40488,2,2,0,2,13,MARICOPA,370,PHOENIX,15,8,6,Angle,1,1,Daylight,1,Clear,1,Daytime,NO"
236,2012040491,40491,1,1,0,1,13,MARICOPA,370,PHOENIX,21,8,0,Not a Collision with Motor Vehicle In-Transport,4,1,Daylight,1,Clear,1,Daytime,YES,"236,2012040491,40491,1,1,0,1,13,MARICOPA,370,PHOENIX,21,8,0,Not a Collision with Motor Vehicle In-Transport,4,1,Daylight,1,Clear,1,Daytime,YES"