index,accident_id,ST_CASE,VE_TOTAL,VE_FORMS,PEDS,PERSONS,COUNTY,county_name,CITY,city_name,DAY,MONTH,MAN_COLL,man_coll_lit,REL_ROAD,LGT_COND,lgt_cond_lit,WEATHER,weather_lit,A_TOD,a_tod_lit,DEAD,concatenated
237,2012040492,40492,1,1,0,1,19,PIMA,0,NONE LISTED,22,8,0,Not a Collision with Motor Vehicle In-Transport,6,5,Dusk,10,Cloudy,1,Daytime,NO,"237,2012040492,40492,1,1,0,1,19,PIMA,0,NONE LISTED,22,8,0,Not a Collision with Motor Vehicle In-Transport,6,5,Dusk,10,Cloudy,1,Daytime,NO"
238,2012040497,40497,1,1,0,1,13,MARICOPA,370,PHOENIX,27,8,0,Not a Collision with Motor Vehicle In-Transport,4,3,Dark - Lighted,1,Clear,2,Nighttime,YES,"238,2012040497,40497,1,1,0,1,13,MARICOPA,370,PHOENIX,27,8,0,Not a Collision with Motor Vehicle In-Transport,4,3,Dark - Lighted,1,Clear,2,Nighttime,YES"
239,2012040499,40499,2,2,0,2,21,PINAL,0,NONE LISTED,30,8,6,Angle,1,2,Dark - Not Lighted,1,Clear,2,Nighttime,YES,"239,2012040499,40499,2,2,0,2,21,PINAL,0,NONE LISTED,30,8,6,Angle,1,2,Dark - Not Lighted,1,Clear,2,Nighttime,YES"
240,2012040502,40502,1,1,0,1,27,YUMA,0,NONE LISTED,23,8,0,Not a Collision with Motor Vehicle In-Transport,99,9,Unknown,99,Unknown,3,Unknown,NO,"240,2012040502,40502,1,1,0,1,27,YUMA,0,NONE LISTED,23,8,0,Not a Collision with Motor Vehicle In-Transport,99,9,Unknown,99,Unknown,3,Unknown,NO"
241,2012040506,40506,1,1,0,1,13,MARICOPA,200,GLENDALE,1,9,0,Not a Collision with Motor Vehicle In-Transport,4,1,Daylight,1,Clear,1,Daytime,NO,"241,2012040506,40506,1,1,0,1,13,MARICOPA,200,GLENDALE,1,9,0,Not a Collision with Motor Vehicle In-Transport,4,1,Daylight,1,Clear,1,Daytime,NO"
242,2012040507,40507,2,2,0,4,13,MARICOPA,368,PEORIA,6,9,6,Angle,1,1,Daylight,1,Clear,1,Daytime,NO,"242,2012040507,40507,2,2,0,4,13,MARICOPA,368,PEORIA,6,9,6,Angle,1,1,Daylight,1,Clear,1,Daytime,NO"
243,2012040509,40509,1,1,0,1,13,MARICOPA,290,MESA,9,9,0,Not a Collision with Motor Vehicle In-Transport,4,1,Daylight,10,Cloudy,1,Daytime,NO,"243,2012040509,40509,1,1,0,1,13,MARICOPA,290,MESA,9,9,0,Not a Collision with Motor Vehicle In-Transport,4,1,Daylight,10,Cloudy,1,Daytime,NO"
244,2012040513,40513,2,2,0,4,25,YAVAPAI,0,NONE LISTED,15,9,0,Not a Collision with Motor Vehicle In-Transport,1,1,Daylight,1,Clear,1,Daytime,YES,"244,2012040513,40513,2,2,0,4,25,YAVAPAI,0,NONE LISTED,15,9,0,Not a Collision with Motor Vehicle In-Transport,1,1,Daylight,1,Clear,1,Daytime,YES"
245,2012040516,40516,1,1,0,1,25,YAVAPAI,0,NONE LISTED,22,9,0,Not a Collision with Motor Vehicle In-Transport,4,2,Dark - Not Lighted,1,Clear,2,Nighttime,YES,"245,2012040516,40516,1,1,0,1,25,YAVAPAI,0,NONE LISTED,22,9,0,Not a Collision with Motor Vehicle In-Transport,4,2,Dark - Not Lighted,1,Clear,2,Nighttime,YES"
246,2012040517,40517,1,1,0,1,1,APACHE,0,NONE LISTED,22,9,0,Not a Collision with Motor Vehicle In-Transport,4,1,Daylight,1,Clear,1,Daytime,NO,"246,2012040517,40517,1,1,0,1,1,APACHE,0,NONE LISTED,22,9,0,Not a Collision with Motor Vehicle In-Transport,4,1,Daylight,1,Clear,1,Daytime,NO"
247,2012040522,40522,1,1,0,2,21,PINAL,0,NONE LISTED,1,9,0,Not a Collision with Motor Vehicle In-Transport,4,2,Dark - Not Lighted,1,Clear,2,Nighttime,NO,"247,2012040522,40522,1,1,0,2,21,PINAL,0,NONE LISTED,1,9,0,Not a Collision with Motor Vehicle In-Transport,4,2,Dark - Not Lighted,1,Clear,2,Nighttime,NO"
248,2012040523,40523,1,1,0,1,5,COCONINO,0,NONE LISTED,2,9,0,Not a Collision with Motor Vehicle In-Transport,4,1,Daylight,10,Cloudy,1,Daytime,NO,"248,2012040523,40523,1,1,0,1,5,COCONINO,0,NONE LISTED,2,9,0,Not a Collision with Motor Vehicle In-Transport,4,1,Daylight,10,Cloudy,1,Daytime,NO"
249,2012040525,40525,5,5,0,19,1,APACHE,0,NONE LISTED,8,9,7,Sideswipe - Same Direction,1,2,Dark - Not Lighted,1,Clear,3,Unknown,NO,"249,2012040525,40525,5,5,0,19,1,APACHE,0,NONE LISTED,8,9,7,Sideswipe - Same Direction,1,2,Dark - Not Lighted,1,Clear,3,Unknown,NO"
250,2012040526,40526,1,1,0,2,5,COCONINO,0,NONE LISTED,12,9,0,Not a Collision with Motor Vehicle In-Transport,6,1,Daylight,1,Clear,1,Daytime,YES,"250,2012040526,40526,1,1,0,2,5,COCONINO,0,NONE LISTED,12,9,0,Not a Collision with Motor Vehicle In-Transport,6,1,Daylight,1,Clear,1,Daytime,YES"
251,2012040527,40527,2,2,0,3,13,MARICOPA,80,CHANDLER,14,9,2,Front-to-Front,1,1,Daylight,1,Clear,2,Nighttime,YES,"251,2012040527,40527,2,2,0,3,13,MARICOPA,80,CHANDLER,14,9,2,Front-to-Front,1,1,Daylight,1,Clear,2,Nighttime,YES"
252,2012040529,40529,2,2,0,7,13,MARICOPA,370,PHOENIX,17,9,1,Front-to-Rear,1,1,Daylight,1,Clear,1,Daytime,NO,"252,2012040529,40529,2,2,0,7,13,MARICOPA,370,PHOENIX,17,9,1,Front-to-Rear,1,1,Daylight,1,Clear,1,Daytime,NO"
253,2012040530,40530,1,1,0,1,5,COCONINO,0,NONE LISTED,18,9,0,Not a Collision with Motor Vehicle In-Transport,4,5,Dusk,1,Clear,2,Nighttime,NO,"253,2012040530,40530,1,1,0,1,5,COCONINO,0,NONE LISTED,18,9,0,Not a Collision with Motor Vehicle In-Transport,4,5,Dusk,1,Clear,2,Nighttime,NO"
254,2012040533,40533,1,1,0,1,5,COCONINO,0,NONE LISTED,22,9,0,Not a Collision with Motor Vehicle In-Transport,4,1,Daylight,10,Cloudy,1,Daytime,NO,"254,2012040533,40533,1,1,0,1,5,COCONINO,0,NONE LISTED,22,9,0,Not a Collision with Motor Vehicle In-Transport,4,1,Daylight,10,Cloudy,1,Daytime,NO"
255,2012040536,40536,2,1,0,1,13,MARICOPA,370,PHOENIX,24,9,0,Not a Collision with Motor Vehicle In-Transport,4,3,Dark - Lighted,1,Clear,1,Daytime,NO,"255,2012040536,40536,2,1,0,1,13,MARICOPA,370,PHOENIX,24,9,0,Not a Collision with Motor Vehicle In-Transport,4,3,Dark - Lighted,1,Clear,1,Daytime,NO"
256,2012040539,40539,2,2,0,2,19,PIMA,0,NONE LISTED,5,10,6,Angle,1,1,Daylight,1,Clear,1,Daytime,YES,"256,2012040539,40539,2,2,0,2,19,PIMA,0,NONE LISTED,5,10,6,Angle,1,1,Daylight,1,Clear,1,Daytime,YES"
257,2012040540,40540,1,1,0,5,19,PIMA,0,NONE LISTED,7,10,0,Not a Collision with Motor Vehicle In-Transport,4,2,Dark - Not Lighted,1,Clear,2,Nighttime,NO,"257,2012040540,40540,1,1,0,5,19,PIMA,0,NONE LISTED,7,10,0,Not a Collision with Motor Vehicle In-Transport,4,2,Dark - Not Lighted,1,Clear,2,Nighttime,NO"
258,2012040541,40541,1,1,0,1,11,GREENLEE,0,NONE LISTED,7,10,0,Not a Collision with Motor Vehicle In-Transport,4,1,Daylight,1,Clear,1,Daytime,YES,"258,2012040541,40541,1,1,0,1,11,GREENLEE,0,NONE LISTED,7,10,0,Not a Collision with Motor Vehicle In-Transport,4,1,Daylight,1,Clear,1,Daytime,YES"
259,2012040543,40543,1,1,0,3,19,PIMA,0,NONE LISTED,12,10,0,Not a Collision with Motor Vehicle In-Transport,4,2,Dark - Not Lighted,1,Clear,2,Nighttime,NO,"259,2012040543,40543,1,1,0,3,19,PIMA,0,NONE LISTED,12,10,0,Not a Collision with Motor Vehicle In-Transport,4,2,Dark - Not Lighted,1,Clear,2,Nighttime,NO"
260,2012040547,40547,3,3,0,3,25,YAVAPAI,0,NONE LISTED,20,10,8,Sideswipe - Opposite Direction,1,1,Daylight,1,Clear,1,Daytime,NO,"260,2012040547,40547,3,3,0,3,25,YAVAPAI,0,NONE LISTED,20,10,8,Sideswipe - Opposite Direction,1,1,Daylight,1,Clear,1,Daytime,NO"
261,2012040549,40549,2,2,0,3,12,LA PAZ,0,NONE LISTED,4,10,2,Front-to-Front,1,1,Daylight,1,Clear,1,Daytime,YES,"261,2012040549,40549,2,2,0,3,12,LA PAZ,0,NONE LISTED,4,10,2,Front-to-Front,1,1,Daylight,1,Clear,1,Daytime,YES"
262,2012040550,40550,1,1,0,2,15,MOHAVE,0,NONE LISTED,5,10,0,Not a Collision with Motor Vehicle In-Transport,1,2,Dark - Not Lighted,1,Clear,2,Nighttime,NO,"262,2012040550,40550,1,1,0,2,15,MOHAVE,0,NONE LISTED,5,10,0,Not a Collision with Motor Vehicle In-Transport,1,2,Dark - Not Lighted,1,Clear,2,Nighttime,NO"
263,2012040559,40559,1,1,0,1,12,LA PAZ,0,NONE LISTED,23,10,0,Not a Collision with Motor Vehicle In-Transport,1,2,Dark - Not Lighted,1,Clear,2,Nighttime,YES,"263,2012040559,40559,1,1,0,1,12,LA PAZ,0,NONE LISTED,23,10,0,Not a Collision with Motor Vehicle In-Transport,1,2,Dark - Not Lighted,1,Clear,2,Nighttime,YES"
264,2012040560,40560,1,1,1,1,27,YUMA,620,YUMA,24,10,0,Not a Collision with Motor Vehicle In-Transport,1,3,Dark - Lighted,1,Clear,1,Daytime,NO,"264,2012040560,40560,1,1,1,1,27,YUMA,620,YUMA,24,10,0,Not a Collision with Motor Vehicle In-Transport,1,3,Dark - Lighted,1,Clear,1,Daytime,NO"
265,2012040562,40562,1,1,0,1,25,YAVAPAI,0,NONE LISTED,28,10,0,Not a Collision with Motor Vehicle In-Transport,4,1,Daylight,1,Clear,1,Daytime,YES,"265,2012040562,40562,1,1,0,1,25,YAVAPAI,0,NONE LISTED,28,10,0,Not a Collision with Motor Vehicle In-Transport,4,1,Daylight,1,Clear,1,Daytime,YES"
266,2012040563,40563,1,1,0,1,25,YAVAPAI,386,PRESCOTT,28,10,0,Not a Collision with Motor Vehicle In-Transport,4,1,Daylight,1,Clear,1,Daytime,NO,"266,2012040563,40563,1,1,0,1,25,YAVAPAI,386,PRESCOTT,28,10,0,Not a Collision with Motor Vehicle In-Transport,4,1,Daylight,1,Clear,1,Daytime,NO"
267,2012040566,40566,1,1,0,1,25,YAVAPAI,0,NONE LISTED,31,10,0,Not a Collision with Motor Vehicle In-Transport,3,1,Daylight,1,Clear,1,Daytime,YES,"267,2012040566,40566,1,1,0,1,25,YAVAPAI,0,NONE LISTED,31,10,0,Not a Collision with Motor Vehicle In-Transport,3,1,Daylight,1,Clear,1,Daytime,YES"
268,2012040568,40568,2,2,0,4,13,MARICOPA,370,PHOENIX,22,9,6,Angle,1,1,Daylight,1,Clear,1,Daytime,NO,"268,2012040568,40568,2,2,0,4,13,MARICOPA,370,PHOENIX,22,9,6,Angle,1,1,Daylight,1,Clear,1,Daytime,NO"
269,2012040570,40570,2,2,0,6,13,MARICOPA,370,PHOENIX,13,10,1,Front-to-Rear,1,3,Dark - Lighted,1,Clear,2,Nighttime,NO,"269,2012040570,40570,2,2,0,6,13,MARICOPA,370,PHOENIX,13,10,1,Front-to-Rear,1,3,Dark - Lighted,1,Clear,2,Nighttime,NO"
270,2012040571,40571,1,1,0,1,13,MARICOPA,370,PHOENIX,27,10,0,Not a Collision with Motor Vehicle In-Transport,3,2,Dark - Not Lighted,1,Clear,2,Nighttime,NO,"270,2012040571,40571,1,1,0,1,13,MARICOPA,370,PHOENIX,27,10,0,Not a Collision with Motor Vehicle In-Transport,3,2,Dark - Not Lighted,1,Clear,2,Nighttime,NO"
271,2012040572,40572,1,1,0,1,21,PINAL,110,COOLIDGE,31,10,0,Not a Collision with Motor Vehicle In-Transport,6,1,Daylight,1,Clear,1,Daytime,NO,"271,2012040572,40572,1,1,0,1,21,PINAL,110,COOLIDGE,31,10,0,Not a Collision with Motor Vehicle In-Transport,6,1,Daylight,1,Clear,1,Daytime,NO"
272,2012040575,40575,1,1,0,1,21,PINAL,426,SAN MANUEL,30,6,0,Not a Collision with Motor Vehicle In-Transport,5,1,Daylight,99,Unknown,1,Daytime,YES,"272,2012040575,40575,1,1,0,1,21,PINAL,426,SAN MANUEL,30,6,0,Not a Collision with Motor Vehicle In-Transport,5,1,Daylight,99,Unknown,1,Daytime,YES"
273,2012040576,40576,1,1,0,1,13,MARICOPA,486,SURPRISE,11,7,0,Not a Collision with Motor Vehicle In-Transport,5,1,Daylight,1,Clear,1,Daytime,YES,"273,2012040576,40576,1,1,0,1,13,MARICOPA,486,SURPRISE,11,7,0,Not a Collision with Motor Vehicle In-Transport,5,1,Daylight,1,Clear,1,Daytime,YES"
274,2012040577,40577,2,2,0,5,13,MARICOPA,486,SURPRISE,24,8,2,Front-to-Front,1,1,Daylight,1,Clear,1,Daytime,NO,"274,2012040577,40577,2,2,0,5,13,MARICOPA,486,SURPRISE,24,8,2,Front-to-Front,1,1,Daylight,1,Clear,1,Daytime,NO"
275,2012040578,40578,1,1,0,2,1,APACHE,0,NONE LISTED,30,6,0,Not a Collision with Motor Vehicle In-Transport,5,2,Dark - Not Lighted,1,Clear,1,Daytime,NO,"275,2012040578,40578,1,1,0,2,1,APACHE,0,NONE LISTED,30,6,0,Not a Collision with Motor Vehicle In-Transport,5,2,Dark - Not Lighted,1,Clear,1,Daytime,NO"
276,2012040579,40579,2,2,0,4,13,MARICOPA,158,EL MIRAGE,4,9,6,Angle,1,1,Daylight,1,Clear,1,Daytime,YES,"276,2012040579,40579,2,2,0,4,13,MARICOPA,158,EL MIRAGE,4,9,6,Angle,1,1,Daylight,1,Clear,1,Daytime,YES"
277,2012040580,40580,1,1,1,1,19,PIMA,530,TUCSON,18,9,0,Not a Collision with Motor Vehicle In-Transport,1,5,Dusk,1,Clear,2,Nighttime,NO,"277,2012040580,40580,1,1,1,1,19,PIMA,530,TUCSON,18,9,0,Not a Collision with Motor Vehicle In-Transport,1,5,Dusk,1,Clear,2,Nighttime,NO"
278,2012040581,40581,1,1,1,1,19,PIMA,530,TUCSON,27,9,0,Not a Collision with Motor Vehicle In-Transport,1,3,Dark - Lighted,1,Clear,2,Nighttime,NO,"278,2012040581,40581,1,1,1,1,19,PIMA,530,TUCSON,27,9,0,Not a Collision with Motor Vehicle In-Transport,1,3,Dark - Lighted,1,Clear,2,Nighttime,NO"
279,2012040582,40582,1,1,0,1,19,PIMA,530,TUCSON,11,10,0,Not a Collision with Motor Vehicle In-Transport,3,2,Dark - Not Lighted,1,Clear,2,Nighttime,YES,"279,2012040582,40582,1,1,0,1,19,PIMA,530,TUCSON,11,10,0,Not a Collision with Motor Vehicle In-Transport,3,2,Dark - Not Lighted,1,Clear,2,Nighttime,YES"
280,2012040583,40583,1,1,0,2,15,MOHAVE,0,NONE LISTED,19,10,0,Not a Collision with Motor Vehicle In-Transport,1,5,Dusk,1,Clear,2,Nighttime,YES,"280,2012040583,40583,1,1,0,2,15,MOHAVE,0,NONE LISTED,19,10,0,Not a Collision with Motor Vehicle In-Transport,1,5,Dusk,1,Clear,2,Nighttime,YES"
281,2012040584,40584,1,1,1,1,17,NAVAJO,240,HOLBROOK,22,10,0,Not a Collision with Motor Vehicle In-Transport,1,3,Dark - Lighted,1,Clear,2,Nighttime,NO,"281,2012040584,40584,1,1,1,1,17,NAVAJO,240,HOLBROOK,22,10,0,Not a Collision with Motor Vehicle In-Transport,1,3,Dark - Lighted,1,Clear,2,Nighttime,NO"
282,2012040585,40585,2,1,0,1,17,NAVAJO,489,TAYLOR,27,10,0,Not a Collision with Motor Vehicle In-Transport,7,2,Dark - Not Lighted,1,Clear,2,Nighttime,YES,"282,2012040585,40585,2,1,0,1,17,NAVAJO,489,TAYLOR,27,10,0,Not a Collision with Motor Vehicle In-Transport,7,2,Dark - Not Lighted,1,Clear,2,Nighttime,YES"
283,2012040586,40586,1,1,0,3,5,COCONINO,0,NONE LISTED,1,9,0,Not a Collision with Motor Vehicle In-Transport,99,9,Unknown,99,Unknown,3,Unknown,YES,"283,2012040586,40586,1,1,0,3,5,COCONINO,0,NONE LISTED,1,9,0,Not a Collision with Motor Vehicle In-Transport,99,9,Unknown,99,Unknown,3,Unknown,YES"
284,2012040587,40587,2,2,0,5,1,APACHE,0,NONE LISTED,4,9,99,Unknown,1,8,Not Reported,98,Not Reported,2,Nighttime,NO,"284,2012040587,40587,2,2,0,5,1,APACHE,0,NONE LISTED,4,9,99,Unknown,1,8,Not Reported,98,Not Reported,2,Nighttime,NO"
285,2012040588,40588,1,1,0,1,21,PINAL,0,NONE LISTED,1,9,0,Not a Collision with Motor Vehicle In-Transport,1,2,Dark - Not Lighted,10,Cloudy,2,Nighttime,NO,"285,2012040588,40588,1,1,0,1,21,PINAL,0,NONE LISTED,1,9,0,Not a Collision with Motor Vehicle In-Transport,1,2,Dark - Not Lighted,10,Cloudy,2,Nighttime,NO"
286,2012040589,40589,1,1,1,1,1,APACHE,0,NONE LISTED,2,9,0,Not a Collision with Motor Vehicle In-Transport,99,9,Unknown,99,Unknown,3,Unknown,YES,"286,2012040589,40589,1,1,1,1,1,APACHE,0,NONE LISTED,2,9,0,Not a Collision with Motor Vehicle In-Transport,99,9,Unknown,99,Unknown,3,Unknown,YES"
287,2012040590,40590,1,1,0,3,21,PINAL,0,NONE LISTED,2,9,0,Not a Collision with Motor Vehicle In-Transport,4,6,Dark - Unknown Lighting,99,Unknown,2,Nighttime,YES,"287,2012040590,40590,1,1,0,3,21,PINAL,0,NONE LISTED,2,9,0,Not a Collision with Motor Vehicle In-Transport,4,6,Dark - Unknown Lighting,99,Unknown,2,Nighttime,YES"
288,2012040592,40592,1,1,0,2,17,NAVAJO,0,NONE LISTED,3,9,0,Not a Collision with Motor Vehicle In-Transport,99,9,Unknown,99,Unknown,3,Unknown,YES,"288,2012040592,40592,1,1,0,2,17,NAVAJO,0,NONE LISTED,3,9,0,Not a Collision with Motor Vehicle In-Transport,99,9,Unknown,99,Unknown,3,Unknown,YES"
289,2012040593,40593,1,1,1,3,13,MARICOPA,227,GUADALUPE,5,9,0,Not a Collision with Motor Vehicle In-Transport,1,1,Daylight,1,Clear,2,Nighttime,YES,"289,2012040593,40593,1,1,1,3,13,MARICOPA,227,GUADALUPE,5,9,0,Not a Collision with Motor Vehicle In-Transport,1,1,Daylight,1,Clear,2,Nighttime,YES"
290,2012040594,40594,1,1,0,1,1,APACHE,0,NONE LISTED,5,9,0,Not a Collision with Motor Vehicle In-Transport,4,5,Dusk,1,Clear,2,Nighttime,YES,"290,2012040594,40594,1,1,0,1,1,APACHE,0,NONE LISTED,5,9,0,Not a Collision with Motor Vehicle In-Transport,4,5,Dusk,1,Clear,2,Nighttime,YES"
291,2012040595,40595,1,1,0,5,1,APACHE,0,NONE LISTED,8,9,0,Not a Collision with Motor Vehicle In-Transport,1,6,Dark - Unknown Lighting,98,Not Reported,2,Nighttime,YES,"291,2012040595,40595,1,1,0,5,1,APACHE,0,NONE LISTED,8,9,0,Not a Collision with Motor Vehicle In-Transport,1,6,Dark - Unknown Lighting,98,Not Reported,2,Nighttime,YES"
292,2012040596,40596,1,1,0,1,3,COCHISE,0,NONE LISTED,8,9,0,Not a Collision with Motor Vehicle In-Transport,4,1,Daylight,98,Not Reported,3,Unknown,YES,"292,2012040596,40596,1,1,0,1,3,COCHISE,0,NONE LISTED,8,9,0,Not a Collision with Motor Vehicle In-Transport,4,1,Daylight,98,Not Reported,3,Unknown,YES"
293,2012040597,40597,1,1,1,1,5,COCONINO,170,FLAGSTAFF,9,9,0,Not a Collision with Motor Vehicle In-Transport,1,3,Dark - Lighted,1,Clear,2,Nighttime,NO,"293,2012040597,40597,1,1,1,1,5,COCONINO,170,FLAGSTAFF,9,9,0,Not a Collision with Motor Vehicle In-Transport,1,3,Dark - Lighted,1,Clear,2,Nighttime,NO"
294,2012040598,40598,2,2,0,2,21,PINAL,0,NONE LISTED,14,9,6,Angle,1,5,Dusk,1,Clear,2,Nighttime,NO,"294,2012040598,40598,2,2,0,2,21,PINAL,0,NONE LISTED,14,9,6,Angle,1,5,Dusk,1,Clear,2,Nighttime,NO"
295,2012040599,40599,2,2,0,2,13,MARICOPA,0,NONE LISTED,18,9,6,Angle,1,1,Daylight,1,Clear,1,Daytime,NO,"295,2012040599,40599,2,2,0,2,13,MARICOPA,0,NONE LISTED,18,9,6,Angle,1,1,Daylight,1,Clear,1,Daytime,NO"
296,2012040600,40600,1,1,0,2,3,COCHISE,580,WILLCOX,19,9,0,Not a Collision with Motor Vehicle In-Transport,99,9,Unknown,99,Unknown,3,Unknown,YES,"296,2012040600,40600,1,1,0,2,3,COCHISE,580,WILLCOX,19,9,0,Not a Collision with Motor Vehicle In-Transport,99,9,Unknown,99,Unknown,3,Unknown,YES"
297,2012040601,40601,1,1,0,1,5,COCONINO,0,NONE LISTED,20,9,0,Not a Collision with Motor Vehicle In-Transport,4,1,Daylight,1,Clear,1,Daytime,NO,"297,2012040601,40601,1,1,0,1,5,COCONINO,0,NONE LISTED,20,9,0,Not a Collision with Motor Vehicle In-Transport,4,1,Daylight,1,Clear,1,Daytime,NO"
298,2012040603,40603,1,1,1,2,1,APACHE,0,NONE LISTED,22,9,0,Not a Collision with Motor Vehicle In-Transport,1,2,Dark - Not Lighted,1,Clear,2,Nighttime,YES,"298,2012040603,40603,1,1,1,2,1,APACHE,0,NONE LISTED,22,9,0,Not a Collision with Motor Vehicle In-Transport,1,2,Dark - Not Lighted,1,Clear,2,Nighttime,YES"
299,2012040604,40604,1,1,0,1,1,APACHE,0,NONE LISTED,23,9,0,Not a Collision with Motor Vehicle In-Transport,99,1,Daylight,99,Unknown,1,Daytime,NO,"299,2012040604,40604,1,1,0,1,1,APACHE,0,NONE LISTED,23,9,0,Not a Collision with Motor Vehicle In-Transport,99,1,Daylight,99,Unknown,1,Daytime,NO"
300,2012040605,40605,2,2,0,3,1,APACHE,0,NONE LISTED,27,9,99,Unknown,99,1,Daylight,99,Unknown,1,Daytime,NO,"300,2012040605,40605,2,2,0,3,1,APACHE,0,NONE LISTED,27,9,99,Unknown,99,1,Daylight,99,Unknown,1,Daytime,NO"
301,2012040606,40606,3,3,0,3,13,MARICOPA,0,NONE LISTED,8,5,1,Front-to-Rear,1,1,Daylight,1,Clear,1,Daytime,NO,"301,2012040606,40606,3,3,0,3,13,MARICOPA,0,NONE LISTED,8,5,1,Front-to-Rear,1,1,Daylight,1,Clear,1,Daytime,NO"
302,2012040607,40607,1,1,0,2,17,NAVAJO,0,NONE LISTED,14,1,0,Not a Collision with Motor Vehicle In-Transport,4,1,Daylight,99,Unknown,1,Daytime,YES,"302,2012040607,40607,1,1,0,2,17,NAVAJO,0,NONE LISTED,14,1,0,Not a Collision with Motor Vehicle In-Transport,4,1,Daylight,99,Unknown,1,Daytime,YES"
303,2012040608,40608,1,1,0,2,13,MARICOPA,486,SURPRISE,26,5,0,Not a Collision with Motor Vehicle In-Transport,1,1,Daylight,1,Clear,1,Daytime,YES,"303,2012040608,40608,1,1,0,2,13,MARICOPA,486,SURPRISE,26,5,0,Not a Collision with Motor Vehicle In-Transport,1,1,Daylight,1,Clear,1,Daytime,YES"
304,2012040610,40610,1,1,0,1,3,COCHISE,0,NONE LISTED,12,10,0,Not a Collision with Motor Vehicle In-Transport,3,1,Daylight,1,Clear,1,Daytime,NO,"304,2012040610,40610,1,1,0,1,3,COCHISE,0,NONE LISTED,12,10,0,Not a Collision with Motor Vehicle In-Transport,3,1,Daylight,1,Clear,1,Daytime,NO"
305,2012040612,40612,1,1,0,1,13,MARICOPA,475,SUN CITY,19,10,0,Not a Collision with Motor Vehicle In-Transport,4,4,Dawn,1,Clear,1,Daytime,YES,"305,2012040612,40612,1,1,0,1,13,MARICOPA,475,SUN CITY,19,10,0,Not a Collision with Motor Vehicle In-Transport,4,4,Dawn,1,Clear,1,Daytime,YES"
306,2012040615,40615,2,2,0,4,13,MARICOPA,370,PHOENIX,2,10,6,Angle,1,1,Daylight,1,Clear,1,Daytime,NO,"306,2012040615,40615,2,2,0,4,13,MARICOPA,370,PHOENIX,2,10,6,Angle,1,1,Daylight,1,Clear,1,Daytime,NO"
307,2012040617,40617,1,1,0,1,15,MOHAVE,0,NONE LISTED,10,10,0,Not a Collision with Motor Vehicle In-Transport,99,1,Daylight,99,Unknown,1,Daytime,YES,"307,2012040617,40617,1,1,0,1,15,MOHAVE,0,NONE LISTED,10,10,0,Not a Collision with Motor Vehicle In-Transport,99,1,Daylight,99,Unknown,1,Daytime,YES"
308,2012040618,40618,2,2,0,2,13,MARICOPA,370,PHOENIX,12,10,11,Other,1,1,Daylight,1,Clear,1,Daytime,NO,"308,2012040618,40618,2,2,0,2,13,MARICOPA,370,PHOENIX,12,10,11,Other,1,1,Daylight,1,Clear,1,Daytime,NO"
309,2012040619,40619,1,1,0,2,21,PINAL,0,NONE LISTED,12,10,99,Unknown,99,1,Daylight,99,Unknown,1,Daytime,NO,"309,2012040619,40619,1,1,0,2,21,PINAL,0,NONE LISTED,12,10,99,Unknown,99,1,Daylight,99,Unknown,1,Daytime,NO"
310,2012040620,40620,1,1,1,1,13,MARICOPA,370,PHOENIX,12,10,0,Not a Collision with Motor Vehicle In-Transport,1,2,Dark - Not Lighted,1,Clear,2,Nighttime,YES,"310,2012040620,40620,1,1,1,1,13,MARICOPA,370,PHOENIX,12,10,0,Not a Collision with Motor Vehicle In-Transport,1,2,Dark - Not Lighted,1,Clear,2,Nighttime,YES"
311,2012040621,40621,1,1,0,1,13,MARICOPA,370,PHOENIX,13,10,0,Not a Collision with Motor Vehicle In-Transport,4,3,Dark - Lighted,1,Clear,2,Nighttime,NO,"311,2012040621,40621,1,1,0,1,13,MARICOPA,370,PHOENIX,13,10,0,Not a Collision with Motor Vehicle In-Transport,4,3,Dark - Lighted,1,Clear,2,Nighttime,NO"
312,2012040622,40622,1,1,1,2,13,MARICOPA,368,PEORIA,14,10,0,Not a Collision with Motor Vehicle In-Transport,1,1,Daylight,1,Clear,1,Daytime,NO,"312,2012040622,40622,1,1,1,2,13,MARICOPA,368,PEORIA,14,10,0,Not a Collision with Motor Vehicle In-Transport,1,1,Daylight,1,Clear,1,Daytime,NO"
313,2012040624,40624,1,1,0,1,13,MARICOPA,370,PHOENIX,16,10,0,Not a Collision with Motor Vehicle In-Transport,5,9,Unknown,99,Unknown,3,Unknown,NO,"313,2012040624,40624,1,1,0,1,13,MARICOPA,370,PHOENIX,16,10,0,Not a Collision with Motor Vehicle In-Transport,5,9,Unknown,99,Unknown,3,Unknown,NO"