index,accident_id,ST_CASE,VE_TOTAL,VE_FORMS,PEDS,PERSONS,COUNTY,county_name,CITY,city_name,DAY,MONTH,MAN_COLL,man_coll_lit,REL_ROAD,LGT_COND,lgt_cond_lit,WEATHER,weather_lit,A_TOD,a_tod_lit,DEAD,concatenated
314,2012040625,40625,1,1,0,1,13,MARICOPA,80,CHANDLER,20,10,0,Not a Collision with Motor Vehicle In-Transport,4,3,Dark - Lighted,1,Clear,2,Nighttime,YES,"314,2012040625,40625,1,1,0,1,13,MARICOPA,80,CHANDLER,20,10,0,Not a Collision with Motor Vehicle In-Transport,4,3,Dark - Lighted,1,Clear,2,Nighttime,YES"
315,2012040626,40626,2,2,0,2,13,MARICOPA,368,PEORIA,24,10,2,Front-to-Front,1,1,Daylight,99,Unknown,1,Daytime,NO,"315,2012040626,40626,2,2,0,2,13,MARICOPA,368,PEORIA,24,10,2,Front-to-Front,1,1,Daylight,99,Unknown,1,Daytime,NO"
316,2012040627,40627,1,1,0,1,17,NAVAJO,0,NONE LISTED,25,10,99,Unknown,99,1,Daylight,99,Unknown,1,Daytime,YES,"316,2012040627,40627,1,1,0,1,17,NAVAJO,0,NONE LISTED,25,10,99,Unknown,99,1,Daylight,99,Unknown,1,Daytime,YES"
317,2012040629,40629,2,2,0,3,13,MARICOPA,370,PHOENIX,25,10,2,Front-to-Front,1,2,Dark - Not Lighted,1,Clear,2,Nighttime,NO,"317,2012040629,40629,2,2,0,3,13,MARICOPA,370,PHOENIX,25,10,2,Front-to-Front,1,2,Dark - Not Lighted,1,Clear,2,Nighttime,NO"
318,2012040630,40630,1,1,0,2,13,MARICOPA,0,NONE LISTED,26,10,0,Not a Collision with Motor Vehicle In-Transport,3,2,Dark - Not Lighted,1,Clear,2,Nighttime,NO,"318,2012040630,40630,1,1,0,2,13,MARICOPA,0,NONE LISTED,26,10,0,Not a Collision with Motor Vehicle In-Transport,3,2,Dark - Not Lighted,1,Clear,2,Nighttime,NO"
319,2012040631,40631,2,2,0,2,13,MARICOPA,370,PHOENIX,29,10,6,Angle,1,3,Dark - Lighted,1,Clear,2,Nighttime,NO,"319,2012040631,40631,2,2,0,2,13,MARICOPA,370,PHOENIX,29,10,6,Angle,1,3,Dark - Lighted,1,Clear,2,Nighttime,NO"
320,2012040636,40636,2,2,0,3,25,YAVAPAI,386,PRESCOTT,1,11,2,Front-to-Front,1,1,Daylight,1,Clear,1,Daytime,NO,"320,2012040636,40636,2,2,0,3,25,YAVAPAI,386,PRESCOTT,1,11,2,Front-to-Front,1,1,Daylight,1,Clear,1,Daytime,NO"
321,2012040637,40637,1,1,1,1,13,MARICOPA,80,CHANDLER,2,11,0,Not a Collision with Motor Vehicle In-Transport,1,3,Dark - Lighted,1,Clear,2,Nighttime,YES,"321,2012040637,40637,1,1,1,1,13,MARICOPA,80,CHANDLER,2,11,0,Not a Collision with Motor Vehicle In-Transport,1,3,Dark - Lighted,1,Clear,2,Nighttime,YES"
322,2012040639,40639,2,2,0,2,15,MOHAVE,260,KINGMAN,5,11,6,Angle,1,3,Dark - Lighted,1,Clear,2,Nighttime,YES,"322,2012040639,40639,2,2,0,2,15,MOHAVE,260,KINGMAN,5,11,6,Angle,1,3,Dark - Lighted,1,Clear,2,Nighttime,YES"
323,2012040641,40641,2,2,0,2,27,YUMA,0,NONE LISTED,6,11,6,Angle,1,2,Dark - Not Lighted,1,Clear,2,Nighttime,YES,"323,2012040641,40641,2,2,0,2,27,YUMA,0,NONE LISTED,6,11,6,Angle,1,2,Dark - Not Lighted,1,Clear,2,Nighttime,YES"
324,2012040642,40642,1,1,1,1,5,COCONINO,336,PAGE,9,11,0,Not a Collision with Motor Vehicle In-Transport,1,5,Dusk,1,Clear,1,Daytime,NO,"324,2012040642,40642,1,1,1,1,5,COCONINO,336,PAGE,9,11,0,Not a Collision with Motor Vehicle In-Transport,1,5,Dusk,1,Clear,1,Daytime,NO"
325,2012040646,40646,1,1,0,1,3,COCHISE,0,NONE LISTED,12,11,0,Not a Collision with Motor Vehicle In-Transport,5,1,Daylight,10,Cloudy,3,Unknown,NO,"325,2012040646,40646,1,1,0,1,3,COCHISE,0,NONE LISTED,12,11,0,Not a Collision with Motor Vehicle In-Transport,5,1,Daylight,10,Cloudy,3,Unknown,NO"
326,2012040647,40647,1,1,1,1,21,PINAL,487,SUPERIOR,12,11,0,Not a Collision with Motor Vehicle In-Transport,1,3,Dark - Lighted,1,Clear,2,Nighttime,NO,"326,2012040647,40647,1,1,1,1,21,PINAL,487,SUPERIOR,12,11,0,Not a Collision with Motor Vehicle In-Transport,1,3,Dark - Lighted,1,Clear,2,Nighttime,NO"
327,2012040650,40650,2,1,0,1,1,APACHE,0,NONE LISTED,14,11,0,Not a Collision with Motor Vehicle In-Transport,3,1,Daylight,1,Clear,1,Daytime,NO,"327,2012040650,40650,2,1,0,1,1,APACHE,0,NONE LISTED,14,11,0,Not a Collision with Motor Vehicle In-Transport,3,1,Daylight,1,Clear,1,Daytime,NO"
328,2012040652,40652,2,2,0,2,13,MARICOPA,190,GILBERT,16,11,6,Angle,1,5,Dusk,1,Clear,1,Daytime,YES,"328,2012040652,40652,2,2,0,2,13,MARICOPA,190,GILBERT,16,11,6,Angle,1,5,Dusk,1,Clear,1,Daytime,YES"
329,2012040653,40653,1,1,1,1,25,YAVAPAI,386,PRESCOTT,17,11,0,Not a Collision with Motor Vehicle In-Transport,1,3,Dark - Lighted,10,Cloudy,1,Daytime,NO,"329,2012040653,40653,1,1,1,1,25,YAVAPAI,386,PRESCOTT,17,11,0,Not a Collision with Motor Vehicle In-Transport,1,3,Dark - Lighted,10,Cloudy,1,Daytime,NO"
330,2012040655,40655,2,2,0,4,12,LA PAZ,0,NONE LISTED,18,11,2,Front-to-Front,1,1,Daylight,1,Clear,1,Daytime,NO,"330,2012040655,40655,2,2,0,4,12,LA PAZ,0,NONE LISTED,18,11,2,Front-to-Front,1,1,Daylight,1,Clear,1,Daytime,NO"
331,2012040660,40660,1,1,0,1,12,LA PAZ,0,NONE LISTED,21,11,0,Not a Collision with Motor Vehicle In-Transport,4,2,Dark - Not Lighted,1,Clear,3,Unknown,YES,"331,2012040660,40660,1,1,0,1,12,LA PAZ,0,NONE LISTED,21,11,0,Not a Collision with Motor Vehicle In-Transport,4,2,Dark - Not Lighted,1,Clear,3,Unknown,YES"
332,2012040661,40661,4,4,0,6,13,MARICOPA,370,PHOENIX,22,11,6,Angle,1,1,Daylight,1,Clear,1,Daytime,NO,"332,2012040661,40661,4,4,0,6,13,MARICOPA,370,PHOENIX,22,11,6,Angle,1,1,Daylight,1,Clear,1,Daytime,NO"
333,2012040662,40662,1,1,0,3,19,PIMA,0,NONE LISTED,23,11,0,Not a Collision with Motor Vehicle In-Transport,4,1,Daylight,1,Clear,1,Daytime,NO,"333,2012040662,40662,1,1,0,3,19,PIMA,0,NONE LISTED,23,11,0,Not a Collision with Motor Vehicle In-Transport,4,1,Daylight,1,Clear,1,Daytime,NO"
334,2012040665,40665,2,2,0,2,13,MARICOPA,190,GILBERT,23,11,6,Angle,1,3,Dark - Lighted,1,Clear,2,Nighttime,NO,"334,2012040665,40665,2,2,0,2,13,MARICOPA,190,GILBERT,23,11,6,Angle,1,3,Dark - Lighted,1,Clear,2,Nighttime,NO"
335,2012040667,40667,3,3,0,3,21,PINAL,0,NONE LISTED,27,11,6,Angle,1,2,Dark - Not Lighted,1,Clear,2,Nighttime,YES,"335,2012040667,40667,3,3,0,3,21,PINAL,0,NONE LISTED,27,11,6,Angle,1,2,Dark - Not Lighted,1,Clear,2,Nighttime,YES"
336,2012040671,40671,1,1,0,1,25,YAVAPAI,82,CHINO VALLEY,1,12,0,Not a Collision with Motor Vehicle In-Transport,4,3,Dark - Lighted,1,Clear,2,Nighttime,YES,"336,2012040671,40671,1,1,0,1,25,YAVAPAI,82,CHINO VALLEY,1,12,0,Not a Collision with Motor Vehicle In-Transport,4,3,Dark - Lighted,1,Clear,2,Nighttime,YES"
337,2012040672,40672,1,1,0,1,19,PIMA,0,NONE LISTED,1,12,0,Not a Collision with Motor Vehicle In-Transport,4,1,Daylight,1,Clear,1,Daytime,NO,"337,2012040672,40672,1,1,0,1,19,PIMA,0,NONE LISTED,1,12,0,Not a Collision with Motor Vehicle In-Transport,4,1,Daylight,1,Clear,1,Daytime,NO"
338,2012040673,40673,2,2,0,3,13,MARICOPA,0,NONE LISTED,1,12,6,Angle,1,1,Daylight,10,Cloudy,1,Daytime,NO,"338,2012040673,40673,2,2,0,3,13,MARICOPA,0,NONE LISTED,1,12,6,Angle,1,1,Daylight,10,Cloudy,1,Daytime,NO"
339,2012040674,40674,2,2,0,3,13,MARICOPA,290,MESA,2,12,6,Angle,1,1,Daylight,1,Clear,1,Daytime,NO,"339,2012040674,40674,2,2,0,3,13,MARICOPA,290,MESA,2,12,6,Angle,1,1,Daylight,1,Clear,1,Daytime,NO"
340,2012040683,40683,2,2,0,2,13,MARICOPA,200,GLENDALE,9,12,1,Front-to-Rear,1,1,Daylight,1,Clear,1,Daytime,NO,"340,2012040683,40683,2,2,0,2,13,MARICOPA,200,GLENDALE,9,12,1,Front-to-Rear,1,1,Daylight,1,Clear,1,Daytime,NO"
341,2012040684,40684,1,1,1,1,13,MARICOPA,370,PHOENIX,10,12,0,Not a Collision with Motor Vehicle In-Transport,1,1,Daylight,1,Clear,1,Daytime,NO,"341,2012040684,40684,1,1,1,1,13,MARICOPA,370,PHOENIX,10,12,0,Not a Collision with Motor Vehicle In-Transport,1,1,Daylight,1,Clear,1,Daytime,NO"
342,2012040685,40685,1,1,0,1,19,PIMA,530,TUCSON,10,12,0,Not a Collision with Motor Vehicle In-Transport,4,1,Daylight,1,Clear,1,Daytime,YES,"342,2012040685,40685,1,1,0,1,19,PIMA,530,TUCSON,10,12,0,Not a Collision with Motor Vehicle In-Transport,4,1,Daylight,1,Clear,1,Daytime,YES"
343,2012040687,40687,2,2,0,3,19,PIMA,530,TUCSON,15,12,2,Front-to-Front,1,3,Dark - Lighted,10,Cloudy,2,Nighttime,YES,"343,2012040687,40687,2,2,0,3,19,PIMA,530,TUCSON,15,12,2,Front-to-Front,1,3,Dark - Lighted,10,Cloudy,2,Nighttime,YES"
344,2012040689,40689,2,2,0,3,13,MARICOPA,290,MESA,17,12,2,Front-to-Front,1,1,Daylight,1,Clear,1,Daytime,YES,"344,2012040689,40689,2,2,0,3,13,MARICOPA,290,MESA,17,12,2,Front-to-Front,1,1,Daylight,1,Clear,1,Daytime,YES"
345,2012040690,40690,1,1,1,2,21,PINAL,70,CASA GRANDE,18,12,0,Not a Collision with Motor Vehicle In-Transport,1,1,Daylight,1,Clear,1,Daytime,NO,"345,2012040690,40690,1,1,1,2,21,PINAL,70,CASA GRANDE,18,12,0,Not a Collision with Motor Vehicle In-Transport,1,1,Daylight,1,Clear,1,Daytime,NO"
346,2012040696,40696,1,1,0,1,13,MARICOPA,290,MESA,4,11,0,Not a Collision with Motor Vehicle In-Transport,4,1,Daylight,1,Clear,1,Daytime,YES,"346,2012040696,40696,1,1,0,1,13,MARICOPA,290,MESA,4,11,0,Not a Collision with Motor Vehicle In-Transport,4,1,Daylight,1,Clear,1,Daytime,YES"
347,2012040699,40699,1,1,0,2,5,COCONINO,0,NONE LISTED,10,11,0,Not a Collision with Motor Vehicle In-Transport,99,9,Unknown,99,Unknown,1,Daytime,YES,"347,2012040699,40699,1,1,0,2,5,COCONINO,0,NONE LISTED,10,11,0,Not a Collision with Motor Vehicle In-Transport,99,9,Unknown,99,Unknown,1,Daytime,YES"
348,2012040704,40704,1,1,0,2,1,APACHE,0,NONE LISTED,19,11,0,Not a Collision with Motor Vehicle In-Transport,4,9,Unknown,99,Unknown,3,Unknown,NO,"348,2012040704,40704,1,1,0,2,1,APACHE,0,NONE LISTED,19,11,0,Not a Collision with Motor Vehicle In-Transport,4,9,Unknown,99,Unknown,3,Unknown,NO"
349,2012040705,40705,1,1,0,2,17,NAVAJO,0,NONE LISTED,21,11,99,Unknown,99,9,Unknown,99,Unknown,3,Unknown,YES,"349,2012040705,40705,1,1,0,2,17,NAVAJO,0,NONE LISTED,21,11,99,Unknown,99,9,Unknown,99,Unknown,3,Unknown,YES"
350,2012040708,40708,2,2,0,4,21,PINAL,160,ELOY,6,12,6,Angle,1,1,Daylight,1,Clear,1,Daytime,YES,"350,2012040708,40708,2,2,0,4,21,PINAL,160,ELOY,6,12,6,Angle,1,1,Daylight,1,Clear,1,Daytime,YES"
351,2012040709,40709,1,1,0,1,19,PIMA,530,TUCSON,9,11,0,Not a Collision with Motor Vehicle In-Transport,4,6,Dark - Unknown Lighting,98,Not Reported,2,Nighttime,YES,"351,2012040709,40709,1,1,0,1,19,PIMA,530,TUCSON,9,11,0,Not a Collision with Motor Vehicle In-Transport,4,6,Dark - Unknown Lighting,98,Not Reported,2,Nighttime,YES"
352,2012040710,40710,1,1,0,1,1,APACHE,470,SPRINGERVILLE,12,12,0,Not a Collision with Motor Vehicle In-Transport,4,2,Dark - Not Lighted,1,Clear,2,Nighttime,NO,"352,2012040710,40710,1,1,0,1,1,APACHE,470,SPRINGERVILLE,12,12,0,Not a Collision with Motor Vehicle In-Transport,4,2,Dark - Not Lighted,1,Clear,2,Nighttime,NO"
353,2012040712,40712,1,1,0,2,13,MARICOPA,200,GLENDALE,9,12,0,Not a Collision with Motor Vehicle In-Transport,4,1,Daylight,1,Clear,1,Daytime,YES,"353,2012040712,40712,1,1,0,2,13,MARICOPA,200,GLENDALE,9,12,0,Not a Collision with Motor Vehicle In-Transport,4,1,Daylight,1,Clear,1,Daytime,YES"
354,2012040713,40713,2,1,0,1,5,COCONINO,0,NONE LISTED,12,12,0,Not a Collision with Motor Vehicle In-Transport,4,4,Dawn,1,Clear,1,Daytime,YES,"354,2012040713,40713,2,1,0,1,5,COCONINO,0,NONE LISTED,12,12,0,Not a Collision with Motor Vehicle In-Transport,4,4,Dawn,1,Clear,1,Daytime,YES"
355,2012040715,40715,2,2,0,3,5,COCONINO,0,NONE LISTED,15,12,2,Front-to-Front,1,1,Daylight,11,Blowing Snow,1,Daytime,YES,"355,2012040715,40715,2,2,0,3,5,COCONINO,0,NONE LISTED,15,12,2,Front-to-Front,1,1,Daylight,11,Blowing Snow,1,Daytime,YES"
356,2012040721,40721,1,1,0,1,13,MARICOPA,200,GLENDALE,2,12,0,Not a Collision with Motor Vehicle In-Transport,1,3,Dark - Lighted,1,Clear,2,Nighttime,YES,"356,2012040721,40721,1,1,0,1,13,MARICOPA,200,GLENDALE,2,12,0,Not a Collision with Motor Vehicle In-Transport,1,3,Dark - Lighted,1,Clear,2,Nighttime,YES"
357,2012040722,40722,2,2,0,2,13,MARICOPA,370,PHOENIX,4,12,6,Angle,1,3,Dark - Lighted,1,Clear,2,Nighttime,YES,"357,2012040722,40722,2,2,0,2,13,MARICOPA,370,PHOENIX,4,12,6,Angle,1,3,Dark - Lighted,1,Clear,2,Nighttime,YES"
358,2012040723,40723,1,1,0,2,21,PINAL,0,NONE LISTED,8,12,0,Not a Collision with Motor Vehicle In-Transport,6,9,Unknown,99,Unknown,3,Unknown,NO,"358,2012040723,40723,1,1,0,2,21,PINAL,0,NONE LISTED,8,12,0,Not a Collision with Motor Vehicle In-Transport,6,9,Unknown,99,Unknown,3,Unknown,NO"
359,2012040724,40724,1,1,1,2,13,MARICOPA,370,PHOENIX,11,12,0,Not a Collision with Motor Vehicle In-Transport,1,3,Dark - Lighted,1,Clear,2,Nighttime,NO,"359,2012040724,40724,1,1,1,2,13,MARICOPA,370,PHOENIX,11,12,0,Not a Collision with Motor Vehicle In-Transport,1,3,Dark - Lighted,1,Clear,2,Nighttime,NO"
360,2012040725,40725,1,1,1,1,13,MARICOPA,370,PHOENIX,12,12,0,Not a Collision with Motor Vehicle In-Transport,1,3,Dark - Lighted,1,Clear,2,Nighttime,YES,"360,2012040725,40725,1,1,1,1,13,MARICOPA,370,PHOENIX,12,12,0,Not a Collision with Motor Vehicle In-Transport,1,3,Dark - Lighted,1,Clear,2,Nighttime,YES"
361,2012040726,40726,1,1,0,1,12,LA PAZ,0,NONE LISTED,13,12,0,Not a Collision with Motor Vehicle In-Transport,6,1,Daylight,99,Unknown,1,Daytime,YES,"361,2012040726,40726,1,1,0,1,12,LA PAZ,0,NONE LISTED,13,12,0,Not a Collision with Motor Vehicle In-Transport,6,1,Daylight,99,Unknown,1,Daytime,YES"
362,2012040728,40728,2,2,0,2,13,MARICOPA,0,NONE LISTED,16,12,2,Front-to-Front,1,2,Dark - Not Lighted,10,Cloudy,2,Nighttime,NO,"362,2012040728,40728,2,2,0,2,13,MARICOPA,0,NONE LISTED,16,12,2,Front-to-Front,1,2,Dark - Not Lighted,10,Cloudy,2,Nighttime,NO"
363,2012040729,40729,2,2,0,2,13,MARICOPA,370,PHOENIX,18,12,6,Angle,1,1,Daylight,1,Clear,1,Daytime,YES,"363,2012040729,40729,2,2,0,2,13,MARICOPA,370,PHOENIX,18,12,6,Angle,1,1,Daylight,1,Clear,1,Daytime,YES"
364,2012040730,40730,2,2,0,6,21,PINAL,0,NONE LISTED,22,12,2,Front-to-Front,1,1,Daylight,1,Clear,1,Daytime,NO,"364,2012040730,40730,2,2,0,6,21,PINAL,0,NONE LISTED,22,12,2,Front-to-Front,1,1,Daylight,1,Clear,1,Daytime,NO"
365,2012040733,40733,1,1,0,1,21,PINAL,0,NONE LISTED,25,12,99,Unknown,99,1,Daylight,99,Unknown,1,Daytime,NO,"365,2012040733,40733,1,1,0,1,21,PINAL,0,NONE LISTED,25,12,99,Unknown,99,1,Daylight,99,Unknown,1,Daytime,NO"
366,2012040734,40734,2,2,0,5,13,MARICOPA,80,CHANDLER,26,12,6,Angle,1,1,Daylight,1,Clear,1,Daytime,NO,"366,2012040734,40734,2,2,0,5,13,MARICOPA,80,CHANDLER,26,12,6,Angle,1,1,Daylight,1,Clear,1,Daytime,NO"
367,2012040736,40736,1,1,0,1,13,MARICOPA,370,PHOENIX,27,12,0,Not a Collision with Motor Vehicle In-Transport,4,1,Daylight,1,Clear,1,Daytime,NO,"367,2012040736,40736,1,1,0,1,13,MARICOPA,370,PHOENIX,27,12,0,Not a Collision with Motor Vehicle In-Transport,4,1,Daylight,1,Clear,1,Daytime,NO"
368,2012040738,40738,1,1,0,3,13,MARICOPA,200,GLENDALE,30,12,0,Not a Collision with Motor Vehicle In-Transport,3,3,Dark - Lighted,1,Clear,2,Nighttime,NO,"368,2012040738,40738,1,1,0,3,13,MARICOPA,200,GLENDALE,30,12,0,Not a Collision with Motor Vehicle In-Transport,3,3,Dark - Lighted,1,Clear,2,Nighttime,NO"
369,2012040739,40739,1,1,1,0,21,PINAL,0,NONE LISTED,14,7,0,Not a Collision with Motor Vehicle In-Transport,1,1,Daylight,99,Unknown,1,Daytime,NO,"369,2012040739,40739,1,1,1,0,21,PINAL,0,NONE LISTED,14,7,0,Not a Collision with Motor Vehicle In-Transport,1,1,Daylight,99,Unknown,1,Daytime,NO"
370,2012040740,40740,1,1,0,6,1,APACHE,0,NONE LISTED,4,12,99,Unknown,99,6,Dark - Unknown Lighting,99,Unknown,2,Nighttime,NO,"370,2012040740,40740,1,1,0,6,1,APACHE,0,NONE LISTED,4,12,99,Unknown,99,6,Dark - Unknown Lighting,99,Unknown,2,Nighttime,NO"
371,2012040741,40741,1,1,1,1,13,MARICOPA,60,BUCKEYE,21,12,0,Not a Collision with Motor Vehicle In-Transport,1,1,Daylight,10,Cloudy,1,Daytime,YES,"371,2012040741,40741,1,1,1,1,13,MARICOPA,60,BUCKEYE,21,12,0,Not a Collision with Motor Vehicle In-Transport,1,1,Daylight,10,Cloudy,1,Daytime,YES"
372,2012040742,40742,1,1,0,1,17,NAVAJO,0,NONE LISTED,8,9,0,Not a Collision with Motor Vehicle In-Transport,99,9,Unknown,99,Unknown,3,Unknown,NO,"372,2012040742,40742,1,1,0,1,17,NAVAJO,0,NONE LISTED,8,9,0,Not a Collision with Motor Vehicle In-Transport,99,9,Unknown,99,Unknown,3,Unknown,NO"
373,2012040743,40743,1,1,0,2,5,COCONINO,0,NONE LISTED,9,10,0,Not a Collision with Motor Vehicle In-Transport,6,1,Daylight,99,Unknown,1,Daytime,NO,"373,2012040743,40743,1,1,0,2,5,COCONINO,0,NONE LISTED,9,10,0,Not a Collision with Motor Vehicle In-Transport,6,1,Daylight,99,Unknown,1,Daytime,NO"
374,2012040746,40746,2,2,0,2,3,COCHISE,0,NONE LISTED,3,12,99,Unknown,1,1,Daylight,1,Clear,1,Daytime,NO,"374,2012040746,40746,2,2,0,2,3,COCHISE,0,NONE LISTED,3,12,99,Unknown,1,1,Daylight,1,Clear,1,Daytime,NO"
375,2012040747,40747,2,2,0,2,21,PINAL,0,NONE LISTED,14,12,6,Angle,1,1,Daylight,2,Rain,1,Daytime,NO,"375,2012040747,40747,2,2,0,2,21,PINAL,0,NONE LISTED,14,12,6,Angle,1,1,Daylight,2,Rain,1,Daytime,NO"
376,2012040748,40748,1,1,1,1,13,MARICOPA,370,PHOENIX,31,12,0,Not a Collision with Motor Vehicle In-Transport,1,3,Dark - Lighted,1,Clear,2,Nighttime,NO,"376,2012040748,40748,1,1,1,1,13,MARICOPA,370,PHOENIX,31,12,0,Not a Collision with Motor Vehicle In-Transport,1,3,Dark - Lighted,1,Clear,2,Nighttime,NO"
377,2012040749,40749,1,1,0,2,13,MARICOPA,370,PHOENIX,26,11,0,Not a Collision with Motor Vehicle In-Transport,4,3,Dark - Lighted,1,Clear,2,Nighttime,NO,"377,2012040749,40749,1,1,0,2,13,MARICOPA,370,PHOENIX,26,11,0,Not a Collision with Motor Vehicle In-Transport,4,3,Dark - Lighted,1,Clear,2,Nighttime,NO"
378,2012040750,40750,1,1,0,1,999,999,9999,UNKNOWN,31,10,0,Not a Collision with Motor Vehicle In-Transport,6,9,Unknown,99,Unknown,3,Unknown,YES,"378,2012040750,40750,1,1,0,1,999,999,9999,UNKNOWN,31,10,0,Not a Collision with Motor Vehicle In-Transport,6,9,Unknown,99,Unknown,3,Unknown,YES"
379,2012040751,40751,1,1,2,1,1,APACHE,0,NONE LISTED,21,5,0,Not a Collision with Motor Vehicle In-Transport,1,3,Dark - Lighted,1,Clear,2,Nighttime,YES,"379,2012040751,40751,1,1,2,1,1,APACHE,0,NONE LISTED,21,5,0,Not a Collision with Motor Vehicle In-Transport,1,3,Dark - Lighted,1,Clear,2,Nighttime,YES"
380,2012040752,40752,1,1,0,2,1,APACHE,0,NONE LISTED,2,9,0,Not a Collision with Motor Vehicle In-Transport,99,9,Unknown,99,Unknown,3,Unknown,NO,"380,2012040752,40752,1,1,0,2,1,APACHE,0,NONE LISTED,2,9,0,Not a Collision with Motor Vehicle In-Transport,99,9,Unknown,99,Unknown,3,Unknown,NO"
381,2012040753,40753,1,1,0,2,17,NAVAJO,0,NONE LISTED,7,2,0,Not a Collision with Motor Vehicle In-Transport,1,9,Unknown,99,Unknown,3,Unknown,YES,"381,2012040753,40753,1,1,0,2,17,NAVAJO,0,NONE LISTED,7,2,0,Not a Collision with Motor Vehicle In-Transport,1,9,Unknown,99,Unknown,3,Unknown,YES"
382,2012040754,40754,1,1,1,1,1,APACHE,0,NONE LISTED,8,12,0,Not a Collision with Motor Vehicle In-Transport,99,9,Unknown,99,Unknown,3,Unknown,YES,"382,2012040754,40754,1,1,1,1,1,APACHE,0,NONE LISTED,8,12,0,Not a Collision with Motor Vehicle In-Transport,99,9,Unknown,99,Unknown,3,Unknown,YES"
383,2013040005,40005,2,2,0,2,3,COCHISE,0,NONE LISTED,7,1,2,Front-to-Front,1,4,Dawn,1,Clear,1,Daytime,YES,"383,2013040005,40005,2,2,0,2,3,COCHISE,0,NONE LISTED,7,1,2,Front-to-Front,1,4,Dawn,1,Clear,1,Daytime,YES"
384,2013040010,40010,2,2,0,4,17,NAVAJO,262,PINETOP-LAKESIDE,11,1,2,Front-to-Front,1,1,Daylight,10,Cloudy,1,Daytime,NO,"384,2013040010,40010,2,2,0,4,17,NAVAJO,262,PINETOP-LAKESIDE,11,1,2,Front-to-Front,1,1,Daylight,10,Cloudy,1,Daytime,NO"
385,2013040012,40012,1,1,1,1,19,PIMA,0,NONE LISTED,11,1,0,Not a Collision with Motor Vehicle In-Transport,1,2,Dark - Not Lighted,1,Clear,2,Nighttime,NO,"385,2013040012,40012,1,1,1,1,19,PIMA,0,NONE LISTED,11,1,0,Not a Collision with Motor Vehicle In-Transport,1,2,Dark - Not Lighted,1,Clear,2,Nighttime,NO"
386,2013040014,40014,1,1,0,1,23,SANTA CRUZ,330,NOGALES,13,1,0,Not a Collision with Motor Vehicle In-Transport,4,1,Daylight,1,Clear,1,Daytime,YES,"386,2013040014,40014,1,1,0,1,23,SANTA CRUZ,330,NOGALES,13,1,0,Not a Collision with Motor Vehicle In-Transport,4,1,Daylight,1,Clear,1,Daytime,YES"
387,2013040015,40015,1,1,0,1,3,COCHISE,50,LOWELL,16,1,0,Not a Collision with Motor Vehicle In-Transport,4,1,Daylight,1,Clear,1,Daytime,NO,"387,2013040015,40015,1,1,0,1,3,COCHISE,50,LOWELL,16,1,0,Not a Collision with Motor Vehicle In-Transport,4,1,Daylight,1,Clear,1,Daytime,NO"
388,2013040016,40016,1,1,0,2,25,YAVAPAI,0,NONE LISTED,17,1,0,Not a Collision with Motor Vehicle In-Transport,4,1,Daylight,1,Clear,1,Daytime,NO,"388,2013040016,40016,1,1,0,2,25,YAVAPAI,0,NONE LISTED,17,1,0,Not a Collision with Motor Vehicle In-Transport,4,1,Daylight,1,Clear,1,Daytime,NO"
389,2013040017,40017,2,2,0,3,13,MARICOPA,290,MESA,19,1,99,Unknown,1,1,Daylight,1,Clear,1,Daytime,NO,"389,2013040017,40017,2,2,0,3,13,MARICOPA,290,MESA,19,1,99,Unknown,1,1,Daylight,1,Clear,1,Daytime,NO"
390,2013040018,40018,1,1,0,3,19,PIMA,0,NONE LISTED,20,1,0,Not a Collision with Motor Vehicle In-Transport,5,2,Dark - Not Lighted,1,Clear,2,Nighttime,NO,"390,2013040018,40018,1,1,0,3,19,PIMA,0,NONE LISTED,20,1,0,Not a Collision with Motor Vehicle In-Transport,5,2,Dark - Not Lighted,1,Clear,2,Nighttime,NO"
391,2013040021,40021,1,1,0,1,19,PIMA,530,TUCSON,20,1,0,Not a Collision with Motor Vehicle In-Transport,4,2,Dark - Not Lighted,1,Clear,2,Nighttime,NO,"391,2013040021,40021,1,1,0,1,19,PIMA,530,TUCSON,20,1,0,Not a Collision with Motor Vehicle In-Transport,4,2,Dark - Not Lighted,1,Clear,2,Nighttime,NO"
392,2013040022,40022,2,2,1,2,27,YUMA,620,YUMA,21,1,0,Not a Collision with Motor Vehicle In-Transport,1,3,Dark - Lighted,1,Clear,2,Nighttime,YES,"392,2013040022,40022,2,2,1,2,27,YUMA,620,YUMA,21,1,0,Not a Collision with Motor Vehicle In-Transport,1,3,Dark - Lighted,1,Clear,2,Nighttime,YES"
393,2013040023,40023,3,3,0,5,25,YAVAPAI,373,PRESCOTT VALLEY,22,1,1,Front-to-Rear,1,1,Daylight,1,Clear,1,Daytime,YES,"393,2013040023,40023,3,3,0,5,25,YAVAPAI,373,PRESCOTT VALLEY,22,1,1,Front-to-Rear,1,1,Daylight,1,Clear,1,Daytime,YES"
394,2013040024,40024,3,3,0,5,13,MARICOPA,0,NONE LISTED,22,1,0,Not a Collision with Motor Vehicle In-Transport,1,3,Dark - Lighted,1,Clear,2,Nighttime,NO,"394,2013040024,40024,3,3,0,5,13,MARICOPA,0,NONE LISTED,22,1,0,Not a Collision with Motor Vehicle In-Transport,1,3,Dark - Lighted,1,Clear,2,Nighttime,NO"