index,accident_id,ST_CASE,VE_TOTAL,VE_FORMS,PEDS,PERSONS,COUNTY,county_name,CITY,city_name,DAY,MONTH,MAN_COLL,man_coll_lit,REL_ROAD,LGT_COND,lgt_cond_lit,WEATHER,weather_lit,A_TOD,a_tod_lit,DEAD,concatenated
395,2013040026,40026,2,2,0,2,25,YAVAPAI,0,NONE LISTED,26,1,6,Angle,1,1,Daylight,2,Rain,1,Daytime,NO,"395,2013040026,40026,2,2,0,2,25,YAVAPAI,0,NONE LISTED,26,1,6,Angle,1,1,Daylight,2,Rain,1,Daytime,NO"
396,2013040031,40031,2,2,0,2,13,MARICOPA,475,SUN CITY,8,1,7,Sideswipe - Same Direction,1,1,Daylight,1,Clear,1,Daytime,NO,"396,2013040031,40031,2,2,0,2,13,MARICOPA,475,SUN CITY,8,1,7,Sideswipe - Same Direction,1,1,Daylight,1,Clear,1,Daytime,NO"
397,2013040034,40034,1,1,0,1,21,PINAL,0,NONE LISTED,4,1,0,Not a Collision with Motor Vehicle In-Transport,4,2,Dark - Not Lighted,1,Clear,2,Nighttime,NO,"397,2013040034,40034,1,1,0,1,21,PINAL,0,NONE LISTED,4,1,0,Not a Collision with Motor Vehicle In-Transport,4,2,Dark - Not Lighted,1,Clear,2,Nighttime,NO"
398,2013040035,40035,1,1,0,1,17,NAVAJO,0,NONE LISTED,23,1,0,Not a Collision with Motor Vehicle In-Transport,4,1,Daylight,1,Clear,1,Daytime,YES,"398,2013040035,40035,1,1,0,1,17,NAVAJO,0,NONE LISTED,23,1,0,Not a Collision with Motor Vehicle In-Transport,4,1,Daylight,1,Clear,1,Daytime,YES"
399,2013040036,40036,1,1,1,1,13,MARICOPA,370,PHOENIX,25,1,0,Not a Collision with Motor Vehicle In-Transport,1,3,Dark - Lighted,2,Rain,2,Nighttime,YES,"399,2013040036,40036,1,1,1,1,13,MARICOPA,370,PHOENIX,25,1,0,Not a Collision with Motor Vehicle In-Transport,1,3,Dark - Lighted,2,Rain,2,Nighttime,YES"
400,2013040037,40037,3,3,0,4,13,MARICOPA,290,MESA,26,1,6,Angle,1,1,Daylight,2,Rain,1,Daytime,YES,"400,2013040037,40037,3,3,0,4,13,MARICOPA,290,MESA,26,1,6,Angle,1,1,Daylight,2,Rain,1,Daytime,YES"
401,2013040039,40039,1,1,0,7,17,NAVAJO,0,NONE LISTED,2,1,0,Not a Collision with Motor Vehicle In-Transport,1,1,Daylight,1,Clear,1,Daytime,YES,"401,2013040039,40039,1,1,0,7,17,NAVAJO,0,NONE LISTED,2,1,0,Not a Collision with Motor Vehicle In-Transport,1,1,Daylight,1,Clear,1,Daytime,YES"
402,2013040040,40040,1,1,1,1,13,MARICOPA,370,PHOENIX,3,1,0,Not a Collision with Motor Vehicle In-Transport,1,3,Dark - Lighted,1,Clear,2,Nighttime,YES,"402,2013040040,40040,1,1,1,1,13,MARICOPA,370,PHOENIX,3,1,0,Not a Collision with Motor Vehicle In-Transport,1,3,Dark - Lighted,1,Clear,2,Nighttime,YES"
403,2013040042,40042,2,2,0,5,27,YUMA,0,NONE LISTED,4,1,11,Other,1,5,Dusk,10,Cloudy,1,Daytime,NO,"403,2013040042,40042,2,2,0,5,27,YUMA,0,NONE LISTED,4,1,11,Other,1,5,Dusk,10,Cloudy,1,Daytime,NO"
404,2013040045,40045,2,2,1,6,13,MARICOPA,370,PHOENIX,11,1,0,Not a Collision with Motor Vehicle In-Transport,1,3,Dark - Lighted,1,Clear,1,Daytime,NO,"404,2013040045,40045,2,2,1,6,13,MARICOPA,370,PHOENIX,11,1,0,Not a Collision with Motor Vehicle In-Transport,1,3,Dark - Lighted,1,Clear,1,Daytime,NO"
405,2013040046,40046,1,1,0,2,13,MARICOPA,370,PHOENIX,11,1,0,Not a Collision with Motor Vehicle In-Transport,4,3,Dark - Lighted,1,Clear,2,Nighttime,NO,"405,2013040046,40046,1,1,0,2,13,MARICOPA,370,PHOENIX,11,1,0,Not a Collision with Motor Vehicle In-Transport,4,3,Dark - Lighted,1,Clear,2,Nighttime,NO"
406,2013040047,40047,2,2,0,2,13,MARICOPA,370,PHOENIX,12,1,0,Not a Collision with Motor Vehicle In-Transport,1,5,Dusk,1,Clear,1,Daytime,NO,"406,2013040047,40047,2,2,0,2,13,MARICOPA,370,PHOENIX,12,1,0,Not a Collision with Motor Vehicle In-Transport,1,5,Dusk,1,Clear,1,Daytime,NO"
407,2013040048,40048,2,2,0,4,13,MARICOPA,0,NONE LISTED,15,1,6,Angle,1,1,Daylight,1,Clear,1,Daytime,NO,"407,2013040048,40048,2,2,0,4,13,MARICOPA,0,NONE LISTED,15,1,6,Angle,1,1,Daylight,1,Clear,1,Daytime,NO"
408,2013040051,40051,1,1,0,6,1,APACHE,0,NONE LISTED,16,1,0,Not a Collision with Motor Vehicle In-Transport,99,6,Dark - Unknown Lighting,99,Unknown,2,Nighttime,YES,"408,2013040051,40051,1,1,0,6,1,APACHE,0,NONE LISTED,16,1,0,Not a Collision with Motor Vehicle In-Transport,99,6,Dark - Unknown Lighting,99,Unknown,2,Nighttime,YES"
409,2013040052,40052,3,3,0,4,13,MARICOPA,370,PHOENIX,19,1,6,Angle,1,1,Daylight,1,Clear,1,Daytime,YES,"409,2013040052,40052,3,3,0,4,13,MARICOPA,370,PHOENIX,19,1,6,Angle,1,1,Daylight,1,Clear,1,Daytime,YES"
410,2013040053,40053,1,1,1,1,1,APACHE,0,NONE LISTED,19,1,0,Not a Collision with Motor Vehicle In-Transport,1,1,Daylight,99,Unknown,1,Daytime,YES,"410,2013040053,40053,1,1,1,1,1,APACHE,0,NONE LISTED,19,1,0,Not a Collision with Motor Vehicle In-Transport,1,1,Daylight,99,Unknown,1,Daytime,YES"
411,2013040054,40054,1,1,0,1,13,MARICOPA,370,PHOENIX,19,1,0,Not a Collision with Motor Vehicle In-Transport,4,1,Daylight,99,Unknown,1,Daytime,NO,"411,2013040054,40054,1,1,0,1,13,MARICOPA,370,PHOENIX,19,1,0,Not a Collision with Motor Vehicle In-Transport,4,1,Daylight,99,Unknown,1,Daytime,NO"
412,2013040055,40055,1,1,0,1,13,MARICOPA,60,BUCKEYE,20,1,0,Not a Collision with Motor Vehicle In-Transport,4,1,Daylight,1,Clear,1,Daytime,YES,"412,2013040055,40055,1,1,0,1,13,MARICOPA,60,BUCKEYE,20,1,0,Not a Collision with Motor Vehicle In-Transport,4,1,Daylight,1,Clear,1,Daytime,YES"
413,2013040056,40056,4,4,0,9,13,MARICOPA,290,MESA,27,1,2,Front-to-Front,1,1,Daylight,99,Unknown,1,Daytime,YES,"413,2013040056,40056,4,4,0,9,13,MARICOPA,290,MESA,27,1,2,Front-to-Front,1,1,Daylight,99,Unknown,1,Daytime,YES"
414,2013040057,40057,4,4,0,11,19,PIMA,0,NONE LISTED,27,1,1,Front-to-Rear,1,2,Dark - Not Lighted,1,Clear,2,Nighttime,YES,"414,2013040057,40057,4,4,0,11,19,PIMA,0,NONE LISTED,27,1,1,Front-to-Rear,1,2,Dark - Not Lighted,1,Clear,2,Nighttime,YES"
415,2013040062,40062,4,4,0,8,3,COCHISE,431,SIERRA VISTA,1,2,99,Unknown,1,1,Daylight,1,Clear,1,Daytime,YES,"415,2013040062,40062,4,4,0,8,3,COCHISE,431,SIERRA VISTA,1,2,99,Unknown,1,1,Daylight,1,Clear,1,Daytime,YES"
416,2013040066,40066,1,1,0,1,5,COCONINO,0,NONE LISTED,2,2,0,Not a Collision with Motor Vehicle In-Transport,4,1,Daylight,1,Clear,1,Daytime,NO,"416,2013040066,40066,1,1,0,1,5,COCONINO,0,NONE LISTED,2,2,0,Not a Collision with Motor Vehicle In-Transport,4,1,Daylight,1,Clear,1,Daytime,NO"
417,2013040067,40067,1,1,1,1,13,MARICOPA,420,SCOTTSDALE,4,2,0,Not a Collision with Motor Vehicle In-Transport,1,1,Daylight,1,Clear,1,Daytime,YES,"417,2013040067,40067,1,1,1,1,13,MARICOPA,420,SCOTTSDALE,4,2,0,Not a Collision with Motor Vehicle In-Transport,1,1,Daylight,1,Clear,1,Daytime,YES"
418,2013040068,40068,2,2,0,3,19,PIMA,530,TUCSON,3,2,6,Angle,1,1,Daylight,1,Clear,1,Daytime,YES,"418,2013040068,40068,2,2,0,3,19,PIMA,530,TUCSON,3,2,6,Angle,1,1,Daylight,1,Clear,1,Daytime,YES"
419,2013040069,40069,1,1,1,1,21,PINAL,405,SACATON,6,2,0,Not a Collision with Motor Vehicle In-Transport,1,2,Dark - Not Lighted,1,Clear,2,Nighttime,YES,"419,2013040069,40069,1,1,1,1,21,PINAL,405,SACATON,6,2,0,Not a Collision with Motor Vehicle In-Transport,1,2,Dark - Not Lighted,1,Clear,2,Nighttime,YES"
420,2013040071,40071,2,2,0,3,19,PIMA,0,NONE LISTED,6,2,99,Unknown,1,2,Dark - Not Lighted,1,Clear,2,Nighttime,NO,"420,2013040071,40071,2,2,0,3,19,PIMA,0,NONE LISTED,6,2,99,Unknown,1,2,Dark - Not Lighted,1,Clear,2,Nighttime,NO"
421,2013040074,40074,1,1,0,1,13,MARICOPA,30,AVONDALE,10,2,0,Not a Collision with Motor Vehicle In-Transport,4,1,Daylight,10,Cloudy,1,Daytime,NO,"421,2013040074,40074,1,1,0,1,13,MARICOPA,30,AVONDALE,10,2,0,Not a Collision with Motor Vehicle In-Transport,4,1,Daylight,10,Cloudy,1,Daytime,NO"
422,2013040076,40076,3,3,0,6,13,MARICOPA,0,NONE LISTED,11,2,6,Angle,1,1,Daylight,3,Sleet or Hail,1,Daytime,YES,"422,2013040076,40076,3,3,0,6,13,MARICOPA,0,NONE LISTED,11,2,6,Angle,1,1,Daylight,3,Sleet or Hail,1,Daytime,YES"
423,2013040077,40077,1,1,1,1,19,PIMA,530,TUCSON,11,2,0,Not a Collision with Motor Vehicle In-Transport,1,2,Dark - Not Lighted,2,Rain,2,Nighttime,NO,"423,2013040077,40077,1,1,1,1,19,PIMA,530,TUCSON,11,2,0,Not a Collision with Motor Vehicle In-Transport,1,2,Dark - Not Lighted,2,Rain,2,Nighttime,NO"
424,2013040078,40078,1,1,1,0,15,MOHAVE,268,LAKE HAVASU CITY,15,2,0,Not a Collision with Motor Vehicle In-Transport,5,1,Daylight,1,Clear,1,Daytime,YES,"424,2013040078,40078,1,1,1,0,15,MOHAVE,268,LAKE HAVASU CITY,15,2,0,Not a Collision with Motor Vehicle In-Transport,5,1,Daylight,1,Clear,1,Daytime,YES"
425,2013040081,40081,2,2,0,3,19,PIMA,530,TUCSON,17,2,6,Angle,1,5,Dusk,1,Clear,2,Nighttime,YES,"425,2013040081,40081,2,2,0,3,19,PIMA,530,TUCSON,17,2,6,Angle,1,5,Dusk,1,Clear,2,Nighttime,YES"
426,2013040083,40083,2,2,0,2,13,MARICOPA,290,MESA,19,2,6,Angle,1,1,Daylight,1,Clear,1,Daytime,YES,"426,2013040083,40083,2,2,0,2,13,MARICOPA,290,MESA,19,2,6,Angle,1,1,Daylight,1,Clear,1,Daytime,YES"
427,2013040085,40085,1,1,0,1,1,APACHE,0,NONE LISTED,23,2,0,Not a Collision with Motor Vehicle In-Transport,5,1,Daylight,1,Clear,1,Daytime,YES,"427,2013040085,40085,1,1,0,1,1,APACHE,0,NONE LISTED,23,2,0,Not a Collision with Motor Vehicle In-Transport,5,1,Daylight,1,Clear,1,Daytime,YES"
428,2013040090,40090,1,1,0,1,19,PIMA,0,NONE LISTED,2,2,0,Not a Collision with Motor Vehicle In-Transport,2,3,Dark - Lighted,1,Clear,2,Nighttime,NO,"428,2013040090,40090,1,1,0,1,19,PIMA,0,NONE LISTED,2,2,0,Not a Collision with Motor Vehicle In-Transport,2,3,Dark - Lighted,1,Clear,2,Nighttime,NO"
429,2013040094,40094,1,1,0,1,21,PINAL,297,MARICOPA WELLS,27,2,0,Not a Collision with Motor Vehicle In-Transport,3,1,Daylight,1,Clear,1,Daytime,NO,"429,2013040094,40094,1,1,0,1,21,PINAL,297,MARICOPA WELLS,27,2,0,Not a Collision with Motor Vehicle In-Transport,3,1,Daylight,1,Clear,1,Daytime,NO"
430,2013040096,40096,1,1,0,1,7,GILA,0,NONE LISTED,1,2,0,Not a Collision with Motor Vehicle In-Transport,4,1,Daylight,1,Clear,1,Daytime,NO,"430,2013040096,40096,1,1,0,1,7,GILA,0,NONE LISTED,1,2,0,Not a Collision with Motor Vehicle In-Transport,4,1,Daylight,1,Clear,1,Daytime,NO"
431,2013040099,40099,1,1,0,1,17,NAVAJO,0,NONE LISTED,3,3,0,Not a Collision with Motor Vehicle In-Transport,1,5,Dusk,1,Clear,1,Daytime,YES,"431,2013040099,40099,1,1,0,1,17,NAVAJO,0,NONE LISTED,3,3,0,Not a Collision with Motor Vehicle In-Transport,1,5,Dusk,1,Clear,1,Daytime,YES"
432,2013040101,40101,2,2,0,2,21,PINAL,22,APACHE JUNCTION,6,3,6,Angle,1,3,Dark - Lighted,98,Not Reported,2,Nighttime,NO,"432,2013040101,40101,2,2,0,2,21,PINAL,22,APACHE JUNCTION,6,3,6,Angle,1,3,Dark - Lighted,98,Not Reported,2,Nighttime,NO"
433,2013040102,40102,1,1,1,2,15,MOHAVE,268,LAKE HAVASU CITY,6,3,0,Not a Collision with Motor Vehicle In-Transport,1,2,Dark - Not Lighted,1,Clear,2,Nighttime,NO,"433,2013040102,40102,1,1,1,2,15,MOHAVE,268,LAKE HAVASU CITY,6,3,0,Not a Collision with Motor Vehicle In-Transport,1,2,Dark - Not Lighted,1,Clear,2,Nighttime,NO"
434,2013040104,40104,1,1,0,3,19,PIMA,0,NONE LISTED,10,3,0,Not a Collision with Motor Vehicle In-Transport,3,2,Dark - Not Lighted,1,Clear,2,Nighttime,NO,"434,2013040104,40104,1,1,0,3,19,PIMA,0,NONE LISTED,10,3,0,Not a Collision with Motor Vehicle In-Transport,3,2,Dark - Not Lighted,1,Clear,2,Nighttime,NO"
435,2013040107,40107,1,1,1,1,19,PIMA,0,NONE LISTED,12,3,0,Not a Collision with Motor Vehicle In-Transport,4,2,Dark - Not Lighted,1,Clear,1,Daytime,NO,"435,2013040107,40107,1,1,1,1,19,PIMA,0,NONE LISTED,12,3,0,Not a Collision with Motor Vehicle In-Transport,4,2,Dark - Not Lighted,1,Clear,1,Daytime,NO"
436,2013040113,40113,1,1,0,1,7,GILA,0,NONE LISTED,21,3,0,Not a Collision with Motor Vehicle In-Transport,4,1,Daylight,1,Clear,1,Daytime,NO,"436,2013040113,40113,1,1,0,1,7,GILA,0,NONE LISTED,21,3,0,Not a Collision with Motor Vehicle In-Transport,4,1,Daylight,1,Clear,1,Daytime,NO"
437,2013040115,40115,1,1,0,1,25,YAVAPAI,386,PRESCOTT,23,3,0,Not a Collision with Motor Vehicle In-Transport,4,1,Daylight,1,Clear,1,Daytime,NO,"437,2013040115,40115,1,1,0,1,25,YAVAPAI,386,PRESCOTT,23,3,0,Not a Collision with Motor Vehicle In-Transport,4,1,Daylight,1,Clear,1,Daytime,NO"
438,2013040121,40121,1,1,0,1,13,MARICOPA,190,GILBERT,27,3,0,Not a Collision with Motor Vehicle In-Transport,4,3,Dark - Lighted,1,Clear,2,Nighttime,YES,"438,2013040121,40121,1,1,0,1,13,MARICOPA,190,GILBERT,27,3,0,Not a Collision with Motor Vehicle In-Transport,4,3,Dark - Lighted,1,Clear,2,Nighttime,YES"
439,2013040123,40123,1,1,0,1,19,PIMA,0,NONE LISTED,29,3,0,Not a Collision with Motor Vehicle In-Transport,4,1,Daylight,1,Clear,1,Daytime,NO,"439,2013040123,40123,1,1,0,1,19,PIMA,0,NONE LISTED,29,3,0,Not a Collision with Motor Vehicle In-Transport,4,1,Daylight,1,Clear,1,Daytime,NO"
440,2013040124,40124,1,1,0,3,7,GILA,0,NONE LISTED,30,3,0,Not a Collision with Motor Vehicle In-Transport,1,1,Daylight,1,Clear,1,Daytime,YES,"440,2013040124,40124,1,1,0,3,7,GILA,0,NONE LISTED,30,3,0,Not a Collision with Motor Vehicle In-Transport,1,1,Daylight,1,Clear,1,Daytime,YES"
441,2013040125,40125,1,1,0,1,5,COCONINO,0,NONE LISTED,31,3,0,Not a Collision with Motor Vehicle In-Transport,4,1,Daylight,1,Clear,1,Daytime,NO,"441,2013040125,40125,1,1,0,1,5,COCONINO,0,NONE LISTED,31,3,0,Not a Collision with Motor Vehicle In-Transport,4,1,Daylight,1,Clear,1,Daytime,NO"
442,2013040128,40128,1,1,0,1,13,MARICOPA,370,PHOENIX,2,2,0,Not a Collision with Motor Vehicle In-Transport,3,3,Dark - Lighted,1,Clear,2,Nighttime,YES,"442,2013040128,40128,1,1,0,1,13,MARICOPA,370,PHOENIX,2,2,0,Not a Collision with Motor Vehicle In-Transport,3,3,Dark - Lighted,1,Clear,2,Nighttime,YES"
443,2013040130,40130,1,1,1,1,17,NAVAJO,0,NONE LISTED,2,2,0,Not a Collision with Motor Vehicle In-Transport,1,6,Dark - Unknown Lighting,99,Unknown,2,Nighttime,YES,"443,2013040130,40130,1,1,1,1,17,NAVAJO,0,NONE LISTED,2,2,0,Not a Collision with Motor Vehicle In-Transport,1,6,Dark - Unknown Lighting,99,Unknown,2,Nighttime,YES"
444,2013040132,40132,2,2,0,3,5,COCONINO,0,NONE LISTED,6,2,2,Front-to-Front,99,1,Daylight,99,Unknown,1,Daytime,NO,"444,2013040132,40132,2,2,0,3,5,COCONINO,0,NONE LISTED,6,2,2,Front-to-Front,99,1,Daylight,99,Unknown,1,Daytime,NO"
445,2013040133,40133,1,1,0,2,21,PINAL,0,NONE LISTED,11,2,0,Not a Collision with Motor Vehicle In-Transport,1,1,Daylight,1,Clear,1,Daytime,YES,"445,2013040133,40133,1,1,0,2,21,PINAL,0,NONE LISTED,11,2,0,Not a Collision with Motor Vehicle In-Transport,1,1,Daylight,1,Clear,1,Daytime,YES"
446,2013040138,40138,2,2,0,3,13,MARICOPA,0,NONE LISTED,16,2,6,Angle,1,1,Daylight,1,Clear,1,Daytime,NO,"446,2013040138,40138,2,2,0,3,13,MARICOPA,0,NONE LISTED,16,2,6,Angle,1,1,Daylight,1,Clear,1,Daytime,NO"
447,2013040140,40140,1,1,0,1,13,MARICOPA,0,NONE LISTED,27,2,0,Not a Collision with Motor Vehicle In-Transport,4,1,Daylight,1,Clear,1,Daytime,NO,"447,2013040140,40140,1,1,0,1,13,MARICOPA,0,NONE LISTED,27,2,0,Not a Collision with Motor Vehicle In-Transport,4,1,Daylight,1,Clear,1,Daytime,NO"
448,2013040142,40142,1,1,1,1,13,MARICOPA,370,PHOENIX,19,2,0,Not a Collision with Motor Vehicle In-Transport,1,3,Dark - Lighted,1,Clear,2,Nighttime,NO,"448,2013040142,40142,1,1,1,1,13,MARICOPA,370,PHOENIX,19,2,0,Not a Collision with Motor Vehicle In-Transport,1,3,Dark - Lighted,1,Clear,2,Nighttime,NO"
449,2013040145,40145,1,1,0,1,13,MARICOPA,0,NONE LISTED,24,1,0,Not a Collision with Motor Vehicle In-Transport,4,1,Daylight,2,Rain,1,Daytime,NO,"449,2013040145,40145,1,1,0,1,13,MARICOPA,0,NONE LISTED,24,1,0,Not a Collision with Motor Vehicle In-Transport,4,1,Daylight,2,Rain,1,Daytime,NO"
450,2013040146,40146,1,1,1,4,13,MARICOPA,200,GLENDALE,3,2,0,Not a Collision with Motor Vehicle In-Transport,1,3,Dark - Lighted,1,Clear,2,Nighttime,NO,"450,2013040146,40146,1,1,1,4,13,MARICOPA,200,GLENDALE,3,2,0,Not a Collision with Motor Vehicle In-Transport,1,3,Dark - Lighted,1,Clear,2,Nighttime,NO"
451,2013040151,40151,1,1,0,1,25,YAVAPAI,0,NONE LISTED,28,3,0,Not a Collision with Motor Vehicle In-Transport,4,1,Daylight,1,Clear,1,Daytime,YES,"451,2013040151,40151,1,1,0,1,25,YAVAPAI,0,NONE LISTED,28,3,0,Not a Collision with Motor Vehicle In-Transport,4,1,Daylight,1,Clear,1,Daytime,YES"
452,2013040153,40153,1,1,0,2,5,COCONINO,0,NONE LISTED,31,3,0,Not a Collision with Motor Vehicle In-Transport,4,4,Dawn,1,Clear,1,Daytime,YES,"452,2013040153,40153,1,1,0,2,5,COCONINO,0,NONE LISTED,31,3,0,Not a Collision with Motor Vehicle In-Transport,4,4,Dawn,1,Clear,1,Daytime,YES"
453,2013040154,40154,2,2,0,3,19,PIMA,0,NONE LISTED,2,3,7,Sideswipe - Same Direction,1,1,Daylight,1,Clear,1,Daytime,NO,"453,2013040154,40154,2,2,0,3,19,PIMA,0,NONE LISTED,2,3,7,Sideswipe - Same Direction,1,1,Daylight,1,Clear,1,Daytime,NO"
454,2013040156,40156,1,1,0,4,27,YUMA,0,NONE LISTED,13,3,0,Not a Collision with Motor Vehicle In-Transport,4,2,Dark - Not Lighted,1,Clear,2,Nighttime,NO,"454,2013040156,40156,1,1,0,4,27,YUMA,0,NONE LISTED,13,3,0,Not a Collision with Motor Vehicle In-Transport,4,2,Dark - Not Lighted,1,Clear,2,Nighttime,NO"
455,2013040158,40158,1,1,0,1,13,MARICOPA,388,QUEEN CREEK,25,3,0,Not a Collision with Motor Vehicle In-Transport,1,1,Daylight,1,Clear,1,Daytime,NO,"455,2013040158,40158,1,1,0,1,13,MARICOPA,388,QUEEN CREEK,25,3,0,Not a Collision with Motor Vehicle In-Transport,1,1,Daylight,1,Clear,1,Daytime,NO"
456,2013040159,40159,2,2,0,2,13,MARICOPA,486,SURPRISE,27,3,6,Angle,1,3,Dark - Lighted,1,Clear,2,Nighttime,NO,"456,2013040159,40159,2,2,0,2,13,MARICOPA,486,SURPRISE,27,3,6,Angle,1,3,Dark - Lighted,1,Clear,2,Nighttime,NO"
457,2013040160,40160,1,1,1,3,7,GILA,416,SAN CARLOS,29,3,0,Not a Collision with Motor Vehicle In-Transport,1,1,Daylight,1,Clear,1,Daytime,NO,"457,2013040160,40160,1,1,1,3,7,GILA,416,SAN CARLOS,29,3,0,Not a Collision with Motor Vehicle In-Transport,1,1,Daylight,1,Clear,1,Daytime,NO"
458,2013040161,40161,1,1,1,2,19,PIMA,530,TUCSON,11,3,0,Not a Collision with Motor Vehicle In-Transport,1,2,Dark - Not Lighted,1,Clear,2,Nighttime,YES,"458,2013040161,40161,1,1,1,2,19,PIMA,530,TUCSON,11,3,0,Not a Collision with Motor Vehicle In-Transport,1,2,Dark - Not Lighted,1,Clear,2,Nighttime,YES"
459,2013040166,40166,1,1,1,1,13,MARICOPA,370,PHOENIX,3,3,0,Not a Collision with Motor Vehicle In-Transport,4,1,Daylight,1,Clear,1,Daytime,YES,"459,2013040166,40166,1,1,1,1,13,MARICOPA,370,PHOENIX,3,3,0,Not a Collision with Motor Vehicle In-Transport,4,1,Daylight,1,Clear,1,Daytime,YES"
460,2013040168,40168,1,1,0,1,12,LA PAZ,0,NONE LISTED,4,3,0,Not a Collision with Motor Vehicle In-Transport,99,9,Unknown,99,Unknown,2,Nighttime,NO,"460,2013040168,40168,1,1,0,1,12,LA PAZ,0,NONE LISTED,4,3,0,Not a Collision with Motor Vehicle In-Transport,99,9,Unknown,99,Unknown,2,Nighttime,NO"
461,2013040169,40169,2,2,0,2,13,MARICOPA,80,CHANDLER,5,3,0,Not a Collision with Motor Vehicle In-Transport,1,3,Dark - Lighted,1,Clear,2,Nighttime,YES,"461,2013040169,40169,2,2,0,2,13,MARICOPA,80,CHANDLER,5,3,0,Not a Collision with Motor Vehicle In-Transport,1,3,Dark - Lighted,1,Clear,2,Nighttime,YES"
462,2013040170,40170,1,1,0,2,5,COCONINO,0,NONE LISTED,8,3,99,Unknown,99,1,Daylight,99,Unknown,1,Daytime,YES,"462,2013040170,40170,1,1,0,2,5,COCONINO,0,NONE LISTED,8,3,99,Unknown,99,1,Daylight,99,Unknown,1,Daytime,YES"
463,2013040171,40171,2,2,1,2,13,MARICOPA,370,PHOENIX,8,3,0,Not a Collision with Motor Vehicle In-Transport,1,3,Dark - Lighted,2,Rain,2,Nighttime,NO,"463,2013040171,40171,2,2,1,2,13,MARICOPA,370,PHOENIX,8,3,0,Not a Collision with Motor Vehicle In-Transport,1,3,Dark - Lighted,2,Rain,2,Nighttime,NO"
464,2013040174,40174,1,1,0,1,13,MARICOPA,370,PHOENIX,14,3,0,Not a Collision with Motor Vehicle In-Transport,3,3,Dark - Lighted,1,Clear,2,Nighttime,YES,"464,2013040174,40174,1,1,0,1,13,MARICOPA,370,PHOENIX,14,3,0,Not a Collision with Motor Vehicle In-Transport,3,3,Dark - Lighted,1,Clear,2,Nighttime,YES"
465,2013040175,40175,1,1,1,2,13,MARICOPA,370,PHOENIX,23,3,0,Not a Collision with Motor Vehicle In-Transport,1,5,Dusk,1,Clear,2,Nighttime,YES,"465,2013040175,40175,1,1,1,2,13,MARICOPA,370,PHOENIX,23,3,0,Not a Collision with Motor Vehicle In-Transport,1,5,Dusk,1,Clear,2,Nighttime,YES"
466,2013040180,40180,1,1,1,1,13,MARICOPA,490,TEMPE,28,3,0,Not a Collision with Motor Vehicle In-Transport,1,3,Dark - Lighted,1,Clear,2,Nighttime,YES,"466,2013040180,40180,1,1,1,1,13,MARICOPA,490,TEMPE,28,3,0,Not a Collision with Motor Vehicle In-Transport,1,3,Dark - Lighted,1,Clear,2,Nighttime,YES"
467,2013040181,40181,1,1,0,2,1,APACHE,0,NONE LISTED,31,3,0,Not a Collision with Motor Vehicle In-Transport,4,4,Dawn,1,Clear,2,Nighttime,YES,"467,2013040181,40181,1,1,0,2,1,APACHE,0,NONE LISTED,31,3,0,Not a Collision with Motor Vehicle In-Transport,4,4,Dawn,1,Clear,2,Nighttime,YES"
468,2013040182,40182,1,1,0,2,13,MARICOPA,370,PHOENIX,31,3,0,Not a Collision with Motor Vehicle In-Transport,4,1,Daylight,1,Clear,1,Daytime,NO,"468,2013040182,40182,1,1,0,2,13,MARICOPA,370,PHOENIX,31,3,0,Not a Collision with Motor Vehicle In-Transport,4,1,Daylight,1,Clear,1,Daytime,NO"
469,2013040183,40183,2,2,0,6,13,MARICOPA,0,NONE LISTED,31,3,6,Angle,1,3,Dark - Lighted,1,Clear,2,Nighttime,YES,"469,2013040183,40183,2,2,0,6,13,MARICOPA,0,NONE LISTED,31,3,6,Angle,1,3,Dark - Lighted,1,Clear,2,Nighttime,YES"
470,2013040187,40187,1,1,1,1,13,MARICOPA,0,NONE LISTED,17,2,0,Not a Collision with Motor Vehicle In-Transport,1,2,Dark - Not Lighted,1,Clear,2,Nighttime,NO,"470,2013040187,40187,1,1,1,1,13,MARICOPA,0,NONE LISTED,17,2,0,Not a Collision with Motor Vehicle In-Transport,1,2,Dark - Not Lighted,1,Clear,2,Nighttime,NO"
471,2013040188,40188,1,1,0,2,13,MARICOPA,0,NONE LISTED,24,2,0,Not a Collision with Motor Vehicle In-Transport,4,6,Dark - Unknown Lighting,99,Unknown,3,Unknown,YES,"471,2013040188,40188,1,1,0,2,13,MARICOPA,0,NONE LISTED,24,2,0,Not a Collision with Motor Vehicle In-Transport,4,6,Dark - Unknown Lighting,99,Unknown,3,Unknown,YES"
472,2013040191,40191,1,1,0,1,13,MARICOPA,80,CHANDLER,3,4,0,Not a Collision with Motor Vehicle In-Transport,4,3,Dark - Lighted,1,Clear,2,Nighttime,NO,"472,2013040191,40191,1,1,0,1,13,MARICOPA,80,CHANDLER,3,4,0,Not a Collision with Motor Vehicle In-Transport,4,3,Dark - Lighted,1,Clear,2,Nighttime,NO"