index,accident_id,ST_CASE,VE_TOTAL,VE_FORMS,PEDS,PERSONS,COUNTY,county_name,CITY,city_name,DAY,MONTH,MAN_COLL,man_coll_lit,REL_ROAD,LGT_COND,lgt_cond_lit,WEATHER,weather_lit,A_TOD,a_tod_lit,DEAD,concatenated
473,2013040192,40192,1,1,1,1,19,PIMA,530,TUCSON,4,4,0,Not a Collision with Motor Vehicle In-Transport,1,1,Daylight,10,Cloudy,1,Daytime,NO,"473,2013040192,40192,1,1,1,1,19,PIMA,530,TUCSON,4,4,0,Not a Collision with Motor Vehicle In-Transport,1,1,Daylight,10,Cloudy,1,Daytime,NO"
474,2013040195,40195,1,1,0,1,12,LA PAZ,0,NONE LISTED,6,4,0,Not a Collision with Motor Vehicle In-Transport,4,1,Daylight,1,Clear,1,Daytime,NO,"474,2013040195,40195,1,1,0,1,12,LA PAZ,0,NONE LISTED,6,4,0,Not a Collision with Motor Vehicle In-Transport,4,1,Daylight,1,Clear,1,Daytime,NO"
475,2013040197,40197,1,1,0,2,19,PIMA,0,NONE LISTED,6,4,0,Not a Collision with Motor Vehicle In-Transport,4,1,Daylight,1,Clear,1,Daytime,NO,"475,2013040197,40197,1,1,0,2,19,PIMA,0,NONE LISTED,6,4,0,Not a Collision with Motor Vehicle In-Transport,4,1,Daylight,1,Clear,1,Daytime,NO"
476,2013040199,40199,1,1,0,1,19,PIMA,0,NONE LISTED,9,4,0,Not a Collision with Motor Vehicle In-Transport,4,2,Dark - Not Lighted,1,Clear,2,Nighttime,YES,"476,2013040199,40199,1,1,0,1,19,PIMA,0,NONE LISTED,9,4,0,Not a Collision with Motor Vehicle In-Transport,4,2,Dark - Not Lighted,1,Clear,2,Nighttime,YES"
477,2013040200,40200,2,2,0,8,13,MARICOPA,30,AVONDALE,10,4,6,Angle,1,5,Dusk,1,Clear,2,Nighttime,YES,"477,2013040200,40200,2,2,0,8,13,MARICOPA,30,AVONDALE,10,4,6,Angle,1,5,Dusk,1,Clear,2,Nighttime,YES"
478,2013040202,40202,2,2,0,2,19,PIMA,530,TUCSON,11,4,6,Angle,1,1,Daylight,1,Clear,1,Daytime,NO,"478,2013040202,40202,2,2,0,2,19,PIMA,530,TUCSON,11,4,6,Angle,1,1,Daylight,1,Clear,1,Daytime,NO"
479,2013040203,40203,2,2,0,2,21,PINAL,0,NONE LISTED,13,4,2,Front-to-Front,1,1,Daylight,1,Clear,1,Daytime,YES,"479,2013040203,40203,2,2,0,2,21,PINAL,0,NONE LISTED,13,4,2,Front-to-Front,1,1,Daylight,1,Clear,1,Daytime,YES"
480,2013040204,40204,1,1,0,1,15,MOHAVE,0,NONE LISTED,14,4,0,Not a Collision with Motor Vehicle In-Transport,4,1,Daylight,1,Clear,1,Daytime,YES,"480,2013040204,40204,1,1,0,1,15,MOHAVE,0,NONE LISTED,14,4,0,Not a Collision with Motor Vehicle In-Transport,4,1,Daylight,1,Clear,1,Daytime,YES"
481,2013040205,40205,2,2,0,3,13,MARICOPA,0,NONE LISTED,20,4,6,Angle,1,2,Dark - Not Lighted,1,Clear,2,Nighttime,YES,"481,2013040205,40205,2,2,0,3,13,MARICOPA,0,NONE LISTED,20,4,6,Angle,1,2,Dark - Not Lighted,1,Clear,2,Nighttime,YES"
482,2013040207,40207,1,1,0,2,15,MOHAVE,0,NONE LISTED,21,4,0,Not a Collision with Motor Vehicle In-Transport,4,1,Daylight,1,Clear,1,Daytime,NO,"482,2013040207,40207,1,1,0,2,15,MOHAVE,0,NONE LISTED,21,4,0,Not a Collision with Motor Vehicle In-Transport,4,1,Daylight,1,Clear,1,Daytime,NO"
483,2013040208,40208,2,2,0,4,27,YUMA,0,NONE LISTED,22,4,6,Angle,1,1,Daylight,1,Clear,1,Daytime,NO,"483,2013040208,40208,2,2,0,4,27,YUMA,0,NONE LISTED,22,4,6,Angle,1,1,Daylight,1,Clear,1,Daytime,NO"
484,2013040210,40210,1,1,0,1,21,PINAL,405,SACATON,26,4,0,Not a Collision with Motor Vehicle In-Transport,4,4,Dawn,1,Clear,2,Nighttime,NO,"484,2013040210,40210,1,1,0,1,21,PINAL,405,SACATON,26,4,0,Not a Collision with Motor Vehicle In-Transport,4,4,Dawn,1,Clear,2,Nighttime,NO"
485,2013040211,40211,1,1,0,1,13,MARICOPA,190,GILBERT,27,4,0,Not a Collision with Motor Vehicle In-Transport,4,1,Daylight,1,Clear,1,Daytime,YES,"485,2013040211,40211,1,1,0,1,13,MARICOPA,190,GILBERT,27,4,0,Not a Collision with Motor Vehicle In-Transport,4,1,Daylight,1,Clear,1,Daytime,YES"
486,2013040215,40215,1,1,0,2,1,APACHE,0,NONE LISTED,25,3,0,Not a Collision with Motor Vehicle In-Transport,99,9,Unknown,99,Unknown,3,Unknown,YES,"486,2013040215,40215,1,1,0,2,1,APACHE,0,NONE LISTED,25,3,0,Not a Collision with Motor Vehicle In-Transport,99,9,Unknown,99,Unknown,3,Unknown,YES"
487,2013040216,40216,1,1,1,1,13,MARICOPA,0,NONE LISTED,3,4,0,Not a Collision with Motor Vehicle In-Transport,1,1,Daylight,1,Clear,1,Daytime,NO,"487,2013040216,40216,1,1,1,1,13,MARICOPA,0,NONE LISTED,3,4,0,Not a Collision with Motor Vehicle In-Transport,1,1,Daylight,1,Clear,1,Daytime,NO"
488,2013040217,40217,2,2,0,2,13,MARICOPA,290,MESA,3,4,6,Angle,1,1,Daylight,1,Clear,1,Daytime,NO,"488,2013040217,40217,2,2,0,2,13,MARICOPA,290,MESA,3,4,6,Angle,1,1,Daylight,1,Clear,1,Daytime,NO"
489,2013040219,40219,1,1,0,4,11,GREENLEE,0,NONE LISTED,14,4,0,Not a Collision with Motor Vehicle In-Transport,6,2,Dark - Not Lighted,1,Clear,2,Nighttime,NO,"489,2013040219,40219,1,1,0,4,11,GREENLEE,0,NONE LISTED,14,4,0,Not a Collision with Motor Vehicle In-Transport,6,2,Dark - Not Lighted,1,Clear,2,Nighttime,NO"
490,2013040221,40221,1,1,0,1,15,MOHAVE,0,NONE LISTED,26,4,0,Not a Collision with Motor Vehicle In-Transport,3,2,Dark - Not Lighted,1,Clear,2,Nighttime,YES,"490,2013040221,40221,1,1,0,1,15,MOHAVE,0,NONE LISTED,26,4,0,Not a Collision with Motor Vehicle In-Transport,3,2,Dark - Not Lighted,1,Clear,2,Nighttime,YES"
491,2013040223,40223,1,1,0,1,25,YAVAPAI,0,NONE LISTED,29,4,0,Not a Collision with Motor Vehicle In-Transport,3,1,Daylight,1,Clear,1,Daytime,YES,"491,2013040223,40223,1,1,0,1,25,YAVAPAI,0,NONE LISTED,29,4,0,Not a Collision with Motor Vehicle In-Transport,3,1,Daylight,1,Clear,1,Daytime,YES"
492,2013040224,40224,1,1,0,1,5,COCONINO,0,NONE LISTED,30,4,0,Not a Collision with Motor Vehicle In-Transport,4,1,Daylight,1,Clear,1,Daytime,YES,"492,2013040224,40224,1,1,0,1,5,COCONINO,0,NONE LISTED,30,4,0,Not a Collision with Motor Vehicle In-Transport,4,1,Daylight,1,Clear,1,Daytime,YES"
493,2013040226,40226,2,2,0,5,13,MARICOPA,0,NONE LISTED,9,4,2,Front-to-Front,1,2,Dark - Not Lighted,1,Clear,2,Nighttime,YES,"493,2013040226,40226,2,2,0,5,13,MARICOPA,0,NONE LISTED,9,4,2,Front-to-Front,1,2,Dark - Not Lighted,1,Clear,2,Nighttime,YES"
494,2013040227,40227,1,1,0,1,13,MARICOPA,475,SUN CITY,13,4,0,Not a Collision with Motor Vehicle In-Transport,4,1,Daylight,1,Clear,1,Daytime,NO,"494,2013040227,40227,1,1,0,1,13,MARICOPA,475,SUN CITY,13,4,0,Not a Collision with Motor Vehicle In-Transport,4,1,Daylight,1,Clear,1,Daytime,NO"
495,2013040231,40231,1,1,0,3,21,PINAL,0,NONE LISTED,20,4,0,Not a Collision with Motor Vehicle In-Transport,4,4,Dawn,1,Clear,1,Daytime,NO,"495,2013040231,40231,1,1,0,3,21,PINAL,0,NONE LISTED,20,4,0,Not a Collision with Motor Vehicle In-Transport,4,4,Dawn,1,Clear,1,Daytime,NO"
496,2013040232,40232,2,2,0,7,13,MARICOPA,420,SCOTTSDALE,20,4,6,Angle,1,1,Daylight,1,Clear,1,Daytime,YES,"496,2013040232,40232,2,2,0,7,13,MARICOPA,420,SCOTTSDALE,20,4,6,Angle,1,1,Daylight,1,Clear,1,Daytime,YES"
497,2013040236,40236,2,1,0,1,13,MARICOPA,0,NONE LISTED,18,4,0,Not a Collision with Motor Vehicle In-Transport,1,1,Daylight,1,Clear,1,Daytime,YES,"497,2013040236,40236,2,1,0,1,13,MARICOPA,0,NONE LISTED,18,4,0,Not a Collision with Motor Vehicle In-Transport,1,1,Daylight,1,Clear,1,Daytime,YES"
498,2013040237,40237,1,1,0,1,13,MARICOPA,0,NONE LISTED,17,2,0,Not a Collision with Motor Vehicle In-Transport,1,1,Daylight,1,Clear,1,Daytime,NO,"498,2013040237,40237,1,1,0,1,13,MARICOPA,0,NONE LISTED,17,2,0,Not a Collision with Motor Vehicle In-Transport,1,1,Daylight,1,Clear,1,Daytime,NO"
499,2013040240,40240,1,1,0,1,21,PINAL,0,NONE LISTED,14,4,0,Not a Collision with Motor Vehicle In-Transport,2,1,Daylight,6,Severe Crosswinds,1,Daytime,NO,"499,2013040240,40240,1,1,0,1,21,PINAL,0,NONE LISTED,14,4,0,Not a Collision with Motor Vehicle In-Transport,2,1,Daylight,6,Severe Crosswinds,1,Daytime,NO"
500,2013040241,40241,1,1,1,2,13,MARICOPA,290,MESA,18,4,0,Not a Collision with Motor Vehicle In-Transport,1,1,Daylight,1,Clear,1,Daytime,NO,"500,2013040241,40241,1,1,1,2,13,MARICOPA,290,MESA,18,4,0,Not a Collision with Motor Vehicle In-Transport,1,1,Daylight,1,Clear,1,Daytime,NO"
501,2013040242,40242,2,2,0,7,13,MARICOPA,0,NONE LISTED,26,4,6,Angle,1,1,Daylight,1,Clear,1,Daytime,YES,"501,2013040242,40242,2,2,0,7,13,MARICOPA,0,NONE LISTED,26,4,6,Angle,1,1,Daylight,1,Clear,1,Daytime,YES"
502,2013040243,40243,2,2,0,5,13,MARICOPA,370,PHOENIX,29,4,0,Not a Collision with Motor Vehicle In-Transport,4,1,Daylight,1,Clear,1,Daytime,NO,"502,2013040243,40243,2,2,0,5,13,MARICOPA,370,PHOENIX,29,4,0,Not a Collision with Motor Vehicle In-Transport,4,1,Daylight,1,Clear,1,Daytime,NO"
503,2013040245,40245,2,2,0,2,13,MARICOPA,370,PHOENIX,2,4,0,Not a Collision with Motor Vehicle In-Transport,1,1,Daylight,1,Clear,2,Nighttime,NO,"503,2013040245,40245,2,2,0,2,13,MARICOPA,370,PHOENIX,2,4,0,Not a Collision with Motor Vehicle In-Transport,1,1,Daylight,1,Clear,2,Nighttime,NO"
504,2013040246,40246,3,3,1,4,13,MARICOPA,370,PHOENIX,3,4,0,Not a Collision with Motor Vehicle In-Transport,1,3,Dark - Lighted,1,Clear,2,Nighttime,NO,"504,2013040246,40246,3,3,1,4,13,MARICOPA,370,PHOENIX,3,4,0,Not a Collision with Motor Vehicle In-Transport,1,3,Dark - Lighted,1,Clear,2,Nighttime,NO"
505,2013040249,40249,1,1,1,1,5,COCONINO,0,NONE LISTED,5,4,0,Not a Collision with Motor Vehicle In-Transport,99,6,Dark - Unknown Lighting,99,Unknown,2,Nighttime,YES,"505,2013040249,40249,1,1,1,1,5,COCONINO,0,NONE LISTED,5,4,0,Not a Collision with Motor Vehicle In-Transport,99,6,Dark - Unknown Lighting,99,Unknown,2,Nighttime,YES"
506,2013040253,40253,2,2,0,3,15,MOHAVE,260,KINGMAN,13,4,6,Angle,1,1,Daylight,1,Clear,1,Daytime,YES,"506,2013040253,40253,2,2,0,3,15,MOHAVE,260,KINGMAN,13,4,6,Angle,1,1,Daylight,1,Clear,1,Daytime,YES"
507,2013040254,40254,2,1,0,1,13,MARICOPA,0,NONE LISTED,17,4,0,Not a Collision with Motor Vehicle In-Transport,7,3,Dark - Lighted,1,Clear,2,Nighttime,YES,"507,2013040254,40254,2,1,0,1,13,MARICOPA,0,NONE LISTED,17,4,0,Not a Collision with Motor Vehicle In-Transport,7,3,Dark - Lighted,1,Clear,2,Nighttime,YES"
508,2013040255,40255,2,2,0,12,21,PINAL,70,CASA GRANDE,22,4,6,Angle,1,1,Daylight,1,Clear,1,Daytime,YES,"508,2013040255,40255,2,2,0,12,21,PINAL,70,CASA GRANDE,22,4,6,Angle,1,1,Daylight,1,Clear,1,Daytime,YES"
509,2013040256,40256,1,1,0,3,21,PINAL,0,NONE LISTED,22,4,0,Not a Collision with Motor Vehicle In-Transport,4,2,Dark - Not Lighted,1,Clear,2,Nighttime,YES,"509,2013040256,40256,1,1,0,3,21,PINAL,0,NONE LISTED,22,4,0,Not a Collision with Motor Vehicle In-Transport,4,2,Dark - Not Lighted,1,Clear,2,Nighttime,YES"
510,2013040257,40257,2,2,0,4,13,MARICOPA,80,CHANDLER,27,4,2,Front-to-Front,1,3,Dark - Lighted,1,Clear,2,Nighttime,NO,"510,2013040257,40257,2,2,0,4,13,MARICOPA,80,CHANDLER,27,4,2,Front-to-Front,1,3,Dark - Lighted,1,Clear,2,Nighttime,NO"
511,2013040259,40259,2,2,0,5,13,MARICOPA,370,PHOENIX,27,4,6,Angle,1,3,Dark - Lighted,1,Clear,2,Nighttime,YES,"511,2013040259,40259,2,2,0,5,13,MARICOPA,370,PHOENIX,27,4,6,Angle,1,3,Dark - Lighted,1,Clear,2,Nighttime,YES"
512,2013040262,40262,2,2,0,2,13,MARICOPA,0,NONE LISTED,2,5,6,Angle,1,1,Daylight,1,Clear,1,Daytime,YES,"512,2013040262,40262,2,2,0,2,13,MARICOPA,0,NONE LISTED,2,5,6,Angle,1,1,Daylight,1,Clear,1,Daytime,YES"
513,2013040265,40265,2,2,0,2,15,MOHAVE,260,KINGMAN,3,5,6,Angle,1,1,Daylight,1,Clear,2,Nighttime,YES,"513,2013040265,40265,2,2,0,2,15,MOHAVE,260,KINGMAN,3,5,6,Angle,1,1,Daylight,1,Clear,2,Nighttime,YES"
514,2013040267,40267,1,1,0,2,1,APACHE,0,NONE LISTED,4,5,0,Not a Collision with Motor Vehicle In-Transport,4,1,Daylight,1,Clear,1,Daytime,NO,"514,2013040267,40267,1,1,0,2,1,APACHE,0,NONE LISTED,4,5,0,Not a Collision with Motor Vehicle In-Transport,4,1,Daylight,1,Clear,1,Daytime,NO"
515,2013040268,40268,1,1,0,1,3,COCHISE,0,NONE LISTED,4,5,0,Not a Collision with Motor Vehicle In-Transport,1,1,Daylight,1,Clear,1,Daytime,YES,"515,2013040268,40268,1,1,0,1,3,COCHISE,0,NONE LISTED,4,5,0,Not a Collision with Motor Vehicle In-Transport,1,1,Daylight,1,Clear,1,Daytime,YES"
516,2013040269,40269,2,2,0,2,15,MOHAVE,260,KINGMAN,5,5,99,Unknown,1,1,Daylight,1,Clear,1,Daytime,NO,"516,2013040269,40269,2,2,0,2,15,MOHAVE,260,KINGMAN,5,5,99,Unknown,1,1,Daylight,1,Clear,1,Daytime,NO"
517,2013040278,40278,2,2,0,9,23,SANTA CRUZ,392,RIO RICO,12,5,2,Front-to-Front,1,2,Dark - Not Lighted,1,Clear,2,Nighttime,NO,"517,2013040278,40278,2,2,0,9,23,SANTA CRUZ,392,RIO RICO,12,5,2,Front-to-Front,1,2,Dark - Not Lighted,1,Clear,2,Nighttime,NO"
518,2013040280,40280,2,2,0,2,13,MARICOPA,290,MESA,16,5,6,Angle,1,1,Daylight,1,Clear,1,Daytime,NO,"518,2013040280,40280,2,2,0,2,13,MARICOPA,290,MESA,16,5,6,Angle,1,1,Daylight,1,Clear,1,Daytime,NO"
519,2013040281,40281,1,1,0,1,7,GILA,0,NONE LISTED,15,5,0,Not a Collision with Motor Vehicle In-Transport,4,2,Dark - Not Lighted,1,Clear,2,Nighttime,YES,"519,2013040281,40281,1,1,0,1,7,GILA,0,NONE LISTED,15,5,0,Not a Collision with Motor Vehicle In-Transport,4,2,Dark - Not Lighted,1,Clear,2,Nighttime,YES"
520,2013040282,40282,2,2,0,3,13,MARICOPA,370,PHOENIX,16,5,6,Angle,1,1,Daylight,1,Clear,1,Daytime,YES,"520,2013040282,40282,2,2,0,3,13,MARICOPA,370,PHOENIX,16,5,6,Angle,1,1,Daylight,1,Clear,1,Daytime,YES"
521,2013040284,40284,1,1,0,1,19,PIMA,0,NONE LISTED,18,5,0,Not a Collision with Motor Vehicle In-Transport,4,1,Daylight,1,Clear,1,Daytime,NO,"521,2013040284,40284,1,1,0,1,19,PIMA,0,NONE LISTED,18,5,0,Not a Collision with Motor Vehicle In-Transport,4,1,Daylight,1,Clear,1,Daytime,NO"
522,2013040285,40285,1,1,0,1,7,GILA,0,NONE LISTED,19,5,0,Not a Collision with Motor Vehicle In-Transport,4,1,Daylight,1,Clear,1,Daytime,YES,"522,2013040285,40285,1,1,0,1,7,GILA,0,NONE LISTED,19,5,0,Not a Collision with Motor Vehicle In-Transport,4,1,Daylight,1,Clear,1,Daytime,YES"
523,2013040287,40287,1,1,0,1,12,LA PAZ,0,NONE LISTED,20,5,0,Not a Collision with Motor Vehicle In-Transport,3,3,Dark - Lighted,1,Clear,2,Nighttime,NO,"523,2013040287,40287,1,1,0,1,12,LA PAZ,0,NONE LISTED,20,5,0,Not a Collision with Motor Vehicle In-Transport,3,3,Dark - Lighted,1,Clear,2,Nighttime,NO"
524,2013040289,40289,1,1,2,2,19,PIMA,0,NONE LISTED,23,5,0,Not a Collision with Motor Vehicle In-Transport,1,2,Dark - Not Lighted,1,Clear,2,Nighttime,NO,"524,2013040289,40289,1,1,2,2,19,PIMA,0,NONE LISTED,23,5,0,Not a Collision with Motor Vehicle In-Transport,1,2,Dark - Not Lighted,1,Clear,2,Nighttime,NO"
525,2013040290,40290,2,2,0,2,13,MARICOPA,0,NONE LISTED,25,5,6,Angle,1,1,Daylight,1,Clear,1,Daytime,YES,"525,2013040290,40290,2,2,0,2,13,MARICOPA,0,NONE LISTED,25,5,6,Angle,1,1,Daylight,1,Clear,1,Daytime,YES"
526,2013040293,40293,2,2,0,2,3,COCHISE,0,NONE LISTED,29,5,6,Angle,1,1,Daylight,1,Clear,1,Daytime,NO,"526,2013040293,40293,2,2,0,2,3,COCHISE,0,NONE LISTED,29,5,6,Angle,1,1,Daylight,1,Clear,1,Daytime,NO"
527,2013040294,40294,1,1,0,3,5,COCONINO,0,NONE LISTED,29,5,0,Not a Collision with Motor Vehicle In-Transport,1,2,Dark - Not Lighted,1,Clear,2,Nighttime,YES,"527,2013040294,40294,1,1,0,3,5,COCONINO,0,NONE LISTED,29,5,0,Not a Collision with Motor Vehicle In-Transport,1,2,Dark - Not Lighted,1,Clear,2,Nighttime,YES"
528,2013040295,40295,2,2,0,8,3,COCHISE,0,NONE LISTED,30,5,2,Front-to-Front,1,2,Dark - Not Lighted,1,Clear,2,Nighttime,NO,"528,2013040295,40295,2,2,0,8,3,COCHISE,0,NONE LISTED,30,5,2,Front-to-Front,1,2,Dark - Not Lighted,1,Clear,2,Nighttime,NO"
529,2013040296,40296,1,1,0,1,7,GILA,0,NONE LISTED,31,5,0,Not a Collision with Motor Vehicle In-Transport,1,1,Daylight,1,Clear,1,Daytime,NO,"529,2013040296,40296,1,1,0,1,7,GILA,0,NONE LISTED,31,5,0,Not a Collision with Motor Vehicle In-Transport,1,1,Daylight,1,Clear,1,Daytime,NO"
530,2013040297,40297,1,1,1,2,19,PIMA,0,NONE LISTED,31,5,0,Not a Collision with Motor Vehicle In-Transport,1,3,Dark - Lighted,1,Clear,2,Nighttime,NO,"530,2013040297,40297,1,1,1,2,19,PIMA,0,NONE LISTED,31,5,0,Not a Collision with Motor Vehicle In-Transport,1,3,Dark - Lighted,1,Clear,2,Nighttime,NO"
531,2013040301,40301,2,2,0,5,13,MARICOPA,30,AVONDALE,1,5,6,Angle,1,1,Daylight,1,Clear,1,Daytime,YES,"531,2013040301,40301,2,2,0,5,13,MARICOPA,30,AVONDALE,1,5,6,Angle,1,1,Daylight,1,Clear,1,Daytime,YES"
532,2013040302,40302,1,1,1,1,13,MARICOPA,200,GLENDALE,19,5,0,Not a Collision with Motor Vehicle In-Transport,1,1,Daylight,1,Clear,1,Daytime,YES,"532,2013040302,40302,1,1,1,1,13,MARICOPA,200,GLENDALE,19,5,0,Not a Collision with Motor Vehicle In-Transport,1,1,Daylight,1,Clear,1,Daytime,YES"
533,2013040303,40303,2,2,0,2,13,MARICOPA,420,SCOTTSDALE,12,5,6,Angle,1,1,Daylight,1,Clear,1,Daytime,YES,"533,2013040303,40303,2,2,0,2,13,MARICOPA,420,SCOTTSDALE,12,5,6,Angle,1,1,Daylight,1,Clear,1,Daytime,YES"
534,2013040305,40305,1,1,0,6,13,MARICOPA,486,SURPRISE,11,5,0,Not a Collision with Motor Vehicle In-Transport,1,3,Dark - Lighted,98,Not Reported,2,Nighttime,NO,"534,2013040305,40305,1,1,0,6,13,MARICOPA,486,SURPRISE,11,5,0,Not a Collision with Motor Vehicle In-Transport,1,3,Dark - Lighted,98,Not Reported,2,Nighttime,NO"
535,2013040308,40308,2,2,0,4,12,LA PAZ,0,NONE LISTED,1,5,0,Not a Collision with Motor Vehicle In-Transport,4,1,Daylight,1,Clear,1,Daytime,YES,"535,2013040308,40308,2,2,0,4,12,LA PAZ,0,NONE LISTED,1,5,0,Not a Collision with Motor Vehicle In-Transport,4,1,Daylight,1,Clear,1,Daytime,YES"
536,2013040309,40309,1,1,0,2,21,PINAL,22,APACHE JUNCTION,4,5,0,Not a Collision with Motor Vehicle In-Transport,1,1,Daylight,1,Clear,1,Daytime,YES,"536,2013040309,40309,1,1,0,2,21,PINAL,22,APACHE JUNCTION,4,5,0,Not a Collision with Motor Vehicle In-Transport,1,1,Daylight,1,Clear,1,Daytime,YES"
537,2013040310,40310,1,1,0,2,17,NAVAJO,0,NONE LISTED,1,6,0,Not a Collision with Motor Vehicle In-Transport,1,2,Dark - Not Lighted,1,Clear,2,Nighttime,YES,"537,2013040310,40310,1,1,0,2,17,NAVAJO,0,NONE LISTED,1,6,0,Not a Collision with Motor Vehicle In-Transport,1,2,Dark - Not Lighted,1,Clear,2,Nighttime,YES"
538,2013040314,40314,1,1,0,1,23,SANTA CRUZ,392,RIO RICO,3,6,0,Not a Collision with Motor Vehicle In-Transport,1,1,Daylight,1,Clear,1,Daytime,YES,"538,2013040314,40314,1,1,0,1,23,SANTA CRUZ,392,RIO RICO,3,6,0,Not a Collision with Motor Vehicle In-Transport,1,1,Daylight,1,Clear,1,Daytime,YES"
539,2013040316,40316,1,1,0,4,19,PIMA,0,NONE LISTED,6,6,0,Not a Collision with Motor Vehicle In-Transport,4,2,Dark - Not Lighted,1,Clear,2,Nighttime,NO,"539,2013040316,40316,1,1,0,4,19,PIMA,0,NONE LISTED,6,6,0,Not a Collision with Motor Vehicle In-Transport,4,2,Dark - Not Lighted,1,Clear,2,Nighttime,NO"
540,2013040317,40317,2,2,0,5,13,MARICOPA,370,PHOENIX,8,6,6,Angle,1,1,Daylight,1,Clear,1,Daytime,NO,"540,2013040317,40317,2,2,0,5,13,MARICOPA,370,PHOENIX,8,6,6,Angle,1,1,Daylight,1,Clear,1,Daytime,NO"
541,2013040318,40318,1,1,0,1,5,COCONINO,0,NONE LISTED,8,6,0,Not a Collision with Motor Vehicle In-Transport,2,1,Daylight,1,Clear,1,Daytime,YES,"541,2013040318,40318,1,1,0,1,5,COCONINO,0,NONE LISTED,8,6,0,Not a Collision with Motor Vehicle In-Transport,2,1,Daylight,1,Clear,1,Daytime,YES"
542,2013040320,40320,1,1,0,1,5,COCONINO,170,FLAGSTAFF,9,6,0,Not a Collision with Motor Vehicle In-Transport,3,1,Daylight,1,Clear,1,Daytime,YES,"542,2013040320,40320,1,1,0,1,5,COCONINO,170,FLAGSTAFF,9,6,0,Not a Collision with Motor Vehicle In-Transport,3,1,Daylight,1,Clear,1,Daytime,YES"
543,2013040321,40321,1,1,0,1,3,COCHISE,0,NONE LISTED,11,6,0,Not a Collision with Motor Vehicle In-Transport,5,1,Daylight,1,Clear,1,Daytime,YES,"543,2013040321,40321,1,1,0,1,3,COCHISE,0,NONE LISTED,11,6,0,Not a Collision with Motor Vehicle In-Transport,5,1,Daylight,1,Clear,1,Daytime,YES"
544,2013040325,40325,1,1,0,1,19,PIMA,0,NONE LISTED,16,6,0,Not a Collision with Motor Vehicle In-Transport,4,1,Daylight,1,Clear,1,Daytime,YES,"544,2013040325,40325,1,1,0,1,19,PIMA,0,NONE LISTED,16,6,0,Not a Collision with Motor Vehicle In-Transport,4,1,Daylight,1,Clear,1,Daytime,YES"
545,2013040328,40328,2,2,0,6,5,COCONINO,0,NONE LISTED,17,6,2,Front-to-Front,1,1,Daylight,1,Clear,1,Daytime,YES,"545,2013040328,40328,2,2,0,6,5,COCONINO,0,NONE LISTED,17,6,2,Front-to-Front,1,1,Daylight,1,Clear,1,Daytime,YES"
546,2013040330,40330,1,1,0,2,27,YUMA,0,NONE LISTED,21,6,0,Not a Collision with Motor Vehicle In-Transport,4,2,Dark - Not Lighted,1,Clear,2,Nighttime,YES,"546,2013040330,40330,1,1,0,2,27,YUMA,0,NONE LISTED,21,6,0,Not a Collision with Motor Vehicle In-Transport,4,2,Dark - Not Lighted,1,Clear,2,Nighttime,YES"
547,2013040331,40331,1,1,0,2,25,YAVAPAI,0,NONE LISTED,27,6,0,Not a Collision with Motor Vehicle In-Transport,4,2,Dark - Not Lighted,1,Clear,2,Nighttime,YES,"547,2013040331,40331,1,1,0,2,25,YAVAPAI,0,NONE LISTED,27,6,0,Not a Collision with Motor Vehicle In-Transport,4,2,Dark - Not Lighted,1,Clear,2,Nighttime,YES"
548,2013040332,40332,1,1,0,1,3,COCHISE,0,NONE LISTED,28,6,0,Not a Collision with Motor Vehicle In-Transport,5,2,Dark - Not Lighted,1,Clear,2,Nighttime,NO,"548,2013040332,40332,1,1,0,1,3,COCHISE,0,NONE LISTED,28,6,0,Not a Collision with Motor Vehicle In-Transport,5,2,Dark - Not Lighted,1,Clear,2,Nighttime,NO"
549,2013040336,40336,2,2,0,4,19,PIMA,0,NONE LISTED,30,6,2,Front-to-Front,1,2,Dark - Not Lighted,1,Clear,2,Nighttime,NO,"549,2013040336,40336,2,2,0,4,19,PIMA,0,NONE LISTED,30,6,2,Front-to-Front,1,2,Dark - Not Lighted,1,Clear,2,Nighttime,NO"
550,2013040338,40338,2,2,0,2,13,MARICOPA,200,GLENDALE,3,5,1,Front-to-Rear,1,1,Daylight,1,Clear,1,Daytime,NO,"550,2013040338,40338,2,2,0,2,13,MARICOPA,200,GLENDALE,3,5,1,Front-to-Rear,1,1,Daylight,1,Clear,1,Daytime,NO"
551,2013040339,40339,2,2,0,3,13,MARICOPA,370,PHOENIX,2,5,6,Angle,1,3,Dark - Lighted,1,Clear,2,Nighttime,YES,"551,2013040339,40339,2,2,0,3,13,MARICOPA,370,PHOENIX,2,5,6,Angle,1,3,Dark - Lighted,1,Clear,2,Nighttime,YES"
552,2013040340,40340,1,1,0,7,17,NAVAJO,0,NONE LISTED,4,5,0,Not a Collision with Motor Vehicle In-Transport,1,2,Dark - Not Lighted,1,Clear,2,Nighttime,NO,"552,2013040340,40340,1,1,0,7,17,NAVAJO,0,NONE LISTED,4,5,0,Not a Collision with Motor Vehicle In-Transport,1,2,Dark - Not Lighted,1,Clear,2,Nighttime,NO"