index,accident_id,ST_CASE,VE_TOTAL,VE_FORMS,PEDS,PERSONS,COUNTY,county_name,CITY,city_name,DAY,MONTH,MAN_COLL,man_coll_lit,REL_ROAD,LGT_COND,lgt_cond_lit,WEATHER,weather_lit,A_TOD,a_tod_lit,DEAD,concatenated
553,2013040342,40342,1,1,0,1,999,999,9999,UNKNOWN,7,5,99,Unknown,99,9,Unknown,99,Unknown,3,Unknown,YES,"553,2013040342,40342,1,1,0,1,999,999,9999,UNKNOWN,7,5,99,Unknown,99,9,Unknown,99,Unknown,3,Unknown,YES"
554,2013040343,40343,2,2,0,4,25,YAVAPAI,0,NONE LISTED,8,5,2,Front-to-Front,1,1,Daylight,1,Clear,1,Daytime,YES,"554,2013040343,40343,2,2,0,4,25,YAVAPAI,0,NONE LISTED,8,5,2,Front-to-Front,1,1,Daylight,1,Clear,1,Daytime,YES"
555,2013040344,40344,2,2,0,3,13,MARICOPA,370,PHOENIX,8,5,1,Front-to-Rear,1,1,Daylight,1,Clear,1,Daytime,YES,"555,2013040344,40344,2,2,0,3,13,MARICOPA,370,PHOENIX,8,5,1,Front-to-Rear,1,1,Daylight,1,Clear,1,Daytime,YES"
556,2013040345,40345,1,1,1,1,19,PIMA,0,NONE LISTED,23,5,0,Not a Collision with Motor Vehicle In-Transport,1,3,Dark - Lighted,1,Clear,2,Nighttime,YES,"556,2013040345,40345,1,1,1,1,19,PIMA,0,NONE LISTED,23,5,0,Not a Collision with Motor Vehicle In-Transport,1,3,Dark - Lighted,1,Clear,2,Nighttime,YES"
557,2013040346,40346,1,1,0,5,17,NAVAJO,0,NONE LISTED,5,5,0,Not a Collision with Motor Vehicle In-Transport,4,1,Daylight,10,Cloudy,1,Daytime,NO,"557,2013040346,40346,1,1,0,5,17,NAVAJO,0,NONE LISTED,5,5,0,Not a Collision with Motor Vehicle In-Transport,4,1,Daylight,10,Cloudy,1,Daytime,NO"
558,2013040348,40348,1,1,1,1,13,MARICOPA,370,PHOENIX,9,5,0,Not a Collision with Motor Vehicle In-Transport,1,3,Dark - Lighted,1,Clear,2,Nighttime,NO,"558,2013040348,40348,1,1,1,1,13,MARICOPA,370,PHOENIX,9,5,0,Not a Collision with Motor Vehicle In-Transport,1,3,Dark - Lighted,1,Clear,2,Nighttime,NO"
559,2013040351,40351,1,1,0,1,17,NAVAJO,0,NONE LISTED,12,5,0,Not a Collision with Motor Vehicle In-Transport,4,1,Daylight,1,Clear,1,Daytime,NO,"559,2013040351,40351,1,1,0,1,17,NAVAJO,0,NONE LISTED,12,5,0,Not a Collision with Motor Vehicle In-Transport,4,1,Daylight,1,Clear,1,Daytime,NO"
560,2013040352,40352,1,1,2,1,13,MARICOPA,370,PHOENIX,12,5,0,Not a Collision with Motor Vehicle In-Transport,1,3,Dark - Lighted,1,Clear,2,Nighttime,NO,"560,2013040352,40352,1,1,2,1,13,MARICOPA,370,PHOENIX,12,5,0,Not a Collision with Motor Vehicle In-Transport,1,3,Dark - Lighted,1,Clear,2,Nighttime,NO"
561,2013040353,40353,1,1,2,2,13,MARICOPA,370,PHOENIX,13,5,0,Not a Collision with Motor Vehicle In-Transport,4,3,Dark - Lighted,1,Clear,2,Nighttime,YES,"561,2013040353,40353,1,1,2,2,13,MARICOPA,370,PHOENIX,13,5,0,Not a Collision with Motor Vehicle In-Transport,4,3,Dark - Lighted,1,Clear,2,Nighttime,YES"
562,2013040355,40355,1,1,1,1,13,MARICOPA,200,GLENDALE,14,5,0,Not a Collision with Motor Vehicle In-Transport,1,1,Daylight,1,Clear,1,Daytime,YES,"562,2013040355,40355,1,1,1,1,13,MARICOPA,200,GLENDALE,14,5,0,Not a Collision with Motor Vehicle In-Transport,1,1,Daylight,1,Clear,1,Daytime,YES"
563,2013040357,40357,1,1,1,1,13,MARICOPA,370,PHOENIX,24,5,0,Not a Collision with Motor Vehicle In-Transport,1,3,Dark - Lighted,1,Clear,2,Nighttime,YES,"563,2013040357,40357,1,1,1,1,13,MARICOPA,370,PHOENIX,24,5,0,Not a Collision with Motor Vehicle In-Transport,1,3,Dark - Lighted,1,Clear,2,Nighttime,YES"
564,2013040358,40358,1,1,0,1,13,MARICOPA,290,MESA,19,5,0,Not a Collision with Motor Vehicle In-Transport,4,3,Dark - Lighted,1,Clear,2,Nighttime,YES,"564,2013040358,40358,1,1,0,1,13,MARICOPA,290,MESA,19,5,0,Not a Collision with Motor Vehicle In-Transport,4,3,Dark - Lighted,1,Clear,2,Nighttime,YES"
565,2013040362,40362,1,1,0,1,13,MARICOPA,290,MESA,25,5,0,Not a Collision with Motor Vehicle In-Transport,4,1,Daylight,1,Clear,1,Daytime,YES,"565,2013040362,40362,1,1,0,1,13,MARICOPA,290,MESA,25,5,0,Not a Collision with Motor Vehicle In-Transport,4,1,Daylight,1,Clear,1,Daytime,YES"
566,2013040364,40364,1,1,0,3,21,PINAL,0,NONE LISTED,10,6,0,Not a Collision with Motor Vehicle In-Transport,2,1,Daylight,1,Clear,1,Daytime,YES,"566,2013040364,40364,1,1,0,3,21,PINAL,0,NONE LISTED,10,6,0,Not a Collision with Motor Vehicle In-Transport,2,1,Daylight,1,Clear,1,Daytime,YES"
567,2013040367,40367,1,1,0,4,13,MARICOPA,0,NONE LISTED,10,5,0,Not a Collision with Motor Vehicle In-Transport,1,2,Dark - Not Lighted,1,Clear,2,Nighttime,NO,"567,2013040367,40367,1,1,0,4,13,MARICOPA,0,NONE LISTED,10,5,0,Not a Collision with Motor Vehicle In-Transport,1,2,Dark - Not Lighted,1,Clear,2,Nighttime,NO"
568,2013040369,40369,1,1,1,2,13,MARICOPA,370,PHOENIX,23,6,0,Not a Collision with Motor Vehicle In-Transport,1,3,Dark - Lighted,1,Clear,2,Nighttime,NO,"568,2013040369,40369,1,1,1,2,13,MARICOPA,370,PHOENIX,23,6,0,Not a Collision with Motor Vehicle In-Transport,1,3,Dark - Lighted,1,Clear,2,Nighttime,NO"
569,2013040374,40374,1,1,0,1,17,NAVAJO,0,NONE LISTED,3,7,0,Not a Collision with Motor Vehicle In-Transport,4,2,Dark - Not Lighted,1,Clear,2,Nighttime,NO,"569,2013040374,40374,1,1,0,1,17,NAVAJO,0,NONE LISTED,3,7,0,Not a Collision with Motor Vehicle In-Transport,4,2,Dark - Not Lighted,1,Clear,2,Nighttime,NO"
570,2013040375,40375,1,1,0,2,5,COCONINO,0,NONE LISTED,4,7,0,Not a Collision with Motor Vehicle In-Transport,4,1,Daylight,8,Other,1,Daytime,YES,"570,2013040375,40375,1,1,0,2,5,COCONINO,0,NONE LISTED,4,7,0,Not a Collision with Motor Vehicle In-Transport,4,1,Daylight,8,Other,1,Daytime,YES"
571,2013040378,40378,1,1,0,3,15,MOHAVE,0,NONE LISTED,6,7,0,Not a Collision with Motor Vehicle In-Transport,4,1,Daylight,1,Clear,1,Daytime,NO,"571,2013040378,40378,1,1,0,3,15,MOHAVE,0,NONE LISTED,6,7,0,Not a Collision with Motor Vehicle In-Transport,4,1,Daylight,1,Clear,1,Daytime,NO"
572,2013040382,40382,1,1,1,1,5,COCONINO,0,NONE LISTED,8,7,0,Not a Collision with Motor Vehicle In-Transport,1,1,Daylight,1,Clear,1,Daytime,YES,"572,2013040382,40382,1,1,1,1,5,COCONINO,0,NONE LISTED,8,7,0,Not a Collision with Motor Vehicle In-Transport,1,1,Daylight,1,Clear,1,Daytime,YES"
573,2013040384,40384,1,1,1,1,13,MARICOPA,370,PHOENIX,9,7,0,Not a Collision with Motor Vehicle In-Transport,1,3,Dark - Lighted,1,Clear,2,Nighttime,YES,"573,2013040384,40384,1,1,1,1,13,MARICOPA,370,PHOENIX,9,7,0,Not a Collision with Motor Vehicle In-Transport,1,3,Dark - Lighted,1,Clear,2,Nighttime,YES"
574,2013040385,40385,2,2,0,4,13,MARICOPA,368,PEORIA,12,7,0,Not a Collision with Motor Vehicle In-Transport,1,3,Dark - Lighted,1,Clear,2,Nighttime,YES,"574,2013040385,40385,2,2,0,4,13,MARICOPA,368,PEORIA,12,7,0,Not a Collision with Motor Vehicle In-Transport,1,3,Dark - Lighted,1,Clear,2,Nighttime,YES"
575,2013040387,40387,1,1,1,1,19,PIMA,530,TUCSON,15,7,0,Not a Collision with Motor Vehicle In-Transport,1,1,Daylight,10,Cloudy,1,Daytime,YES,"575,2013040387,40387,1,1,1,1,19,PIMA,530,TUCSON,15,7,0,Not a Collision with Motor Vehicle In-Transport,1,1,Daylight,10,Cloudy,1,Daytime,YES"
576,2013040388,40388,1,1,0,2,25,YAVAPAI,0,NONE LISTED,17,7,0,Not a Collision with Motor Vehicle In-Transport,4,1,Daylight,10,Cloudy,1,Daytime,YES,"576,2013040388,40388,1,1,0,2,25,YAVAPAI,0,NONE LISTED,17,7,0,Not a Collision with Motor Vehicle In-Transport,4,1,Daylight,10,Cloudy,1,Daytime,YES"
577,2013040391,40391,2,2,0,3,15,MOHAVE,0,NONE LISTED,21,7,1,Front-to-Rear,1,2,Dark - Not Lighted,10,Cloudy,2,Nighttime,YES,"577,2013040391,40391,2,2,0,3,15,MOHAVE,0,NONE LISTED,21,7,1,Front-to-Rear,1,2,Dark - Not Lighted,10,Cloudy,2,Nighttime,YES"
578,2013040395,40395,2,2,0,2,15,MOHAVE,268,LAKE HAVASU CITY,29,7,1,Front-to-Rear,1,2,Dark - Not Lighted,1,Clear,2,Nighttime,YES,"578,2013040395,40395,2,2,0,2,15,MOHAVE,268,LAKE HAVASU CITY,29,7,1,Front-to-Rear,1,2,Dark - Not Lighted,1,Clear,2,Nighttime,YES"
579,2013040396,40396,1,1,0,2,17,NAVAJO,0,NONE LISTED,17,2,0,Not a Collision with Motor Vehicle In-Transport,2,9,Unknown,99,Unknown,3,Unknown,YES,"579,2013040396,40396,1,1,0,2,17,NAVAJO,0,NONE LISTED,17,2,0,Not a Collision with Motor Vehicle In-Transport,2,9,Unknown,99,Unknown,3,Unknown,YES"
580,2013040397,40397,1,1,0,1,25,YAVAPAI,0,NONE LISTED,5,6,0,Not a Collision with Motor Vehicle In-Transport,4,1,Daylight,1,Clear,1,Daytime,YES,"580,2013040397,40397,1,1,0,1,25,YAVAPAI,0,NONE LISTED,5,6,0,Not a Collision with Motor Vehicle In-Transport,4,1,Daylight,1,Clear,1,Daytime,YES"
581,2013040399,40399,1,1,0,5,13,MARICOPA,368,PEORIA,4,7,0,Not a Collision with Motor Vehicle In-Transport,4,1,Daylight,1,Clear,1,Daytime,YES,"581,2013040399,40399,1,1,0,5,13,MARICOPA,368,PEORIA,4,7,0,Not a Collision with Motor Vehicle In-Transport,4,1,Daylight,1,Clear,1,Daytime,YES"
582,2013040400,40400,1,1,0,2,19,PIMA,530,TUCSON,23,6,0,Not a Collision with Motor Vehicle In-Transport,4,2,Dark - Not Lighted,1,Clear,2,Nighttime,NO,"582,2013040400,40400,1,1,0,2,19,PIMA,530,TUCSON,23,6,0,Not a Collision with Motor Vehicle In-Transport,4,2,Dark - Not Lighted,1,Clear,2,Nighttime,NO"
583,2013040401,40401,2,2,0,2,13,MARICOPA,290,MESA,4,7,2,Front-to-Front,1,3,Dark - Lighted,1,Clear,2,Nighttime,YES,"583,2013040401,40401,2,2,0,2,13,MARICOPA,290,MESA,4,7,2,Front-to-Front,1,3,Dark - Lighted,1,Clear,2,Nighttime,YES"
584,2013040402,40402,1,1,0,1,19,PIMA,0,NONE LISTED,5,7,0,Not a Collision with Motor Vehicle In-Transport,4,1,Daylight,10,Cloudy,1,Daytime,YES,"584,2013040402,40402,1,1,0,1,19,PIMA,0,NONE LISTED,5,7,0,Not a Collision with Motor Vehicle In-Transport,4,1,Daylight,10,Cloudy,1,Daytime,YES"
585,2013040403,40403,1,1,0,5,12,LA PAZ,0,NONE LISTED,26,7,0,Not a Collision with Motor Vehicle In-Transport,4,3,Dark - Lighted,10,Cloudy,2,Nighttime,YES,"585,2013040403,40403,1,1,0,5,12,LA PAZ,0,NONE LISTED,26,7,0,Not a Collision with Motor Vehicle In-Transport,4,3,Dark - Lighted,10,Cloudy,2,Nighttime,YES"
586,2013040404,40404,2,2,0,2,25,YAVAPAI,0,NONE LISTED,28,4,1,Front-to-Rear,1,2,Dark - Not Lighted,1,Clear,2,Nighttime,NO,"586,2013040404,40404,2,2,0,2,25,YAVAPAI,0,NONE LISTED,28,4,1,Front-to-Rear,1,2,Dark - Not Lighted,1,Clear,2,Nighttime,NO"
587,2013040406,40406,2,2,0,4,13,MARICOPA,290,MESA,26,6,2,Front-to-Front,1,3,Dark - Lighted,1,Clear,2,Nighttime,NO,"587,2013040406,40406,2,2,0,4,13,MARICOPA,290,MESA,26,6,2,Front-to-Front,1,3,Dark - Lighted,1,Clear,2,Nighttime,NO"
588,2013040407,40407,1,1,0,2,1,APACHE,0,NONE LISTED,28,6,0,Not a Collision with Motor Vehicle In-Transport,4,2,Dark - Not Lighted,1,Clear,2,Nighttime,NO,"588,2013040407,40407,1,1,0,2,1,APACHE,0,NONE LISTED,28,6,0,Not a Collision with Motor Vehicle In-Transport,4,2,Dark - Not Lighted,1,Clear,2,Nighttime,NO"
589,2013040410,40410,1,1,0,1,5,COCONINO,0,NONE LISTED,2,6,0,Not a Collision with Motor Vehicle In-Transport,99,1,Daylight,99,Unknown,1,Daytime,YES,"589,2013040410,40410,1,1,0,1,5,COCONINO,0,NONE LISTED,2,6,0,Not a Collision with Motor Vehicle In-Transport,99,1,Daylight,99,Unknown,1,Daytime,YES"
590,2013040411,40411,1,1,1,1,13,MARICOPA,200,GLENDALE,5,6,0,Not a Collision with Motor Vehicle In-Transport,1,3,Dark - Lighted,1,Clear,2,Nighttime,YES,"590,2013040411,40411,1,1,1,1,13,MARICOPA,200,GLENDALE,5,6,0,Not a Collision with Motor Vehicle In-Transport,1,3,Dark - Lighted,1,Clear,2,Nighttime,YES"
591,2013040412,40412,1,1,1,1,1,APACHE,0,NONE LISTED,8,6,0,Not a Collision with Motor Vehicle In-Transport,1,6,Dark - Unknown Lighting,98,Not Reported,2,Nighttime,NO,"591,2013040412,40412,1,1,1,1,1,APACHE,0,NONE LISTED,8,6,0,Not a Collision with Motor Vehicle In-Transport,1,6,Dark - Unknown Lighting,98,Not Reported,2,Nighttime,NO"
592,2013040413,40413,1,1,0,1,13,MARICOPA,370,PHOENIX,8,6,0,Not a Collision with Motor Vehicle In-Transport,4,3,Dark - Lighted,1,Clear,2,Nighttime,NO,"592,2013040413,40413,1,1,0,1,13,MARICOPA,370,PHOENIX,8,6,0,Not a Collision with Motor Vehicle In-Transport,4,3,Dark - Lighted,1,Clear,2,Nighttime,NO"
593,2013040414,40414,1,1,0,2,17,NAVAJO,0,NONE LISTED,8,6,0,Not a Collision with Motor Vehicle In-Transport,4,2,Dark - Not Lighted,1,Clear,2,Nighttime,YES,"593,2013040414,40414,1,1,0,2,17,NAVAJO,0,NONE LISTED,8,6,0,Not a Collision with Motor Vehicle In-Transport,4,2,Dark - Not Lighted,1,Clear,2,Nighttime,YES"
594,2013040415,40415,1,1,1,1,17,NAVAJO,0,NONE LISTED,11,6,0,Not a Collision with Motor Vehicle In-Transport,99,1,Daylight,99,Unknown,1,Daytime,YES,"594,2013040415,40415,1,1,1,1,17,NAVAJO,0,NONE LISTED,11,6,0,Not a Collision with Motor Vehicle In-Transport,99,1,Daylight,99,Unknown,1,Daytime,YES"
595,2013040416,40416,2,2,0,11,13,MARICOPA,80,CHANDLER,13,6,6,Angle,1,3,Dark - Lighted,1,Clear,2,Nighttime,NO,"595,2013040416,40416,2,2,0,11,13,MARICOPA,80,CHANDLER,13,6,6,Angle,1,3,Dark - Lighted,1,Clear,2,Nighttime,NO"
596,2013040417,40417,1,1,0,5,27,YUMA,417,SAN LUIS,14,6,0,Not a Collision with Motor Vehicle In-Transport,4,6,Dark - Unknown Lighting,99,Unknown,2,Nighttime,YES,"596,2013040417,40417,1,1,0,5,27,YUMA,417,SAN LUIS,14,6,0,Not a Collision with Motor Vehicle In-Transport,4,6,Dark - Unknown Lighting,99,Unknown,2,Nighttime,YES"
597,2013040419,40419,1,1,0,1,13,MARICOPA,0,NONE LISTED,19,6,0,Not a Collision with Motor Vehicle In-Transport,1,1,Daylight,1,Clear,1,Daytime,YES,"597,2013040419,40419,1,1,0,1,13,MARICOPA,0,NONE LISTED,19,6,0,Not a Collision with Motor Vehicle In-Transport,1,1,Daylight,1,Clear,1,Daytime,YES"
598,2013040420,40420,1,1,1,1,27,YUMA,620,YUMA,21,6,0,Not a Collision with Motor Vehicle In-Transport,1,3,Dark - Lighted,1,Clear,2,Nighttime,YES,"598,2013040420,40420,1,1,1,1,27,YUMA,620,YUMA,21,6,0,Not a Collision with Motor Vehicle In-Transport,1,3,Dark - Lighted,1,Clear,2,Nighttime,YES"
599,2013040421,40421,1,1,0,2,19,PIMA,0,NONE LISTED,22,6,0,Not a Collision with Motor Vehicle In-Transport,99,9,Unknown,99,Unknown,2,Nighttime,NO,"599,2013040421,40421,1,1,0,2,19,PIMA,0,NONE LISTED,22,6,0,Not a Collision with Motor Vehicle In-Transport,99,9,Unknown,99,Unknown,2,Nighttime,NO"
600,2013040422,40422,1,1,0,1,19,PIMA,0,NONE LISTED,22,6,0,Not a Collision with Motor Vehicle In-Transport,4,2,Dark - Not Lighted,1,Clear,2,Nighttime,YES,"600,2013040422,40422,1,1,0,1,19,PIMA,0,NONE LISTED,22,6,0,Not a Collision with Motor Vehicle In-Transport,4,2,Dark - Not Lighted,1,Clear,2,Nighttime,YES"
601,2013040423,40423,1,1,1,1,5,COCONINO,170,FLAGSTAFF,26,6,0,Not a Collision with Motor Vehicle In-Transport,4,1,Daylight,1,Clear,1,Daytime,NO,"601,2013040423,40423,1,1,1,1,5,COCONINO,170,FLAGSTAFF,26,6,0,Not a Collision with Motor Vehicle In-Transport,4,1,Daylight,1,Clear,1,Daytime,NO"
602,2013040424,40424,1,1,0,1,5,COCONINO,0,NONE LISTED,30,6,0,Not a Collision with Motor Vehicle In-Transport,99,9,Unknown,99,Unknown,3,Unknown,NO,"602,2013040424,40424,1,1,0,1,5,COCONINO,0,NONE LISTED,30,6,0,Not a Collision with Motor Vehicle In-Transport,99,9,Unknown,99,Unknown,3,Unknown,NO"
603,2013040427,40427,1,1,1,1,21,PINAL,180,FLORENCE,25,7,0,Not a Collision with Motor Vehicle In-Transport,1,1,Daylight,1,Clear,1,Daytime,NO,"603,2013040427,40427,1,1,1,1,21,PINAL,180,FLORENCE,25,7,0,Not a Collision with Motor Vehicle In-Transport,1,1,Daylight,1,Clear,1,Daytime,NO"
604,2013040428,40428,2,2,0,4,13,MARICOPA,370,PHOENIX,2,7,6,Angle,1,1,Daylight,1,Clear,1,Daytime,YES,"604,2013040428,40428,2,2,0,4,13,MARICOPA,370,PHOENIX,2,7,6,Angle,1,1,Daylight,1,Clear,1,Daytime,YES"
605,2013040430,40430,2,2,0,2,13,MARICOPA,290,MESA,30,7,6,Angle,1,1,Daylight,1,Clear,1,Daytime,NO,"605,2013040430,40430,2,2,0,2,13,MARICOPA,290,MESA,30,7,6,Angle,1,1,Daylight,1,Clear,1,Daytime,NO"
606,2013040431,40431,1,1,0,1,1,APACHE,0,NONE LISTED,8,7,0,Not a Collision with Motor Vehicle In-Transport,4,4,Dawn,1,Clear,1,Daytime,YES,"606,2013040431,40431,1,1,0,1,1,APACHE,0,NONE LISTED,8,7,0,Not a Collision with Motor Vehicle In-Transport,4,4,Dawn,1,Clear,1,Daytime,YES"
607,2013040437,40437,2,2,0,3,19,PIMA,0,NONE LISTED,13,7,7,Sideswipe - Same Direction,1,1,Daylight,10,Cloudy,1,Daytime,NO,"607,2013040437,40437,2,2,0,3,19,PIMA,0,NONE LISTED,13,7,7,Sideswipe - Same Direction,1,1,Daylight,10,Cloudy,1,Daytime,NO"
608,2013040440,40440,2,2,0,5,7,GILA,0,NONE LISTED,25,7,2,Front-to-Front,1,1,Daylight,2,Rain,1,Daytime,NO,"608,2013040440,40440,2,2,0,5,7,GILA,0,NONE LISTED,25,7,2,Front-to-Front,1,1,Daylight,2,Rain,1,Daytime,NO"
609,2013040441,40441,1,1,0,1,21,PINAL,0,NONE LISTED,1,8,0,Not a Collision with Motor Vehicle In-Transport,4,2,Dark - Not Lighted,1,Clear,2,Nighttime,YES,"609,2013040441,40441,1,1,0,1,21,PINAL,0,NONE LISTED,1,8,0,Not a Collision with Motor Vehicle In-Transport,4,2,Dark - Not Lighted,1,Clear,2,Nighttime,YES"
610,2013040442,40442,1,1,0,1,27,YUMA,620,YUMA,1,8,0,Not a Collision with Motor Vehicle In-Transport,4,4,Dawn,1,Clear,2,Nighttime,YES,"610,2013040442,40442,1,1,0,1,27,YUMA,620,YUMA,1,8,0,Not a Collision with Motor Vehicle In-Transport,4,4,Dawn,1,Clear,2,Nighttime,YES"
611,2013040443,40443,1,1,0,1,7,GILA,0,NONE LISTED,2,8,0,Not a Collision with Motor Vehicle In-Transport,4,5,Dusk,1,Clear,2,Nighttime,YES,"611,2013040443,40443,1,1,0,1,7,GILA,0,NONE LISTED,2,8,0,Not a Collision with Motor Vehicle In-Transport,4,5,Dusk,1,Clear,2,Nighttime,YES"
612,2013040445,40445,1,1,1,1,13,MARICOPA,370,PHOENIX,7,8,0,Not a Collision with Motor Vehicle In-Transport,1,3,Dark - Lighted,1,Clear,2,Nighttime,NO,"612,2013040445,40445,1,1,1,1,13,MARICOPA,370,PHOENIX,7,8,0,Not a Collision with Motor Vehicle In-Transport,1,3,Dark - Lighted,1,Clear,2,Nighttime,NO"
613,2013040446,40446,1,1,1,1,13,MARICOPA,158,EL MIRAGE,7,8,0,Not a Collision with Motor Vehicle In-Transport,1,3,Dark - Lighted,1,Clear,2,Nighttime,YES,"613,2013040446,40446,1,1,1,1,13,MARICOPA,158,EL MIRAGE,7,8,0,Not a Collision with Motor Vehicle In-Transport,1,3,Dark - Lighted,1,Clear,2,Nighttime,YES"
614,2013040449,40449,1,1,1,3,19,PIMA,530,TUCSON,9,8,0,Not a Collision with Motor Vehicle In-Transport,1,3,Dark - Lighted,1,Clear,2,Nighttime,YES,"614,2013040449,40449,1,1,1,3,19,PIMA,530,TUCSON,9,8,0,Not a Collision with Motor Vehicle In-Transport,1,3,Dark - Lighted,1,Clear,2,Nighttime,YES"
615,2013040450,40450,1,1,1,1,13,MARICOPA,370,PHOENIX,12,8,0,Not a Collision with Motor Vehicle In-Transport,1,3,Dark - Lighted,1,Clear,2,Nighttime,NO,"615,2013040450,40450,1,1,1,1,13,MARICOPA,370,PHOENIX,12,8,0,Not a Collision with Motor Vehicle In-Transport,1,3,Dark - Lighted,1,Clear,2,Nighttime,NO"
616,2013040454,40454,1,1,1,1,13,MARICOPA,290,MESA,13,8,0,Not a Collision with Motor Vehicle In-Transport,1,5,Dusk,10,Cloudy,2,Nighttime,YES,"616,2013040454,40454,1,1,1,1,13,MARICOPA,290,MESA,13,8,0,Not a Collision with Motor Vehicle In-Transport,1,5,Dusk,10,Cloudy,2,Nighttime,YES"
617,2013040458,40458,1,1,1,1,13,MARICOPA,220,GOODYEAR,19,8,0,Not a Collision with Motor Vehicle In-Transport,1,1,Daylight,1,Clear,1,Daytime,NO,"617,2013040458,40458,1,1,1,1,13,MARICOPA,220,GOODYEAR,19,8,0,Not a Collision with Motor Vehicle In-Transport,1,1,Daylight,1,Clear,1,Daytime,NO"
618,2013040459,40459,1,1,0,1,25,YAVAPAI,0,NONE LISTED,20,8,0,Not a Collision with Motor Vehicle In-Transport,4,1,Daylight,1,Clear,1,Daytime,YES,"618,2013040459,40459,1,1,0,1,25,YAVAPAI,0,NONE LISTED,20,8,0,Not a Collision with Motor Vehicle In-Transport,4,1,Daylight,1,Clear,1,Daytime,YES"
619,2013040460,40460,1,1,0,1,25,YAVAPAI,386,PRESCOTT,24,8,0,Not a Collision with Motor Vehicle In-Transport,1,3,Dark - Lighted,10,Cloudy,2,Nighttime,YES,"619,2013040460,40460,1,1,0,1,25,YAVAPAI,386,PRESCOTT,24,8,0,Not a Collision with Motor Vehicle In-Transport,1,3,Dark - Lighted,10,Cloudy,2,Nighttime,YES"
620,2013040466,40466,1,1,0,1,19,PIMA,530,TUCSON,5,7,0,Not a Collision with Motor Vehicle In-Transport,4,4,Dawn,1,Clear,1,Daytime,YES,"620,2013040466,40466,1,1,0,1,19,PIMA,530,TUCSON,5,7,0,Not a Collision with Motor Vehicle In-Transport,4,4,Dawn,1,Clear,1,Daytime,YES"
621,2013040467,40467,2,2,0,2,13,MARICOPA,0,NONE LISTED,10,7,6,Angle,1,1,Daylight,10,Cloudy,1,Daytime,YES,"621,2013040467,40467,2,2,0,2,13,MARICOPA,0,NONE LISTED,10,7,6,Angle,1,1,Daylight,10,Cloudy,1,Daytime,YES"
622,2013040468,40468,2,2,0,4,13,MARICOPA,0,NONE LISTED,13,7,6,Angle,1,1,Daylight,1,Clear,1,Daytime,YES,"622,2013040468,40468,2,2,0,4,13,MARICOPA,0,NONE LISTED,13,7,6,Angle,1,1,Daylight,1,Clear,1,Daytime,YES"
623,2013040479,40479,2,1,0,1,13,MARICOPA,370,PHOENIX,6,7,0,Not a Collision with Motor Vehicle In-Transport,2,1,Daylight,1,Clear,1,Daytime,NO,"623,2013040479,40479,2,1,0,1,13,MARICOPA,370,PHOENIX,6,7,0,Not a Collision with Motor Vehicle In-Transport,2,1,Daylight,1,Clear,1,Daytime,NO"
624,2013040480,40480,1,1,0,1,11,GREENLEE,0,NONE LISTED,14,7,99,Unknown,99,9,Unknown,99,Unknown,3,Unknown,YES,"624,2013040480,40480,1,1,0,1,11,GREENLEE,0,NONE LISTED,14,7,99,Unknown,99,9,Unknown,99,Unknown,3,Unknown,YES"
625,2013040481,40481,1,1,2,1,13,MARICOPA,370,PHOENIX,16,7,0,Not a Collision with Motor Vehicle In-Transport,1,1,Daylight,1,Clear,2,Nighttime,NO,"625,2013040481,40481,1,1,2,1,13,MARICOPA,370,PHOENIX,16,7,0,Not a Collision with Motor Vehicle In-Transport,1,1,Daylight,1,Clear,2,Nighttime,NO"
626,2013040482,40482,2,2,0,4,17,NAVAJO,240,HOLBROOK,17,7,2,Front-to-Front,1,1,Daylight,10,Cloudy,1,Daytime,NO,"626,2013040482,40482,2,2,0,4,17,NAVAJO,240,HOLBROOK,17,7,2,Front-to-Front,1,1,Daylight,10,Cloudy,1,Daytime,NO"
627,2013040485,40485,1,1,0,2,21,PINAL,0,NONE LISTED,21,7,0,Not a Collision with Motor Vehicle In-Transport,99,9,Unknown,99,Unknown,3,Unknown,NO,"627,2013040485,40485,1,1,0,2,21,PINAL,0,NONE LISTED,21,7,0,Not a Collision with Motor Vehicle In-Transport,99,9,Unknown,99,Unknown,3,Unknown,NO"
628,2013040486,40486,1,1,1,2,9,GRAHAM,0,NONE LISTED,22,7,0,Not a Collision with Motor Vehicle In-Transport,1,1,Daylight,98,Not Reported,2,Nighttime,YES,"628,2013040486,40486,1,1,1,2,9,GRAHAM,0,NONE LISTED,22,7,0,Not a Collision with Motor Vehicle In-Transport,1,1,Daylight,98,Not Reported,2,Nighttime,YES"