index,accident_id,ST_CASE,VE_TOTAL,VE_FORMS,PEDS,PERSONS,COUNTY,county_name,CITY,city_name,DAY,MONTH,MAN_COLL,man_coll_lit,REL_ROAD,LGT_COND,lgt_cond_lit,WEATHER,weather_lit,A_TOD,a_tod_lit,DEAD,concatenated
629,2013040487,40487,2,2,0,6,13,MARICOPA,370,PHOENIX,22,7,6,Angle,1,1,Daylight,1,Clear,1,Daytime,NO,"629,2013040487,40487,2,2,0,6,13,MARICOPA,370,PHOENIX,22,7,6,Angle,1,1,Daylight,1,Clear,1,Daytime,NO"
630,2013040488,40488,1,1,1,2,13,MARICOPA,370,PHOENIX,23,7,0,Not a Collision with Motor Vehicle In-Transport,1,3,Dark - Lighted,1,Clear,2,Nighttime,YES,"630,2013040488,40488,1,1,1,2,13,MARICOPA,370,PHOENIX,23,7,0,Not a Collision with Motor Vehicle In-Transport,1,3,Dark - Lighted,1,Clear,2,Nighttime,YES"
631,2013040489,40489,1,1,1,1,17,NAVAJO,0,NONE LISTED,27,7,0,Not a Collision with Motor Vehicle In-Transport,1,2,Dark - Not Lighted,1,Clear,2,Nighttime,NO,"631,2013040489,40489,1,1,1,1,17,NAVAJO,0,NONE LISTED,27,7,0,Not a Collision with Motor Vehicle In-Transport,1,2,Dark - Not Lighted,1,Clear,2,Nighttime,NO"
632,2013040492,40492,1,1,0,2,17,NAVAJO,0,NONE LISTED,29,7,0,Not a Collision with Motor Vehicle In-Transport,99,9,Unknown,99,Unknown,2,Nighttime,NO,"632,2013040492,40492,1,1,0,2,17,NAVAJO,0,NONE LISTED,29,7,0,Not a Collision with Motor Vehicle In-Transport,99,9,Unknown,99,Unknown,2,Nighttime,NO"
633,2013040493,40493,1,1,0,3,17,NAVAJO,0,NONE LISTED,30,7,0,Not a Collision with Motor Vehicle In-Transport,99,6,Dark - Unknown Lighting,98,Not Reported,2,Nighttime,YES,"633,2013040493,40493,1,1,0,3,17,NAVAJO,0,NONE LISTED,30,7,0,Not a Collision with Motor Vehicle In-Transport,99,6,Dark - Unknown Lighting,98,Not Reported,2,Nighttime,YES"
634,2013040495,40495,1,1,0,2,13,MARICOPA,490,TEMPE,26,8,0,Not a Collision with Motor Vehicle In-Transport,4,3,Dark - Lighted,10,Cloudy,2,Nighttime,YES,"634,2013040495,40495,1,1,0,2,13,MARICOPA,490,TEMPE,26,8,0,Not a Collision with Motor Vehicle In-Transport,4,3,Dark - Lighted,10,Cloudy,2,Nighttime,YES"
635,2013040498,40498,2,2,0,3,15,MOHAVE,178,FORT MOHAVE,15,8,6,Angle,1,5,Dusk,1,Clear,2,Nighttime,NO,"635,2013040498,40498,2,2,0,3,15,MOHAVE,178,FORT MOHAVE,15,8,6,Angle,1,5,Dusk,1,Clear,2,Nighttime,NO"
636,2013040500,40500,2,2,0,2,13,MARICOPA,0,NONE LISTED,1,8,6,Angle,1,1,Daylight,10,Cloudy,1,Daytime,NO,"636,2013040500,40500,2,2,0,2,13,MARICOPA,0,NONE LISTED,1,8,6,Angle,1,1,Daylight,10,Cloudy,1,Daytime,NO"
637,2013040501,40501,3,3,0,6,19,PIMA,530,TUCSON,31,8,6,Angle,1,1,Daylight,1,Clear,1,Daytime,YES,"637,2013040501,40501,3,3,0,6,19,PIMA,530,TUCSON,31,8,6,Angle,1,1,Daylight,1,Clear,1,Daytime,YES"
638,2013040502,40502,1,1,1,1,27,YUMA,620,YUMA,17,8,0,Not a Collision with Motor Vehicle In-Transport,1,3,Dark - Lighted,1,Clear,2,Nighttime,NO,"638,2013040502,40502,1,1,1,1,27,YUMA,620,YUMA,17,8,0,Not a Collision with Motor Vehicle In-Transport,1,3,Dark - Lighted,1,Clear,2,Nighttime,NO"
639,2013040504,40504,1,1,0,1,15,MOHAVE,0,NONE LISTED,1,9,0,Not a Collision with Motor Vehicle In-Transport,4,2,Dark - Not Lighted,1,Clear,2,Nighttime,YES,"639,2013040504,40504,1,1,0,1,15,MOHAVE,0,NONE LISTED,1,9,0,Not a Collision with Motor Vehicle In-Transport,4,2,Dark - Not Lighted,1,Clear,2,Nighttime,YES"
640,2013040505,40505,2,2,0,4,13,MARICOPA,290,MESA,4,9,99,Unknown,1,1,Daylight,1,Clear,1,Daytime,YES,"640,2013040505,40505,2,2,0,4,13,MARICOPA,290,MESA,4,9,99,Unknown,1,1,Daylight,1,Clear,1,Daytime,YES"
641,2013040507,40507,2,2,0,2,19,PIMA,0,NONE LISTED,7,9,99,Unknown,1,1,Daylight,1,Clear,1,Daytime,YES,"641,2013040507,40507,2,2,0,2,19,PIMA,0,NONE LISTED,7,9,99,Unknown,1,1,Daylight,1,Clear,1,Daytime,YES"
642,2013040509,40509,1,1,0,1,13,MARICOPA,0,NONE LISTED,6,9,0,Not a Collision with Motor Vehicle In-Transport,4,2,Dark - Not Lighted,10,Cloudy,2,Nighttime,YES,"642,2013040509,40509,1,1,0,1,13,MARICOPA,0,NONE LISTED,6,9,0,Not a Collision with Motor Vehicle In-Transport,4,2,Dark - Not Lighted,10,Cloudy,2,Nighttime,YES"
643,2013040513,40513,1,1,0,1,27,YUMA,0,NONE LISTED,12,9,0,Not a Collision with Motor Vehicle In-Transport,4,2,Dark - Not Lighted,1,Clear,2,Nighttime,YES,"643,2013040513,40513,1,1,0,1,27,YUMA,0,NONE LISTED,12,9,0,Not a Collision with Motor Vehicle In-Transport,4,2,Dark - Not Lighted,1,Clear,2,Nighttime,YES"
644,2013040516,40516,2,2,1,2,15,MOHAVE,260,KINGMAN,13,9,0,Not a Collision with Motor Vehicle In-Transport,1,5,Dusk,1,Clear,2,Nighttime,NO,"644,2013040516,40516,2,2,1,2,15,MOHAVE,260,KINGMAN,13,9,0,Not a Collision with Motor Vehicle In-Transport,1,5,Dusk,1,Clear,2,Nighttime,NO"
645,2013040519,40519,1,1,0,3,13,MARICOPA,0,NONE LISTED,13,9,0,Not a Collision with Motor Vehicle In-Transport,4,2,Dark - Not Lighted,1,Clear,2,Nighttime,YES,"645,2013040519,40519,1,1,0,3,13,MARICOPA,0,NONE LISTED,13,9,0,Not a Collision with Motor Vehicle In-Transport,4,2,Dark - Not Lighted,1,Clear,2,Nighttime,YES"
646,2013040524,40524,2,2,0,6,13,MARICOPA,486,SURPRISE,15,9,6,Angle,1,1,Daylight,1,Clear,1,Daytime,NO,"646,2013040524,40524,2,2,0,6,13,MARICOPA,486,SURPRISE,15,9,6,Angle,1,1,Daylight,1,Clear,1,Daytime,NO"
647,2013040525,40525,3,3,0,5,19,PIMA,530,TUCSON,16,9,1,Front-to-Rear,1,1,Daylight,1,Clear,1,Daytime,NO,"647,2013040525,40525,3,3,0,5,19,PIMA,530,TUCSON,16,9,1,Front-to-Rear,1,1,Daylight,1,Clear,1,Daytime,NO"
648,2013040527,40527,1,1,1,1,5,COCONINO,170,FLAGSTAFF,16,9,0,Not a Collision with Motor Vehicle In-Transport,1,3,Dark - Lighted,1,Clear,2,Nighttime,NO,"648,2013040527,40527,1,1,1,1,5,COCONINO,170,FLAGSTAFF,16,9,0,Not a Collision with Motor Vehicle In-Transport,1,3,Dark - Lighted,1,Clear,2,Nighttime,NO"
649,2013040533,40533,1,1,0,1,19,PIMA,0,NONE LISTED,22,9,0,Not a Collision with Motor Vehicle In-Transport,4,2,Dark - Not Lighted,1,Clear,2,Nighttime,YES,"649,2013040533,40533,1,1,0,1,19,PIMA,0,NONE LISTED,22,9,0,Not a Collision with Motor Vehicle In-Transport,4,2,Dark - Not Lighted,1,Clear,2,Nighttime,YES"
650,2013040535,40535,1,1,0,2,13,MARICOPA,30,AVONDALE,27,9,0,Not a Collision with Motor Vehicle In-Transport,4,3,Dark - Lighted,1,Clear,2,Nighttime,NO,"650,2013040535,40535,1,1,0,2,13,MARICOPA,30,AVONDALE,27,9,0,Not a Collision with Motor Vehicle In-Transport,4,3,Dark - Lighted,1,Clear,2,Nighttime,NO"
651,2013040537,40537,1,1,1,1,1,APACHE,0,NONE LISTED,27,7,0,Not a Collision with Motor Vehicle In-Transport,1,6,Dark - Unknown Lighting,98,Not Reported,2,Nighttime,NO,"651,2013040537,40537,1,1,1,1,1,APACHE,0,NONE LISTED,27,7,0,Not a Collision with Motor Vehicle In-Transport,1,6,Dark - Unknown Lighting,98,Not Reported,2,Nighttime,NO"
652,2013040539,40539,1,1,0,1,7,GILA,0,NONE LISTED,28,9,0,Not a Collision with Motor Vehicle In-Transport,4,2,Dark - Not Lighted,1,Clear,2,Nighttime,YES,"652,2013040539,40539,1,1,0,1,7,GILA,0,NONE LISTED,28,9,0,Not a Collision with Motor Vehicle In-Transport,4,2,Dark - Not Lighted,1,Clear,2,Nighttime,YES"
653,2013040544,40544,3,3,0,5,15,MOHAVE,0,NONE LISTED,10,8,1,Front-to-Rear,1,1,Daylight,1,Clear,1,Daytime,YES,"653,2013040544,40544,3,3,0,5,15,MOHAVE,0,NONE LISTED,10,8,1,Front-to-Rear,1,1,Daylight,1,Clear,1,Daytime,YES"
654,2013040548,40548,3,3,0,4,13,MARICOPA,370,PHOENIX,7,9,6,Angle,1,1,Daylight,10,Cloudy,1,Daytime,NO,"654,2013040548,40548,3,3,0,4,13,MARICOPA,370,PHOENIX,7,9,6,Angle,1,1,Daylight,10,Cloudy,1,Daytime,NO"
655,2013040552,40552,2,2,0,5,1,APACHE,0,NONE LISTED,4,8,6,Angle,1,1,Daylight,1,Clear,1,Daytime,NO,"655,2013040552,40552,2,2,0,5,1,APACHE,0,NONE LISTED,4,8,6,Angle,1,1,Daylight,1,Clear,1,Daytime,NO"
656,2013040553,40553,1,1,0,1,13,MARICOPA,80,CHANDLER,4,8,0,Not a Collision with Motor Vehicle In-Transport,4,1,Daylight,1,Clear,1,Daytime,YES,"656,2013040553,40553,1,1,0,1,13,MARICOPA,80,CHANDLER,4,8,0,Not a Collision with Motor Vehicle In-Transport,4,1,Daylight,1,Clear,1,Daytime,YES"
657,2013040554,40554,1,1,0,1,5,COCONINO,0,NONE LISTED,5,8,0,Not a Collision with Motor Vehicle In-Transport,99,9,Unknown,99,Unknown,3,Unknown,NO,"657,2013040554,40554,1,1,0,1,5,COCONINO,0,NONE LISTED,5,8,0,Not a Collision with Motor Vehicle In-Transport,99,9,Unknown,99,Unknown,3,Unknown,NO"
658,2013040555,40555,2,2,0,8,13,MARICOPA,370,PHOENIX,5,8,6,Angle,1,1,Daylight,1,Clear,1,Daytime,YES,"658,2013040555,40555,2,2,0,8,13,MARICOPA,370,PHOENIX,5,8,6,Angle,1,1,Daylight,1,Clear,1,Daytime,YES"
659,2013040557,40557,1,1,1,1,5,COCONINO,0,NONE LISTED,9,8,0,Not a Collision with Motor Vehicle In-Transport,99,9,Unknown,99,Unknown,3,Unknown,YES,"659,2013040557,40557,1,1,1,1,5,COCONINO,0,NONE LISTED,9,8,0,Not a Collision with Motor Vehicle In-Transport,99,9,Unknown,99,Unknown,3,Unknown,YES"
660,2013040558,40558,1,1,0,9,21,PINAL,0,NONE LISTED,10,8,0,Not a Collision with Motor Vehicle In-Transport,1,3,Dark - Lighted,10,Cloudy,2,Nighttime,YES,"660,2013040558,40558,1,1,0,9,21,PINAL,0,NONE LISTED,10,8,0,Not a Collision with Motor Vehicle In-Transport,1,3,Dark - Lighted,10,Cloudy,2,Nighttime,YES"
661,2013040559,40559,2,2,0,2,13,MARICOPA,200,GLENDALE,11,8,1,Front-to-Rear,1,1,Daylight,1,Clear,2,Nighttime,YES,"661,2013040559,40559,2,2,0,2,13,MARICOPA,200,GLENDALE,11,8,1,Front-to-Rear,1,1,Daylight,1,Clear,2,Nighttime,YES"
662,2013040560,40560,1,1,0,1,5,COCONINO,0,NONE LISTED,13,8,0,Not a Collision with Motor Vehicle In-Transport,99,9,Unknown,99,Unknown,2,Nighttime,YES,"662,2013040560,40560,1,1,0,1,5,COCONINO,0,NONE LISTED,13,8,0,Not a Collision with Motor Vehicle In-Transport,99,9,Unknown,99,Unknown,2,Nighttime,YES"
663,2013040563,40563,2,2,0,2,13,MARICOPA,0,NONE LISTED,16,8,6,Angle,1,1,Daylight,1,Clear,1,Daytime,NO,"663,2013040563,40563,2,2,0,2,13,MARICOPA,0,NONE LISTED,16,8,6,Angle,1,1,Daylight,1,Clear,1,Daytime,NO"
664,2013040564,40564,1,1,1,1,13,MARICOPA,370,PHOENIX,16,8,0,Not a Collision with Motor Vehicle In-Transport,1,3,Dark - Lighted,1,Clear,2,Nighttime,NO,"664,2013040564,40564,1,1,1,1,13,MARICOPA,370,PHOENIX,16,8,0,Not a Collision with Motor Vehicle In-Transport,1,3,Dark - Lighted,1,Clear,2,Nighttime,NO"
665,2013040565,40565,1,1,0,1,13,MARICOPA,370,PHOENIX,17,8,0,Not a Collision with Motor Vehicle In-Transport,3,3,Dark - Lighted,1,Clear,2,Nighttime,NO,"665,2013040565,40565,1,1,0,1,13,MARICOPA,370,PHOENIX,17,8,0,Not a Collision with Motor Vehicle In-Transport,3,3,Dark - Lighted,1,Clear,2,Nighttime,NO"
666,2013040576,40576,1,1,0,1,27,YUMA,0,NONE LISTED,11,9,0,Not a Collision with Motor Vehicle In-Transport,4,1,Daylight,1,Clear,1,Daytime,NO,"666,2013040576,40576,1,1,0,1,27,YUMA,0,NONE LISTED,11,9,0,Not a Collision with Motor Vehicle In-Transport,4,1,Daylight,1,Clear,1,Daytime,NO"
667,2013040578,40578,2,2,0,3,27,YUMA,620,YUMA,21,9,1,Front-to-Rear,1,1,Daylight,1,Clear,1,Daytime,NO,"667,2013040578,40578,2,2,0,3,27,YUMA,620,YUMA,21,9,1,Front-to-Rear,1,1,Daylight,1,Clear,1,Daytime,NO"
668,2013040582,40582,1,1,1,1,21,PINAL,22,APACHE JUNCTION,5,9,0,Not a Collision with Motor Vehicle In-Transport,1,2,Dark - Not Lighted,1,Clear,2,Nighttime,NO,"668,2013040582,40582,1,1,1,1,21,PINAL,22,APACHE JUNCTION,5,9,0,Not a Collision with Motor Vehicle In-Transport,1,2,Dark - Not Lighted,1,Clear,2,Nighttime,NO"
669,2013040583,40583,1,1,0,1,19,PIMA,0,NONE LISTED,9,9,0,Not a Collision with Motor Vehicle In-Transport,4,1,Daylight,10,Cloudy,1,Daytime,NO,"669,2013040583,40583,1,1,0,1,19,PIMA,0,NONE LISTED,9,9,0,Not a Collision with Motor Vehicle In-Transport,4,1,Daylight,10,Cloudy,1,Daytime,NO"
670,2013040584,40584,2,2,0,2,21,PINAL,0,NONE LISTED,4,9,0,Not a Collision with Motor Vehicle In-Transport,1,1,Daylight,1,Clear,1,Daytime,YES,"670,2013040584,40584,2,2,0,2,21,PINAL,0,NONE LISTED,4,9,0,Not a Collision with Motor Vehicle In-Transport,1,1,Daylight,1,Clear,1,Daytime,YES"
671,2013040588,40588,1,1,0,1,25,YAVAPAI,0,NONE LISTED,5,10,0,Not a Collision with Motor Vehicle In-Transport,3,1,Daylight,1,Clear,2,Nighttime,NO,"671,2013040588,40588,1,1,0,1,25,YAVAPAI,0,NONE LISTED,5,10,0,Not a Collision with Motor Vehicle In-Transport,3,1,Daylight,1,Clear,2,Nighttime,NO"
672,2013040591,40591,1,1,0,1,19,PIMA,0,NONE LISTED,8,10,0,Not a Collision with Motor Vehicle In-Transport,4,1,Daylight,1,Clear,1,Daytime,YES,"672,2013040591,40591,1,1,0,1,19,PIMA,0,NONE LISTED,8,10,0,Not a Collision with Motor Vehicle In-Transport,4,1,Daylight,1,Clear,1,Daytime,YES"
673,2013040592,40592,1,1,1,1,13,MARICOPA,370,PHOENIX,8,10,0,Not a Collision with Motor Vehicle In-Transport,1,1,Daylight,1,Clear,1,Daytime,NO,"673,2013040592,40592,1,1,1,1,13,MARICOPA,370,PHOENIX,8,10,0,Not a Collision with Motor Vehicle In-Transport,1,1,Daylight,1,Clear,1,Daytime,NO"
674,2013040593,40593,2,2,0,2,13,MARICOPA,290,MESA,10,10,6,Angle,1,3,Dark - Lighted,1,Clear,2,Nighttime,YES,"674,2013040593,40593,2,2,0,2,13,MARICOPA,290,MESA,10,10,6,Angle,1,3,Dark - Lighted,1,Clear,2,Nighttime,YES"
675,2013040598,40598,2,2,0,6,19,PIMA,0,NONE LISTED,19,10,6,Angle,1,1,Daylight,1,Clear,1,Daytime,NO,"675,2013040598,40598,2,2,0,6,19,PIMA,0,NONE LISTED,19,10,6,Angle,1,1,Daylight,1,Clear,1,Daytime,NO"
676,2013040599,40599,2,2,0,6,27,YUMA,0,NONE LISTED,19,10,6,Angle,1,3,Dark - Lighted,1,Clear,2,Nighttime,YES,"676,2013040599,40599,2,2,0,6,27,YUMA,0,NONE LISTED,19,10,6,Angle,1,3,Dark - Lighted,1,Clear,2,Nighttime,YES"
677,2013040606,40606,1,1,0,1,3,COCHISE,0,NONE LISTED,27,10,0,Not a Collision with Motor Vehicle In-Transport,1,2,Dark - Not Lighted,1,Clear,2,Nighttime,YES,"677,2013040606,40606,1,1,0,1,3,COCHISE,0,NONE LISTED,27,10,0,Not a Collision with Motor Vehicle In-Transport,1,2,Dark - Not Lighted,1,Clear,2,Nighttime,YES"
678,2013040608,40608,1,1,0,1,7,GILA,365,PAYSON,8,9,0,Not a Collision with Motor Vehicle In-Transport,4,1,Daylight,10,Cloudy,2,Nighttime,YES,"678,2013040608,40608,1,1,0,1,7,GILA,365,PAYSON,8,9,0,Not a Collision with Motor Vehicle In-Transport,4,1,Daylight,10,Cloudy,2,Nighttime,YES"
679,2013040609,40609,1,1,0,1,19,PIMA,295,MARANA,2,9,0,Not a Collision with Motor Vehicle In-Transport,99,6,Dark - Unknown Lighting,99,Unknown,3,Unknown,NO,"679,2013040609,40609,1,1,0,1,19,PIMA,295,MARANA,2,9,0,Not a Collision with Motor Vehicle In-Transport,99,6,Dark - Unknown Lighting,99,Unknown,3,Unknown,NO"
680,2013040611,40611,1,1,0,2,19,PIMA,295,MARANA,4,9,0,Not a Collision with Motor Vehicle In-Transport,3,1,Daylight,1,Clear,3,Unknown,YES,"680,2013040611,40611,1,1,0,2,19,PIMA,295,MARANA,4,9,0,Not a Collision with Motor Vehicle In-Transport,3,1,Daylight,1,Clear,3,Unknown,YES"
681,2013040616,40616,1,1,1,1,13,MARICOPA,370,PHOENIX,11,9,0,Not a Collision with Motor Vehicle In-Transport,1,1,Daylight,1,Clear,1,Daytime,NO,"681,2013040616,40616,1,1,1,1,13,MARICOPA,370,PHOENIX,11,9,0,Not a Collision with Motor Vehicle In-Transport,1,1,Daylight,1,Clear,1,Daytime,NO"
682,2013040619,40619,1,1,0,2,21,PINAL,0,NONE LISTED,20,9,0,Not a Collision with Motor Vehicle In-Transport,6,9,Unknown,99,Unknown,2,Nighttime,NO,"682,2013040619,40619,1,1,0,2,21,PINAL,0,NONE LISTED,20,9,0,Not a Collision with Motor Vehicle In-Transport,6,9,Unknown,99,Unknown,2,Nighttime,NO"
683,2013040620,40620,1,1,0,1,21,PINAL,0,NONE LISTED,21,9,0,Not a Collision with Motor Vehicle In-Transport,1,1,Daylight,1,Clear,1,Daytime,NO,"683,2013040620,40620,1,1,0,1,21,PINAL,0,NONE LISTED,21,9,0,Not a Collision with Motor Vehicle In-Transport,1,1,Daylight,1,Clear,1,Daytime,NO"
684,2013040622,40622,1,1,0,2,21,PINAL,0,NONE LISTED,23,9,0,Not a Collision with Motor Vehicle In-Transport,3,1,Daylight,1,Clear,1,Daytime,YES,"684,2013040622,40622,1,1,0,2,21,PINAL,0,NONE LISTED,23,9,0,Not a Collision with Motor Vehicle In-Transport,3,1,Daylight,1,Clear,1,Daytime,YES"
685,2013040624,40624,1,1,1,2,25,YAVAPAI,120,COTTONWOOD,1,11,0,Not a Collision with Motor Vehicle In-Transport,1,2,Dark - Not Lighted,1,Clear,2,Nighttime,NO,"685,2013040624,40624,1,1,1,2,25,YAVAPAI,120,COTTONWOOD,1,11,0,Not a Collision with Motor Vehicle In-Transport,1,2,Dark - Not Lighted,1,Clear,2,Nighttime,NO"
686,2013040625,40625,1,1,1,1,13,MARICOPA,290,MESA,1,11,0,Not a Collision with Motor Vehicle In-Transport,1,3,Dark - Lighted,1,Clear,2,Nighttime,NO,"686,2013040625,40625,1,1,1,1,13,MARICOPA,290,MESA,1,11,0,Not a Collision with Motor Vehicle In-Transport,1,3,Dark - Lighted,1,Clear,2,Nighttime,NO"
687,2013040626,40626,1,1,0,1,3,COCHISE,0,NONE LISTED,1,11,0,Not a Collision with Motor Vehicle In-Transport,4,2,Dark - Not Lighted,1,Clear,2,Nighttime,NO,"687,2013040626,40626,1,1,0,1,3,COCHISE,0,NONE LISTED,1,11,0,Not a Collision with Motor Vehicle In-Transport,4,2,Dark - Not Lighted,1,Clear,2,Nighttime,NO"
688,2013040627,40627,1,1,0,5,19,PIMA,0,NONE LISTED,2,11,0,Not a Collision with Motor Vehicle In-Transport,1,1,Daylight,1,Clear,1,Daytime,NO,"688,2013040627,40627,1,1,0,5,19,PIMA,0,NONE LISTED,2,11,0,Not a Collision with Motor Vehicle In-Transport,1,1,Daylight,1,Clear,1,Daytime,NO"
689,2013040628,40628,2,2,0,3,25,YAVAPAI,65,CAMP VERDE,2,11,1,Front-to-Rear,1,2,Dark - Not Lighted,1,Clear,2,Nighttime,YES,"689,2013040628,40628,2,2,0,3,25,YAVAPAI,65,CAMP VERDE,2,11,1,Front-to-Rear,1,2,Dark - Not Lighted,1,Clear,2,Nighttime,YES"
690,2013040632,40632,1,1,0,1,21,PINAL,22,APACHE JUNCTION,13,11,0,Not a Collision with Motor Vehicle In-Transport,4,5,Dusk,1,Clear,1,Daytime,NO,"690,2013040632,40632,1,1,0,1,21,PINAL,22,APACHE JUNCTION,13,11,0,Not a Collision with Motor Vehicle In-Transport,4,5,Dusk,1,Clear,1,Daytime,NO"
691,2013040633,40633,1,1,0,1,15,MOHAVE,59,BULLHEAD CITY,14,11,0,Not a Collision with Motor Vehicle In-Transport,4,3,Dark - Lighted,1,Clear,2,Nighttime,YES,"691,2013040633,40633,1,1,0,1,15,MOHAVE,59,BULLHEAD CITY,14,11,0,Not a Collision with Motor Vehicle In-Transport,4,3,Dark - Lighted,1,Clear,2,Nighttime,YES"
692,2013040635,40635,1,1,0,1,13,MARICOPA,190,GILBERT,15,11,0,Not a Collision with Motor Vehicle In-Transport,4,1,Daylight,1,Clear,1,Daytime,YES,"692,2013040635,40635,1,1,0,1,13,MARICOPA,190,GILBERT,15,11,0,Not a Collision with Motor Vehicle In-Transport,4,1,Daylight,1,Clear,1,Daytime,YES"
693,2013040639,40639,2,2,1,2,13,MARICOPA,370,PHOENIX,22,11,0,Not a Collision with Motor Vehicle In-Transport,1,3,Dark - Lighted,2,Rain,1,Daytime,YES,"693,2013040639,40639,2,2,1,2,13,MARICOPA,370,PHOENIX,22,11,0,Not a Collision with Motor Vehicle In-Transport,1,3,Dark - Lighted,2,Rain,1,Daytime,YES"
694,2013040640,40640,1,1,1,1,19,PIMA,530,TUCSON,26,11,0,Not a Collision with Motor Vehicle In-Transport,1,3,Dark - Lighted,1,Clear,2,Nighttime,NO,"694,2013040640,40640,1,1,1,1,19,PIMA,530,TUCSON,26,11,0,Not a Collision with Motor Vehicle In-Transport,1,3,Dark - Lighted,1,Clear,2,Nighttime,NO"
695,2013040643,40643,1,1,1,2,19,PIMA,0,NONE LISTED,30,11,0,Not a Collision with Motor Vehicle In-Transport,1,3,Dark - Lighted,1,Clear,2,Nighttime,YES,"695,2013040643,40643,1,1,1,2,19,PIMA,0,NONE LISTED,30,11,0,Not a Collision with Motor Vehicle In-Transport,1,3,Dark - Lighted,1,Clear,2,Nighttime,YES"
696,2013040645,40645,2,2,0,3,25,YAVAPAI,0,NONE LISTED,30,10,2,Front-to-Front,1,2,Dark - Not Lighted,1,Clear,2,Nighttime,NO,"696,2013040645,40645,2,2,0,3,25,YAVAPAI,0,NONE LISTED,30,10,2,Front-to-Front,1,2,Dark - Not Lighted,1,Clear,2,Nighttime,NO"
697,2013040650,40650,2,2,0,3,17,NAVAJO,0,NONE LISTED,13,9,6,Angle,1,1,Daylight,10,Cloudy,1,Daytime,YES,"697,2013040650,40650,2,2,0,3,17,NAVAJO,0,NONE LISTED,13,9,6,Angle,1,1,Daylight,10,Cloudy,1,Daytime,YES"
698,2013040654,40654,2,2,0,2,12,LA PAZ,413,SALOME,7,10,6,Angle,1,4,Dawn,1,Clear,2,Nighttime,YES,"698,2013040654,40654,2,2,0,2,12,LA PAZ,413,SALOME,7,10,6,Angle,1,4,Dawn,1,Clear,2,Nighttime,YES"
699,2013040659,40659,2,2,0,5,25,YAVAPAI,0,NONE LISTED,23,10,2,Front-to-Front,1,1,Daylight,1,Clear,1,Daytime,NO,"699,2013040659,40659,2,2,0,5,25,YAVAPAI,0,NONE LISTED,23,10,2,Front-to-Front,1,1,Daylight,1,Clear,1,Daytime,NO"
700,2013040662,40662,2,2,0,2,27,YUMA,0,NONE LISTED,30,10,6,Angle,1,2,Dark - Not Lighted,10,Cloudy,2,Nighttime,NO,"700,2013040662,40662,2,2,0,2,27,YUMA,0,NONE LISTED,30,10,6,Angle,1,2,Dark - Not Lighted,10,Cloudy,2,Nighttime,NO"
701,2013040669,40669,1,1,1,2,13,MARICOPA,370,PHOENIX,3,10,0,Not a Collision with Motor Vehicle In-Transport,1,5,Dusk,1,Clear,1,Daytime,YES,"701,2013040669,40669,1,1,1,2,13,MARICOPA,370,PHOENIX,3,10,0,Not a Collision with Motor Vehicle In-Transport,1,5,Dusk,1,Clear,1,Daytime,YES"
702,2013040672,40672,2,2,0,6,13,MARICOPA,370,PHOENIX,5,10,6,Angle,1,3,Dark - Lighted,1,Clear,2,Nighttime,NO,"702,2013040672,40672,2,2,0,6,13,MARICOPA,370,PHOENIX,5,10,6,Angle,1,3,Dark - Lighted,1,Clear,2,Nighttime,NO"
703,2013040675,40675,1,1,1,1,7,GILA,0,NONE LISTED,9,10,0,Not a Collision with Motor Vehicle In-Transport,1,6,Dark - Unknown Lighting,98,Not Reported,2,Nighttime,NO,"703,2013040675,40675,1,1,1,1,7,GILA,0,NONE LISTED,9,10,0,Not a Collision with Motor Vehicle In-Transport,1,6,Dark - Unknown Lighting,98,Not Reported,2,Nighttime,NO"
704,2013040676,40676,1,1,0,1,3,COCHISE,431,SIERRA VISTA,11,10,0,Not a Collision with Motor Vehicle In-Transport,1,2,Dark - Not Lighted,1,Clear,2,Nighttime,NO,"704,2013040676,40676,1,1,0,1,3,COCHISE,431,SIERRA VISTA,11,10,0,Not a Collision with Motor Vehicle In-Transport,1,2,Dark - Not Lighted,1,Clear,2,Nighttime,NO"
705,2013040681,40681,4,4,0,5,21,PINAL,70,CASA GRANDE,11,10,7,Sideswipe - Same Direction,1,3,Dark - Lighted,1,Clear,2,Nighttime,NO,"705,2013040681,40681,4,4,0,5,21,PINAL,70,CASA GRANDE,11,10,7,Sideswipe - Same Direction,1,3,Dark - Lighted,1,Clear,2,Nighttime,NO"
706,2013040682,40682,1,1,0,1,13,MARICOPA,190,GILBERT,12,10,0,Not a Collision with Motor Vehicle In-Transport,4,1,Daylight,1,Clear,1,Daytime,YES,"706,2013040682,40682,1,1,0,1,13,MARICOPA,190,GILBERT,12,10,0,Not a Collision with Motor Vehicle In-Transport,4,1,Daylight,1,Clear,1,Daytime,YES"
707,2013040684,40684,1,1,0,2,17,NAVAJO,0,NONE LISTED,12,10,0,Not a Collision with Motor Vehicle In-Transport,99,9,Unknown,99,Unknown,3,Unknown,YES,"707,2013040684,40684,1,1,0,2,17,NAVAJO,0,NONE LISTED,12,10,0,Not a Collision with Motor Vehicle In-Transport,99,9,Unknown,99,Unknown,3,Unknown,YES"