index,accident_id,ST_CASE,VE_TOTAL,VE_FORMS,PEDS,PERSONS,COUNTY,county_name,CITY,city_name,DAY,MONTH,MAN_COLL,man_coll_lit,REL_ROAD,LGT_COND,lgt_cond_lit,WEATHER,weather_lit,A_TOD,a_tod_lit,DEAD,concatenated
708,2013040686,40686,2,2,0,2,17,NAVAJO,0,NONE LISTED,13,10,99,Unknown,99,1,Daylight,99,Unknown,1,Daytime,NO,"708,2013040686,40686,2,2,0,2,17,NAVAJO,0,NONE LISTED,13,10,99,Unknown,99,1,Daylight,99,Unknown,1,Daytime,NO"
709,2013040687,40687,1,1,0,2,1,APACHE,0,NONE LISTED,13,10,0,Not a Collision with Motor Vehicle In-Transport,99,6,Dark - Unknown Lighting,99,Unknown,2,Nighttime,YES,"709,2013040687,40687,1,1,0,2,1,APACHE,0,NONE LISTED,13,10,0,Not a Collision with Motor Vehicle In-Transport,99,6,Dark - Unknown Lighting,99,Unknown,2,Nighttime,YES"
710,2013040691,40691,1,1,1,1,11,GREENLEE,0,NONE LISTED,27,10,0,Not a Collision with Motor Vehicle In-Transport,1,9,Unknown,99,Unknown,3,Unknown,NO,"710,2013040691,40691,1,1,1,1,11,GREENLEE,0,NONE LISTED,27,10,0,Not a Collision with Motor Vehicle In-Transport,1,9,Unknown,99,Unknown,3,Unknown,NO"
711,2013040692,40692,1,1,0,3,21,PINAL,0,NONE LISTED,28,10,0,Not a Collision with Motor Vehicle In-Transport,1,2,Dark - Not Lighted,1,Clear,1,Daytime,NO,"711,2013040692,40692,1,1,0,3,21,PINAL,0,NONE LISTED,28,10,0,Not a Collision with Motor Vehicle In-Transport,1,2,Dark - Not Lighted,1,Clear,1,Daytime,NO"
712,2013040693,40693,2,2,0,2,13,MARICOPA,370,PHOENIX,29,10,6,Angle,1,3,Dark - Lighted,1,Clear,2,Nighttime,YES,"712,2013040693,40693,2,2,0,2,13,MARICOPA,370,PHOENIX,29,10,6,Angle,1,3,Dark - Lighted,1,Clear,2,Nighttime,YES"
713,2013040697,40697,1,1,1,2,13,MARICOPA,0,NONE LISTED,6,11,0,Not a Collision with Motor Vehicle In-Transport,5,1,Daylight,1,Clear,1,Daytime,YES,"713,2013040697,40697,1,1,1,2,13,MARICOPA,0,NONE LISTED,6,11,0,Not a Collision with Motor Vehicle In-Transport,5,1,Daylight,1,Clear,1,Daytime,YES"
714,2013040698,40698,1,1,0,8,13,MARICOPA,420,SCOTTSDALE,16,11,0,Not a Collision with Motor Vehicle In-Transport,1,3,Dark - Lighted,1,Clear,2,Nighttime,NO,"714,2013040698,40698,1,1,0,8,13,MARICOPA,420,SCOTTSDALE,16,11,0,Not a Collision with Motor Vehicle In-Transport,1,3,Dark - Lighted,1,Clear,2,Nighttime,NO"
715,2013040699,40699,3,3,0,6,21,PINAL,70,CASA GRANDE,27,11,6,Angle,1,1,Daylight,10,Cloudy,1,Daytime,NO,"715,2013040699,40699,3,3,0,6,21,PINAL,70,CASA GRANDE,27,11,6,Angle,1,1,Daylight,10,Cloudy,1,Daytime,NO"
716,2013040700,40700,2,2,0,2,13,MARICOPA,0,NONE LISTED,2,12,2,Front-to-Front,1,1,Daylight,1,Clear,1,Daytime,NO,"716,2013040700,40700,2,2,0,2,13,MARICOPA,0,NONE LISTED,2,12,2,Front-to-Front,1,1,Daylight,1,Clear,1,Daytime,NO"
717,2013040701,40701,1,1,2,1,13,MARICOPA,190,GILBERT,3,12,0,Not a Collision with Motor Vehicle In-Transport,1,1,Daylight,1,Clear,1,Daytime,NO,"717,2013040701,40701,1,1,2,1,13,MARICOPA,190,GILBERT,3,12,0,Not a Collision with Motor Vehicle In-Transport,1,1,Daylight,1,Clear,1,Daytime,NO"
718,2013040703,40703,1,1,1,1,13,MARICOPA,368,PEORIA,4,12,0,Not a Collision with Motor Vehicle In-Transport,1,5,Dusk,1,Clear,1,Daytime,YES,"718,2013040703,40703,1,1,1,1,13,MARICOPA,368,PEORIA,4,12,0,Not a Collision with Motor Vehicle In-Transport,1,5,Dusk,1,Clear,1,Daytime,YES"
719,2013040705,40705,1,1,1,4,13,MARICOPA,370,PHOENIX,7,12,0,Not a Collision with Motor Vehicle In-Transport,1,3,Dark - Lighted,10,Cloudy,2,Nighttime,YES,"719,2013040705,40705,1,1,1,4,13,MARICOPA,370,PHOENIX,7,12,0,Not a Collision with Motor Vehicle In-Transport,1,3,Dark - Lighted,10,Cloudy,2,Nighttime,YES"
720,2013040706,40706,1,1,0,1,19,PIMA,0,NONE LISTED,8,12,0,Not a Collision with Motor Vehicle In-Transport,4,2,Dark - Not Lighted,1,Clear,2,Nighttime,YES,"720,2013040706,40706,1,1,0,1,19,PIMA,0,NONE LISTED,8,12,0,Not a Collision with Motor Vehicle In-Transport,4,2,Dark - Not Lighted,1,Clear,2,Nighttime,YES"
721,2013040707,40707,2,2,0,2,13,MARICOPA,30,AVONDALE,9,12,99,Unknown,1,3,Dark - Lighted,10,Cloudy,1,Daytime,YES,"721,2013040707,40707,2,2,0,2,13,MARICOPA,30,AVONDALE,9,12,99,Unknown,1,3,Dark - Lighted,10,Cloudy,1,Daytime,YES"
722,2013040711,40711,1,1,1,1,19,PIMA,530,TUCSON,11,12,0,Not a Collision with Motor Vehicle In-Transport,2,2,Dark - Not Lighted,1,Clear,2,Nighttime,YES,"722,2013040711,40711,1,1,1,1,19,PIMA,530,TUCSON,11,12,0,Not a Collision with Motor Vehicle In-Transport,2,2,Dark - Not Lighted,1,Clear,2,Nighttime,YES"
723,2013040716,40716,2,2,0,2,21,PINAL,180,FLORENCE,17,12,2,Front-to-Front,1,2,Dark - Not Lighted,1,Clear,2,Nighttime,YES,"723,2013040716,40716,2,2,0,2,21,PINAL,180,FLORENCE,17,12,2,Front-to-Front,1,2,Dark - Not Lighted,1,Clear,2,Nighttime,YES"
724,2013040718,40718,1,1,1,5,13,MARICOPA,220,GOODYEAR,20,12,0,Not a Collision with Motor Vehicle In-Transport,1,2,Dark - Not Lighted,1,Clear,2,Nighttime,NO,"724,2013040718,40718,1,1,1,5,13,MARICOPA,220,GOODYEAR,20,12,0,Not a Collision with Motor Vehicle In-Transport,1,2,Dark - Not Lighted,1,Clear,2,Nighttime,NO"
725,2013040722,40722,2,2,0,4,15,MOHAVE,0,NONE LISTED,24,12,2,Front-to-Front,1,1,Daylight,1,Clear,1,Daytime,YES,"725,2013040722,40722,2,2,0,4,15,MOHAVE,0,NONE LISTED,24,12,2,Front-to-Front,1,1,Daylight,1,Clear,1,Daytime,YES"
726,2013040723,40723,1,1,0,2,7,GILA,0,NONE LISTED,24,12,0,Not a Collision with Motor Vehicle In-Transport,4,2,Dark - Not Lighted,1,Clear,2,Nighttime,YES,"726,2013040723,40723,1,1,0,2,7,GILA,0,NONE LISTED,24,12,0,Not a Collision with Motor Vehicle In-Transport,4,2,Dark - Not Lighted,1,Clear,2,Nighttime,YES"
727,2013040724,40724,1,1,0,1,13,MARICOPA,368,PEORIA,28,12,0,Not a Collision with Motor Vehicle In-Transport,4,3,Dark - Lighted,1,Clear,2,Nighttime,YES,"727,2013040724,40724,1,1,0,1,13,MARICOPA,368,PEORIA,28,12,0,Not a Collision with Motor Vehicle In-Transport,4,3,Dark - Lighted,1,Clear,2,Nighttime,YES"
728,2013040726,40726,2,2,0,4,21,PINAL,0,NONE LISTED,29,9,6,Angle,1,1,Daylight,1,Clear,1,Daytime,NO,"728,2013040726,40726,2,2,0,4,21,PINAL,0,NONE LISTED,29,9,6,Angle,1,1,Daylight,1,Clear,1,Daytime,NO"
729,2013040727,40727,1,1,1,2,13,MARICOPA,80,CHANDLER,1,11,0,Not a Collision with Motor Vehicle In-Transport,1,3,Dark - Lighted,1,Clear,2,Nighttime,YES,"729,2013040727,40727,1,1,1,2,13,MARICOPA,80,CHANDLER,1,11,0,Not a Collision with Motor Vehicle In-Transport,1,3,Dark - Lighted,1,Clear,2,Nighttime,YES"
730,2013040733,40733,2,2,0,2,21,PINAL,22,APACHE JUNCTION,27,8,1,Front-to-Rear,1,4,Dawn,1,Clear,1,Daytime,YES,"730,2013040733,40733,2,2,0,2,21,PINAL,22,APACHE JUNCTION,27,8,1,Front-to-Rear,1,4,Dawn,1,Clear,1,Daytime,YES"
731,2013040741,40741,3,3,0,8,5,COCONINO,0,NONE LISTED,26,11,6,Angle,1,1,Daylight,1,Clear,1,Daytime,YES,"731,2013040741,40741,3,3,0,8,5,COCONINO,0,NONE LISTED,26,11,6,Angle,1,1,Daylight,1,Clear,1,Daytime,YES"
732,2013040744,40744,2,2,0,3,11,GREENLEE,100,CLIFTON,1,11,2,Front-to-Front,1,2,Dark - Not Lighted,1,Clear,2,Nighttime,YES,"732,2013040744,40744,2,2,0,3,11,GREENLEE,100,CLIFTON,1,11,2,Front-to-Front,1,2,Dark - Not Lighted,1,Clear,2,Nighttime,YES"
733,2013040745,40745,1,1,0,2,23,SANTA CRUZ,0,NONE LISTED,1,11,0,Not a Collision with Motor Vehicle In-Transport,99,9,Unknown,99,Unknown,3,Unknown,YES,"733,2013040745,40745,1,1,0,2,23,SANTA CRUZ,0,NONE LISTED,1,11,0,Not a Collision with Motor Vehicle In-Transport,99,9,Unknown,99,Unknown,3,Unknown,YES"
734,2013040746,40746,1,1,1,1,13,MARICOPA,0,NONE LISTED,4,11,0,Not a Collision with Motor Vehicle In-Transport,1,1,Daylight,1,Clear,1,Daytime,NO,"734,2013040746,40746,1,1,1,1,13,MARICOPA,0,NONE LISTED,4,11,0,Not a Collision with Motor Vehicle In-Transport,1,1,Daylight,1,Clear,1,Daytime,NO"
735,2013040747,40747,1,1,1,2,13,MARICOPA,0,NONE LISTED,7,11,0,Not a Collision with Motor Vehicle In-Transport,1,1,Daylight,1,Clear,1,Daytime,NO,"735,2013040747,40747,1,1,1,2,13,MARICOPA,0,NONE LISTED,7,11,0,Not a Collision with Motor Vehicle In-Transport,1,1,Daylight,1,Clear,1,Daytime,NO"
736,2013040753,40753,1,1,0,1,21,PINAL,0,NONE LISTED,18,11,0,Not a Collision with Motor Vehicle In-Transport,4,1,Daylight,99,Unknown,1,Daytime,YES,"736,2013040753,40753,1,1,0,1,21,PINAL,0,NONE LISTED,18,11,0,Not a Collision with Motor Vehicle In-Transport,4,1,Daylight,99,Unknown,1,Daytime,YES"
737,2013040754,40754,2,2,1,2,13,MARICOPA,200,GLENDALE,18,11,0,Not a Collision with Motor Vehicle In-Transport,1,3,Dark - Lighted,1,Clear,2,Nighttime,NO,"737,2013040754,40754,2,2,1,2,13,MARICOPA,200,GLENDALE,18,11,0,Not a Collision with Motor Vehicle In-Transport,1,3,Dark - Lighted,1,Clear,2,Nighttime,NO"
738,2013040755,40755,1,1,0,5,13,MARICOPA,0,NONE LISTED,19,11,0,Not a Collision with Motor Vehicle In-Transport,4,1,Daylight,10,Cloudy,1,Daytime,NO,"738,2013040755,40755,1,1,0,5,13,MARICOPA,0,NONE LISTED,19,11,0,Not a Collision with Motor Vehicle In-Transport,4,1,Daylight,10,Cloudy,1,Daytime,NO"
739,2013040756,40756,3,3,0,3,13,MARICOPA,370,PHOENIX,23,11,2,Front-to-Front,1,3,Dark - Lighted,2,Rain,2,Nighttime,NO,"739,2013040756,40756,3,3,0,3,13,MARICOPA,370,PHOENIX,23,11,2,Front-to-Front,1,3,Dark - Lighted,2,Rain,2,Nighttime,NO"
740,2013040764,40764,2,2,0,3,13,MARICOPA,0,NONE LISTED,12,12,2,Front-to-Front,1,2,Dark - Not Lighted,1,Clear,2,Nighttime,YES,"740,2013040764,40764,2,2,0,3,13,MARICOPA,0,NONE LISTED,12,12,2,Front-to-Front,1,2,Dark - Not Lighted,1,Clear,2,Nighttime,YES"
741,2013040766,40766,1,1,0,1,27,YUMA,620,YUMA,23,2,0,Not a Collision with Motor Vehicle In-Transport,4,3,Dark - Lighted,1,Clear,2,Nighttime,YES,"741,2013040766,40766,1,1,0,1,27,YUMA,620,YUMA,23,2,0,Not a Collision with Motor Vehicle In-Transport,4,3,Dark - Lighted,1,Clear,2,Nighttime,YES"
742,2013040769,40769,1,1,0,1,13,MARICOPA,370,PHOENIX,15,11,0,Not a Collision with Motor Vehicle In-Transport,4,3,Dark - Lighted,1,Clear,2,Nighttime,NO,"742,2013040769,40769,1,1,0,1,13,MARICOPA,370,PHOENIX,15,11,0,Not a Collision with Motor Vehicle In-Transport,4,3,Dark - Lighted,1,Clear,2,Nighttime,NO"
743,2013040770,40770,1,1,1,2,13,MARICOPA,370,PHOENIX,14,12,0,Not a Collision with Motor Vehicle In-Transport,1,3,Dark - Lighted,1,Clear,2,Nighttime,YES,"743,2013040770,40770,1,1,1,2,13,MARICOPA,370,PHOENIX,14,12,0,Not a Collision with Motor Vehicle In-Transport,1,3,Dark - Lighted,1,Clear,2,Nighttime,YES"
744,2013040771,40771,3,3,1,8,17,NAVAJO,262,PINETOP-LAKESIDE,4,12,0,Not a Collision with Motor Vehicle In-Transport,1,2,Dark - Not Lighted,2,Rain,2,Nighttime,YES,"744,2013040771,40771,3,3,1,8,17,NAVAJO,262,PINETOP-LAKESIDE,4,12,0,Not a Collision with Motor Vehicle In-Transport,1,2,Dark - Not Lighted,2,Rain,2,Nighttime,YES"
745,2013040772,40772,1,1,1,1,21,PINAL,0,NONE LISTED,24,12,0,Not a Collision with Motor Vehicle In-Transport,99,4,Dawn,1,Clear,1,Daytime,NO,"745,2013040772,40772,1,1,1,1,21,PINAL,0,NONE LISTED,24,12,0,Not a Collision with Motor Vehicle In-Transport,99,4,Dawn,1,Clear,1,Daytime,NO"
746,2013040779,40779,1,1,1,1,1,APACHE,0,NONE LISTED,15,4,0,Not a Collision with Motor Vehicle In-Transport,99,9,Unknown,99,Unknown,3,Unknown,NO,"746,2013040779,40779,1,1,1,1,1,APACHE,0,NONE LISTED,15,4,0,Not a Collision with Motor Vehicle In-Transport,99,9,Unknown,99,Unknown,3,Unknown,NO"
747,2013040780,40780,1,1,0,1,21,PINAL,0,NONE LISTED,3,12,0,Not a Collision with Motor Vehicle In-Transport,4,5,Dusk,1,Clear,1,Daytime,YES,"747,2013040780,40780,1,1,0,1,21,PINAL,0,NONE LISTED,3,12,0,Not a Collision with Motor Vehicle In-Transport,4,5,Dusk,1,Clear,1,Daytime,YES"
748,2013040781,40781,1,1,0,1,25,YAVAPAI,386,PRESCOTT,4,12,0,Not a Collision with Motor Vehicle In-Transport,4,1,Daylight,2,Rain,3,Unknown,NO,"748,2013040781,40781,1,1,0,1,25,YAVAPAI,386,PRESCOTT,4,12,0,Not a Collision with Motor Vehicle In-Transport,4,1,Daylight,2,Rain,3,Unknown,NO"
749,2013040783,40783,1,1,0,2,13,MARICOPA,290,MESA,9,12,99,Unknown,99,6,Dark - Unknown Lighting,99,Unknown,2,Nighttime,NO,"749,2013040783,40783,1,1,0,2,13,MARICOPA,290,MESA,9,12,99,Unknown,99,6,Dark - Unknown Lighting,99,Unknown,2,Nighttime,NO"
750,2013040784,40784,1,1,0,2,999,999,9999,UNKNOWN,13,12,0,Not a Collision with Motor Vehicle In-Transport,99,9,Unknown,99,Unknown,3,Unknown,YES,"750,2013040784,40784,1,1,0,2,999,999,9999,UNKNOWN,13,12,0,Not a Collision with Motor Vehicle In-Transport,99,9,Unknown,99,Unknown,3,Unknown,YES"
751,2013040785,40785,1,1,0,1,13,MARICOPA,290,MESA,13,12,99,Unknown,99,9,Unknown,99,Unknown,3,Unknown,YES,"751,2013040785,40785,1,1,0,1,13,MARICOPA,290,MESA,13,12,99,Unknown,99,9,Unknown,99,Unknown,3,Unknown,YES"
752,2013040786,40786,2,2,0,5,13,MARICOPA,370,PHOENIX,13,12,1,Front-to-Rear,1,3,Dark - Lighted,1,Clear,2,Nighttime,YES,"752,2013040786,40786,2,2,0,5,13,MARICOPA,370,PHOENIX,13,12,1,Front-to-Rear,1,3,Dark - Lighted,1,Clear,2,Nighttime,YES"
753,2013040787,40787,2,2,0,2,17,NAVAJO,0,NONE LISTED,14,12,99,Unknown,99,1,Daylight,99,Unknown,1,Daytime,YES,"753,2013040787,40787,2,2,0,2,17,NAVAJO,0,NONE LISTED,14,12,99,Unknown,99,1,Daylight,99,Unknown,1,Daytime,YES"
754,2013040789,40789,1,1,0,1,13,MARICOPA,370,PHOENIX,16,12,0,Not a Collision with Motor Vehicle In-Transport,4,3,Dark - Lighted,10,Cloudy,2,Nighttime,YES,"754,2013040789,40789,1,1,0,1,13,MARICOPA,370,PHOENIX,16,12,0,Not a Collision with Motor Vehicle In-Transport,4,3,Dark - Lighted,10,Cloudy,2,Nighttime,YES"
755,2013040791,40791,1,1,0,1,13,MARICOPA,0,NONE LISTED,16,12,0,Not a Collision with Motor Vehicle In-Transport,3,1,Daylight,1,Clear,1,Daytime,NO,"755,2013040791,40791,1,1,0,1,13,MARICOPA,0,NONE LISTED,16,12,0,Not a Collision with Motor Vehicle In-Transport,3,1,Daylight,1,Clear,1,Daytime,NO"
756,2013040792,40792,1,1,0,1,13,MARICOPA,370,PHOENIX,18,12,0,Not a Collision with Motor Vehicle In-Transport,4,9,Unknown,99,Unknown,2,Nighttime,YES,"756,2013040792,40792,1,1,0,1,13,MARICOPA,370,PHOENIX,18,12,0,Not a Collision with Motor Vehicle In-Transport,4,9,Unknown,99,Unknown,2,Nighttime,YES"
757,2013040793,40793,1,1,1,1,21,PINAL,297,MARICOPA WELLS,20,12,0,Not a Collision with Motor Vehicle In-Transport,99,9,Unknown,99,Unknown,3,Unknown,YES,"757,2013040793,40793,1,1,1,1,21,PINAL,297,MARICOPA WELLS,20,12,0,Not a Collision with Motor Vehicle In-Transport,99,9,Unknown,99,Unknown,3,Unknown,YES"
758,2013040796,40796,1,1,1,1,17,NAVAJO,0,NONE LISTED,31,12,0,Not a Collision with Motor Vehicle In-Transport,99,9,Unknown,99,Unknown,3,Unknown,YES,"758,2013040796,40796,1,1,1,1,17,NAVAJO,0,NONE LISTED,31,12,0,Not a Collision with Motor Vehicle In-Transport,99,9,Unknown,99,Unknown,3,Unknown,YES"
759,2013040799,40799,1,1,1,1,7,GILA,0,NONE LISTED,23,8,0,Not a Collision with Motor Vehicle In-Transport,1,9,Unknown,99,Unknown,3,Unknown,NO,"759,2013040799,40799,1,1,1,1,7,GILA,0,NONE LISTED,23,8,0,Not a Collision with Motor Vehicle In-Transport,1,9,Unknown,99,Unknown,3,Unknown,NO"
760,2013040803,40803,1,1,0,2,1,APACHE,0,NONE LISTED,29,10,0,Not a Collision with Motor Vehicle In-Transport,4,4,Dawn,10,Cloudy,1,Daytime,NO,"760,2013040803,40803,1,1,0,2,1,APACHE,0,NONE LISTED,29,10,0,Not a Collision with Motor Vehicle In-Transport,4,4,Dawn,10,Cloudy,1,Daytime,NO"
761,2013040805,40805,1,1,1,1,1,APACHE,0,NONE LISTED,2,2,0,Not a Collision with Motor Vehicle In-Transport,99,6,Dark - Unknown Lighting,99,Unknown,2,Nighttime,YES,"761,2013040805,40805,1,1,1,1,1,APACHE,0,NONE LISTED,2,2,0,Not a Collision with Motor Vehicle In-Transport,99,6,Dark - Unknown Lighting,99,Unknown,2,Nighttime,YES"
762,2013040809,40809,1,1,0,2,1,APACHE,0,NONE LISTED,17,10,0,Not a Collision with Motor Vehicle In-Transport,99,6,Dark - Unknown Lighting,99,Unknown,2,Nighttime,NO,"762,2013040809,40809,1,1,0,2,1,APACHE,0,NONE LISTED,17,10,0,Not a Collision with Motor Vehicle In-Transport,99,6,Dark - Unknown Lighting,99,Unknown,2,Nighttime,NO"
763,2013040810,40810,1,1,0,1,5,COCONINO,0,NONE LISTED,12,10,0,Not a Collision with Motor Vehicle In-Transport,1,6,Dark - Unknown Lighting,98,Not Reported,2,Nighttime,YES,"763,2013040810,40810,1,1,0,1,5,COCONINO,0,NONE LISTED,12,10,0,Not a Collision with Motor Vehicle In-Transport,1,6,Dark - Unknown Lighting,98,Not Reported,2,Nighttime,YES"
764,2013040811,40811,1,1,0,4,1,APACHE,0,NONE LISTED,3,6,0,Not a Collision with Motor Vehicle In-Transport,4,1,Daylight,1,Clear,1,Daytime,NO,"764,2013040811,40811,1,1,0,4,1,APACHE,0,NONE LISTED,3,6,0,Not a Collision with Motor Vehicle In-Transport,4,1,Daylight,1,Clear,1,Daytime,NO"
765,2013040812,40812,1,1,0,1,1,APACHE,0,NONE LISTED,18,10,0,Not a Collision with Motor Vehicle In-Transport,4,2,Dark - Not Lighted,1,Clear,2,Nighttime,YES,"765,2013040812,40812,1,1,0,1,1,APACHE,0,NONE LISTED,18,10,0,Not a Collision with Motor Vehicle In-Transport,4,2,Dark - Not Lighted,1,Clear,2,Nighttime,YES"
766,2014040001,40001,2,2,0,5,19,PIMA,530,TUCSON,4,1,6,Angle,1,3,Dark - Lighted,1,Clear,2,Nighttime,YES,"766,2014040001,40001,2,2,0,5,19,PIMA,530,TUCSON,4,1,6,Angle,1,3,Dark - Lighted,1,Clear,2,Nighttime,YES"
767,2014040003,40003,1,1,1,5,13,MARICOPA,370,PHOENIX,8,1,0,Not a Collision with Motor Vehicle In-Transport,1,3,Dark - Lighted,1,Clear,2,Nighttime,YES,"767,2014040003,40003,1,1,1,5,13,MARICOPA,370,PHOENIX,8,1,0,Not a Collision with Motor Vehicle In-Transport,1,3,Dark - Lighted,1,Clear,2,Nighttime,YES"
768,2014040005,40005,1,1,0,1,5,COCONINO,336,PAGE,11,1,0,Not a Collision with Motor Vehicle In-Transport,1,1,Daylight,1,Clear,1,Daytime,NO,"768,2014040005,40005,1,1,0,1,5,COCONINO,336,PAGE,11,1,0,Not a Collision with Motor Vehicle In-Transport,1,1,Daylight,1,Clear,1,Daytime,NO"
769,2014040006,40006,2,2,0,2,19,PIMA,0,NONE LISTED,11,1,1,Front-to-Rear,1,2,Dark - Not Lighted,1,Clear,2,Nighttime,NO,"769,2014040006,40006,2,2,0,2,19,PIMA,0,NONE LISTED,11,1,1,Front-to-Rear,1,2,Dark - Not Lighted,1,Clear,2,Nighttime,NO"
770,2014040012,40012,1,1,0,1,5,COCONINO,0,NONE LISTED,20,1,0,Not a Collision with Motor Vehicle In-Transport,1,1,Daylight,1,Clear,1,Daytime,NO,"770,2014040012,40012,1,1,0,1,5,COCONINO,0,NONE LISTED,20,1,0,Not a Collision with Motor Vehicle In-Transport,1,1,Daylight,1,Clear,1,Daytime,NO"
771,2014040013,40013,1,1,0,1,5,COCONINO,0,NONE LISTED,22,1,0,Not a Collision with Motor Vehicle In-Transport,4,1,Daylight,1,Clear,1,Daytime,YES,"771,2014040013,40013,1,1,0,1,5,COCONINO,0,NONE LISTED,22,1,0,Not a Collision with Motor Vehicle In-Transport,4,1,Daylight,1,Clear,1,Daytime,YES"
772,2014040015,40015,1,1,0,1,25,YAVAPAI,65,CAMP VERDE,23,1,0,Not a Collision with Motor Vehicle In-Transport,4,1,Daylight,1,Clear,1,Daytime,YES,"772,2014040015,40015,1,1,0,1,25,YAVAPAI,65,CAMP VERDE,23,1,0,Not a Collision with Motor Vehicle In-Transport,4,1,Daylight,1,Clear,1,Daytime,YES"
773,2014040019,40019,1,1,1,2,13,MARICOPA,370,PHOENIX,1,1,0,Not a Collision with Motor Vehicle In-Transport,1,3,Dark - Lighted,1,Clear,2,Nighttime,NO,"773,2014040019,40019,1,1,1,2,13,MARICOPA,370,PHOENIX,1,1,0,Not a Collision with Motor Vehicle In-Transport,1,3,Dark - Lighted,1,Clear,2,Nighttime,NO"
774,2014040020,40020,1,1,0,2,21,PINAL,0,NONE LISTED,19,1,0,Not a Collision with Motor Vehicle In-Transport,4,1,Daylight,1,Clear,1,Daytime,YES,"774,2014040020,40020,1,1,0,2,21,PINAL,0,NONE LISTED,19,1,0,Not a Collision with Motor Vehicle In-Transport,4,1,Daylight,1,Clear,1,Daytime,YES"
775,2014040021,40021,1,1,1,1,13,MARICOPA,370,PHOENIX,25,1,0,Not a Collision with Motor Vehicle In-Transport,4,3,Dark - Lighted,1,Clear,2,Nighttime,NO,"775,2014040021,40021,1,1,1,1,13,MARICOPA,370,PHOENIX,25,1,0,Not a Collision with Motor Vehicle In-Transport,4,3,Dark - Lighted,1,Clear,2,Nighttime,NO"
776,2014040026,40026,1,1,0,5,17,NAVAJO,565,WHITERIVER,2,2,0,Not a Collision with Motor Vehicle In-Transport,4,2,Dark - Not Lighted,1,Clear,2,Nighttime,YES,"776,2014040026,40026,1,1,0,5,17,NAVAJO,565,WHITERIVER,2,2,0,Not a Collision with Motor Vehicle In-Transport,4,2,Dark - Not Lighted,1,Clear,2,Nighttime,YES"
777,2014040027,40027,1,1,1,1,27,YUMA,620,YUMA,3,2,0,Not a Collision with Motor Vehicle In-Transport,4,1,Daylight,1,Clear,1,Daytime,NO,"777,2014040027,40027,1,1,1,1,27,YUMA,620,YUMA,3,2,0,Not a Collision with Motor Vehicle In-Transport,4,1,Daylight,1,Clear,1,Daytime,NO"
778,2014040029,40029,1,1,1,1,19,PIMA,530,TUCSON,8,2,0,Not a Collision with Motor Vehicle In-Transport,1,2,Dark - Not Lighted,1,Clear,2,Nighttime,NO,"778,2014040029,40029,1,1,1,1,19,PIMA,530,TUCSON,8,2,0,Not a Collision with Motor Vehicle In-Transport,1,2,Dark - Not Lighted,1,Clear,2,Nighttime,NO"
779,2014040032,40032,1,1,0,1,27,YUMA,620,YUMA,8,2,0,Not a Collision with Motor Vehicle In-Transport,4,3,Dark - Lighted,1,Clear,2,Nighttime,NO,"779,2014040032,40032,1,1,0,1,27,YUMA,620,YUMA,8,2,0,Not a Collision with Motor Vehicle In-Transport,4,3,Dark - Lighted,1,Clear,2,Nighttime,NO"
780,2014040033,40033,1,1,1,5,7,GILA,0,NONE LISTED,9,2,0,Not a Collision with Motor Vehicle In-Transport,1,1,Daylight,1,Clear,1,Daytime,YES,"780,2014040033,40033,1,1,1,5,7,GILA,0,NONE LISTED,9,2,0,Not a Collision with Motor Vehicle In-Transport,1,1,Daylight,1,Clear,1,Daytime,YES"
781,2014040034,40034,2,2,0,2,13,MARICOPA,190,GILBERT,12,2,6,Angle,1,1,Daylight,1,Clear,1,Daytime,YES,"781,2014040034,40034,2,2,0,2,13,MARICOPA,190,GILBERT,12,2,6,Angle,1,1,Daylight,1,Clear,1,Daytime,YES"
782,2014040035,40035,2,2,0,2,19,PIMA,0,NONE LISTED,13,2,6,Angle,1,1,Daylight,1,Clear,1,Daytime,NO,"782,2014040035,40035,2,2,0,2,19,PIMA,0,NONE LISTED,13,2,6,Angle,1,1,Daylight,1,Clear,1,Daytime,NO"
783,2014040036,40036,1,1,1,1,27,YUMA,620,YUMA,15,2,0,Not a Collision with Motor Vehicle In-Transport,1,3,Dark - Lighted,1,Clear,2,Nighttime,YES,"783,2014040036,40036,1,1,1,1,27,YUMA,620,YUMA,15,2,0,Not a Collision with Motor Vehicle In-Transport,1,3,Dark - Lighted,1,Clear,2,Nighttime,YES"
784,2014040037,40037,1,1,0,1,13,MARICOPA,0,NONE LISTED,16,2,0,Not a Collision with Motor Vehicle In-Transport,4,1,Daylight,10,Cloudy,1,Daytime,YES,"784,2014040037,40037,1,1,0,1,13,MARICOPA,0,NONE LISTED,16,2,0,Not a Collision with Motor Vehicle In-Transport,4,1,Daylight,10,Cloudy,1,Daytime,YES"