index,accident_id,ST_CASE,VE_TOTAL,VE_FORMS,PEDS,PERSONS,COUNTY,county_name,CITY,city_name,DAY,MONTH,MAN_COLL,man_coll_lit,REL_ROAD,LGT_COND,lgt_cond_lit,WEATHER,weather_lit,A_TOD,a_tod_lit,DEAD,concatenated
940,2014040370,40370,2,2,0,7,5,COCONINO,0,NONE LISTED,13,6,1,Front-to-Rear,1,2,Dark - Not Lighted,1,Clear,2,Nighttime,NO,"940,2014040370,40370,2,2,0,7,5,COCONINO,0,NONE LISTED,13,6,1,Front-to-Rear,1,2,Dark - Not Lighted,1,Clear,2,Nighttime,NO"
941,2014040373,40373,3,3,0,7,9,GRAHAM,0,NONE LISTED,19,6,8,Sideswipe - Opposite Direction,1,2,Dark - Not Lighted,1,Clear,2,Nighttime,YES,"941,2014040373,40373,3,3,0,7,9,GRAHAM,0,NONE LISTED,19,6,8,Sideswipe - Opposite Direction,1,2,Dark - Not Lighted,1,Clear,2,Nighttime,YES"
942,2014040374,40374,2,2,0,3,12,LA PAZ,0,NONE LISTED,20,6,6,Angle,1,1,Daylight,1,Clear,2,Nighttime,YES,"942,2014040374,40374,2,2,0,3,12,LA PAZ,0,NONE LISTED,20,6,6,Angle,1,1,Daylight,1,Clear,2,Nighttime,YES"
943,2014040375,40375,1,1,0,2,15,MOHAVE,260,KINGMAN,23,6,0,Not a Collision with Motor Vehicle In-Transport,4,6,Dark - Unknown Lighting,99,Unknown,2,Nighttime,NO,"943,2014040375,40375,1,1,0,2,15,MOHAVE,260,KINGMAN,23,6,0,Not a Collision with Motor Vehicle In-Transport,4,6,Dark - Unknown Lighting,99,Unknown,2,Nighttime,NO"
944,2014040376,40376,1,1,0,1,13,MARICOPA,0,NONE LISTED,28,6,0,Not a Collision with Motor Vehicle In-Transport,4,4,Dawn,1,Clear,2,Nighttime,YES,"944,2014040376,40376,1,1,0,1,13,MARICOPA,0,NONE LISTED,28,6,0,Not a Collision with Motor Vehicle In-Transport,4,4,Dawn,1,Clear,2,Nighttime,YES"
945,2014040379,40379,2,2,0,2,21,PINAL,70,CASA GRANDE,1,7,6,Angle,1,1,Daylight,1,Clear,1,Daytime,YES,"945,2014040379,40379,2,2,0,2,21,PINAL,70,CASA GRANDE,1,7,6,Angle,1,1,Daylight,1,Clear,1,Daytime,YES"
946,2014040382,40382,2,2,0,2,13,MARICOPA,0,NONE LISTED,27,7,6,Angle,1,1,Daylight,1,Clear,1,Daytime,YES,"946,2014040382,40382,2,2,0,2,13,MARICOPA,0,NONE LISTED,27,7,6,Angle,1,1,Daylight,1,Clear,1,Daytime,YES"
947,2014040383,40383,1,1,0,2,7,GILA,0,NONE LISTED,26,7,0,Not a Collision with Motor Vehicle In-Transport,4,1,Daylight,10,Cloudy,1,Daytime,YES,"947,2014040383,40383,1,1,0,2,7,GILA,0,NONE LISTED,26,7,0,Not a Collision with Motor Vehicle In-Transport,4,1,Daylight,10,Cloudy,1,Daytime,YES"
948,2014040385,40385,1,1,0,2,7,GILA,0,NONE LISTED,1,8,0,Not a Collision with Motor Vehicle In-Transport,4,1,Daylight,10,Cloudy,1,Daytime,YES,"948,2014040385,40385,1,1,0,2,7,GILA,0,NONE LISTED,1,8,0,Not a Collision with Motor Vehicle In-Transport,4,1,Daylight,10,Cloudy,1,Daytime,YES"
949,2014040386,40386,2,2,0,2,13,MARICOPA,80,CHANDLER,1,8,6,Angle,1,3,Dark - Lighted,10,Cloudy,2,Nighttime,YES,"949,2014040386,40386,2,2,0,2,13,MARICOPA,80,CHANDLER,1,8,6,Angle,1,3,Dark - Lighted,10,Cloudy,2,Nighttime,YES"
950,2014040388,40388,2,2,0,2,13,MARICOPA,0,NONE LISTED,2,8,1,Front-to-Rear,1,1,Daylight,10,Cloudy,1,Daytime,YES,"950,2014040388,40388,2,2,0,2,13,MARICOPA,0,NONE LISTED,2,8,1,Front-to-Rear,1,1,Daylight,10,Cloudy,1,Daytime,YES"
951,2014040389,40389,1,1,0,1,13,MARICOPA,370,PHOENIX,3,8,0,Not a Collision with Motor Vehicle In-Transport,1,3,Dark - Lighted,1,Clear,1,Daytime,YES,"951,2014040389,40389,1,1,0,1,13,MARICOPA,370,PHOENIX,3,8,0,Not a Collision with Motor Vehicle In-Transport,1,3,Dark - Lighted,1,Clear,1,Daytime,YES"
952,2014040390,40390,1,1,0,1,19,PIMA,530,TUCSON,3,8,0,Not a Collision with Motor Vehicle In-Transport,3,1,Daylight,1,Clear,1,Daytime,NO,"952,2014040390,40390,1,1,0,1,19,PIMA,530,TUCSON,3,8,0,Not a Collision with Motor Vehicle In-Transport,3,1,Daylight,1,Clear,1,Daytime,NO"
953,2014040393,40393,1,1,1,1,13,MARICOPA,370,PHOENIX,8,8,0,Not a Collision with Motor Vehicle In-Transport,1,2,Dark - Not Lighted,1,Clear,2,Nighttime,YES,"953,2014040393,40393,1,1,1,1,13,MARICOPA,370,PHOENIX,8,8,0,Not a Collision with Motor Vehicle In-Transport,1,2,Dark - Not Lighted,1,Clear,2,Nighttime,YES"
954,2014040399,40399,1,1,0,1,17,NAVAJO,0,NONE LISTED,15,8,0,Not a Collision with Motor Vehicle In-Transport,4,5,Dusk,1,Clear,2,Nighttime,NO,"954,2014040399,40399,1,1,0,1,17,NAVAJO,0,NONE LISTED,15,8,0,Not a Collision with Motor Vehicle In-Transport,4,5,Dusk,1,Clear,2,Nighttime,NO"
955,2014040401,40401,1,1,0,1,15,MOHAVE,0,NONE LISTED,17,8,0,Not a Collision with Motor Vehicle In-Transport,4,1,Daylight,1,Clear,1,Daytime,NO,"955,2014040401,40401,1,1,0,1,15,MOHAVE,0,NONE LISTED,17,8,0,Not a Collision with Motor Vehicle In-Transport,4,1,Daylight,1,Clear,1,Daytime,NO"
956,2014040406,40406,1,1,0,1,27,YUMA,0,NONE LISTED,23,8,0,Not a Collision with Motor Vehicle In-Transport,4,2,Dark - Not Lighted,1,Clear,2,Nighttime,YES,"956,2014040406,40406,1,1,0,1,27,YUMA,0,NONE LISTED,23,8,0,Not a Collision with Motor Vehicle In-Transport,4,2,Dark - Not Lighted,1,Clear,2,Nighttime,YES"
957,2014040410,40410,1,1,0,1,25,YAVAPAI,0,NONE LISTED,25,8,0,Not a Collision with Motor Vehicle In-Transport,4,1,Daylight,10,Cloudy,1,Daytime,NO,"957,2014040410,40410,1,1,0,1,25,YAVAPAI,0,NONE LISTED,25,8,0,Not a Collision with Motor Vehicle In-Transport,4,1,Daylight,10,Cloudy,1,Daytime,NO"
958,2014040413,40413,2,2,0,5,1,APACHE,222,GREER,28,8,6,Angle,1,1,Daylight,1,Clear,1,Daytime,NO,"958,2014040413,40413,2,2,0,5,1,APACHE,222,GREER,28,8,6,Angle,1,1,Daylight,1,Clear,1,Daytime,NO"
959,2014040414,40414,1,1,0,1,5,COCONINO,0,NONE LISTED,29,8,0,Not a Collision with Motor Vehicle In-Transport,4,1,Daylight,1,Clear,1,Daytime,YES,"959,2014040414,40414,1,1,0,1,5,COCONINO,0,NONE LISTED,29,8,0,Not a Collision with Motor Vehicle In-Transport,4,1,Daylight,1,Clear,1,Daytime,YES"
960,2014040416,40416,1,1,0,1,15,MOHAVE,260,KINGMAN,31,8,0,Not a Collision with Motor Vehicle In-Transport,4,4,Dawn,1,Clear,1,Daytime,YES,"960,2014040416,40416,1,1,0,1,15,MOHAVE,260,KINGMAN,31,8,0,Not a Collision with Motor Vehicle In-Transport,4,4,Dawn,1,Clear,1,Daytime,YES"
961,2014040417,40417,1,1,1,1,13,MARICOPA,370,PHOENIX,4,7,0,Not a Collision with Motor Vehicle In-Transport,1,3,Dark - Lighted,1,Clear,2,Nighttime,YES,"961,2014040417,40417,1,1,1,1,13,MARICOPA,370,PHOENIX,4,7,0,Not a Collision with Motor Vehicle In-Transport,1,3,Dark - Lighted,1,Clear,2,Nighttime,YES"
962,2014040420,40420,2,2,0,2,13,MARICOPA,370,PHOENIX,19,7,7,Sideswipe - Same Direction,1,1,Daylight,1,Clear,1,Daytime,YES,"962,2014040420,40420,2,2,0,2,13,MARICOPA,370,PHOENIX,19,7,7,Sideswipe - Same Direction,1,1,Daylight,1,Clear,1,Daytime,YES"
963,2014040421,40421,1,1,0,1,5,COCONINO,0,NONE LISTED,2,7,0,Not a Collision with Motor Vehicle In-Transport,99,6,Dark - Unknown Lighting,99,Unknown,2,Nighttime,NO,"963,2014040421,40421,1,1,0,1,5,COCONINO,0,NONE LISTED,2,7,0,Not a Collision with Motor Vehicle In-Transport,99,6,Dark - Unknown Lighting,99,Unknown,2,Nighttime,NO"
964,2014040422,40422,1,1,0,3,13,MARICOPA,0,NONE LISTED,7,7,0,Not a Collision with Motor Vehicle In-Transport,99,6,Dark - Unknown Lighting,99,Unknown,2,Nighttime,NO,"964,2014040422,40422,1,1,0,3,13,MARICOPA,0,NONE LISTED,7,7,0,Not a Collision with Motor Vehicle In-Transport,99,6,Dark - Unknown Lighting,99,Unknown,2,Nighttime,NO"
965,2014040423,40423,1,1,1,1,15,MOHAVE,260,KINGMAN,7,7,0,Not a Collision with Motor Vehicle In-Transport,1,1,Daylight,99,Unknown,1,Daytime,NO,"965,2014040423,40423,1,1,1,1,15,MOHAVE,260,KINGMAN,7,7,0,Not a Collision with Motor Vehicle In-Transport,1,1,Daylight,99,Unknown,1,Daytime,NO"
966,2014040424,40424,1,1,1,1,13,MARICOPA,370,PHOENIX,7,7,0,Not a Collision with Motor Vehicle In-Transport,1,3,Dark - Lighted,1,Clear,2,Nighttime,YES,"966,2014040424,40424,1,1,1,1,13,MARICOPA,370,PHOENIX,7,7,0,Not a Collision with Motor Vehicle In-Transport,1,3,Dark - Lighted,1,Clear,2,Nighttime,YES"
967,2014040426,40426,1,1,1,1,13,MARICOPA,370,PHOENIX,9,7,0,Not a Collision with Motor Vehicle In-Transport,1,3,Dark - Lighted,1,Clear,2,Nighttime,YES,"967,2014040426,40426,1,1,1,1,13,MARICOPA,370,PHOENIX,9,7,0,Not a Collision with Motor Vehicle In-Transport,1,3,Dark - Lighted,1,Clear,2,Nighttime,YES"
968,2014040427,40427,2,2,0,3,13,MARICOPA,0,NONE LISTED,17,7,6,Angle,1,3,Dark - Lighted,1,Clear,2,Nighttime,NO,"968,2014040427,40427,2,2,0,3,13,MARICOPA,0,NONE LISTED,17,7,6,Angle,1,3,Dark - Lighted,1,Clear,2,Nighttime,NO"
969,2014040428,40428,1,1,1,1,13,MARICOPA,370,PHOENIX,18,7,0,Not a Collision with Motor Vehicle In-Transport,1,3,Dark - Lighted,1,Clear,2,Nighttime,NO,"969,2014040428,40428,1,1,1,1,13,MARICOPA,370,PHOENIX,18,7,0,Not a Collision with Motor Vehicle In-Transport,1,3,Dark - Lighted,1,Clear,2,Nighttime,NO"
970,2014040429,40429,1,1,0,4,7,GILA,300,MIAMI,19,7,0,Not a Collision with Motor Vehicle In-Transport,4,2,Dark - Not Lighted,10,Cloudy,2,Nighttime,NO,"970,2014040429,40429,1,1,0,4,7,GILA,300,MIAMI,19,7,0,Not a Collision with Motor Vehicle In-Transport,4,2,Dark - Not Lighted,10,Cloudy,2,Nighttime,NO"
971,2014040430,40430,1,1,1,3,13,MARICOPA,370,PHOENIX,25,7,0,Not a Collision with Motor Vehicle In-Transport,1,6,Dark - Unknown Lighting,99,Unknown,2,Nighttime,NO,"971,2014040430,40430,1,1,1,3,13,MARICOPA,370,PHOENIX,25,7,0,Not a Collision with Motor Vehicle In-Transport,1,6,Dark - Unknown Lighting,99,Unknown,2,Nighttime,NO"
972,2014040433,40433,2,2,0,2,15,MOHAVE,0,NONE LISTED,26,8,6,Angle,1,1,Daylight,1,Clear,1,Daytime,NO,"972,2014040433,40433,2,2,0,2,15,MOHAVE,0,NONE LISTED,26,8,6,Angle,1,1,Daylight,1,Clear,1,Daytime,NO"
973,2014040434,40434,1,1,0,4,13,MARICOPA,420,SCOTTSDALE,2,8,0,Not a Collision with Motor Vehicle In-Transport,4,5,Dusk,2,Rain,1,Daytime,NO,"973,2014040434,40434,1,1,0,4,13,MARICOPA,420,SCOTTSDALE,2,8,0,Not a Collision with Motor Vehicle In-Transport,4,5,Dusk,2,Rain,1,Daytime,NO"
974,2014040437,40437,1,1,1,1,19,PIMA,0,NONE LISTED,14,8,0,Not a Collision with Motor Vehicle In-Transport,1,2,Dark - Not Lighted,1,Clear,2,Nighttime,NO,"974,2014040437,40437,1,1,1,1,19,PIMA,0,NONE LISTED,14,8,0,Not a Collision with Motor Vehicle In-Transport,1,2,Dark - Not Lighted,1,Clear,2,Nighttime,NO"
975,2014040442,40442,1,1,0,2,5,COCONINO,0,NONE LISTED,9,8,0,Not a Collision with Motor Vehicle In-Transport,4,1,Daylight,10,Cloudy,1,Daytime,YES,"975,2014040442,40442,1,1,0,2,5,COCONINO,0,NONE LISTED,9,8,0,Not a Collision with Motor Vehicle In-Transport,4,1,Daylight,10,Cloudy,1,Daytime,YES"
976,2014040443,40443,2,2,0,2,9,GRAHAM,0,NONE LISTED,12,8,2,Front-to-Front,1,2,Dark - Not Lighted,10,Cloudy,2,Nighttime,NO,"976,2014040443,40443,2,2,0,2,9,GRAHAM,0,NONE LISTED,12,8,2,Front-to-Front,1,2,Dark - Not Lighted,10,Cloudy,2,Nighttime,NO"
977,2014040446,40446,2,2,0,8,5,COCONINO,0,NONE LISTED,30,8,2,Front-to-Front,1,2,Dark - Not Lighted,1,Clear,2,Nighttime,YES,"977,2014040446,40446,2,2,0,8,5,COCONINO,0,NONE LISTED,30,8,2,Front-to-Front,1,2,Dark - Not Lighted,1,Clear,2,Nighttime,YES"
978,2014040448,40448,1,1,0,1,25,YAVAPAI,0,NONE LISTED,4,9,0,Not a Collision with Motor Vehicle In-Transport,4,1,Daylight,99,Unknown,1,Daytime,NO,"978,2014040448,40448,1,1,0,1,25,YAVAPAI,0,NONE LISTED,4,9,0,Not a Collision with Motor Vehicle In-Transport,4,1,Daylight,99,Unknown,1,Daytime,NO"
979,2014040453,40453,1,1,1,1,5,COCONINO,0,NONE LISTED,7,9,0,Not a Collision with Motor Vehicle In-Transport,1,1,Daylight,10,Cloudy,1,Daytime,NO,"979,2014040453,40453,1,1,1,1,5,COCONINO,0,NONE LISTED,7,9,0,Not a Collision with Motor Vehicle In-Transport,1,1,Daylight,10,Cloudy,1,Daytime,NO"
980,2014040455,40455,2,2,0,2,13,MARICOPA,475,SUN CITY,9,9,6,Angle,1,1,Daylight,10,Cloudy,1,Daytime,YES,"980,2014040455,40455,2,2,0,2,13,MARICOPA,475,SUN CITY,9,9,6,Angle,1,1,Daylight,10,Cloudy,1,Daytime,YES"
981,2014040458,40458,1,1,0,6,21,PINAL,22,APACHE JUNCTION,14,9,0,Not a Collision with Motor Vehicle In-Transport,1,2,Dark - Not Lighted,98,Not Reported,2,Nighttime,NO,"981,2014040458,40458,1,1,0,6,21,PINAL,22,APACHE JUNCTION,14,9,0,Not a Collision with Motor Vehicle In-Transport,1,2,Dark - Not Lighted,98,Not Reported,2,Nighttime,NO"
982,2014040469,40469,1,1,1,1,17,NAVAJO,0,NONE LISTED,24,5,0,Not a Collision with Motor Vehicle In-Transport,99,9,Unknown,99,Unknown,3,Unknown,NO,"982,2014040469,40469,1,1,1,1,17,NAVAJO,0,NONE LISTED,24,5,0,Not a Collision with Motor Vehicle In-Transport,99,9,Unknown,99,Unknown,3,Unknown,NO"
983,2014040470,40470,1,1,0,1,17,NAVAJO,0,NONE LISTED,6,6,0,Not a Collision with Motor Vehicle In-Transport,2,9,Unknown,99,Unknown,3,Unknown,YES,"983,2014040470,40470,1,1,0,1,17,NAVAJO,0,NONE LISTED,6,6,0,Not a Collision with Motor Vehicle In-Transport,2,9,Unknown,99,Unknown,3,Unknown,YES"
984,2014040473,40473,1,1,1,1,13,MARICOPA,370,PHOENIX,5,8,0,Not a Collision with Motor Vehicle In-Transport,1,3,Dark - Lighted,1,Clear,2,Nighttime,YES,"984,2014040473,40473,1,1,1,1,13,MARICOPA,370,PHOENIX,5,8,0,Not a Collision with Motor Vehicle In-Transport,1,3,Dark - Lighted,1,Clear,2,Nighttime,YES"
985,2014040478,40478,1,1,1,2,13,MARICOPA,370,PHOENIX,27,8,0,Not a Collision with Motor Vehicle In-Transport,1,3,Dark - Lighted,1,Clear,2,Nighttime,NO,"985,2014040478,40478,1,1,1,2,13,MARICOPA,370,PHOENIX,27,8,0,Not a Collision with Motor Vehicle In-Transport,1,3,Dark - Lighted,1,Clear,2,Nighttime,NO"
986,2014040480,40480,2,2,0,2,13,MARICOPA,290,MESA,16,9,2,Front-to-Front,1,1,Daylight,2,Rain,1,Daytime,YES,"986,2014040480,40480,2,2,0,2,13,MARICOPA,290,MESA,16,9,2,Front-to-Front,1,1,Daylight,2,Rain,1,Daytime,YES"
987,2014040481,40481,2,2,0,2,13,MARICOPA,370,PHOENIX,23,9,6,Angle,1,1,Daylight,1,Clear,1,Daytime,YES,"987,2014040481,40481,2,2,0,2,13,MARICOPA,370,PHOENIX,23,9,6,Angle,1,1,Daylight,1,Clear,1,Daytime,YES"
988,2014040482,40482,2,2,0,2,13,MARICOPA,368,PEORIA,24,9,6,Angle,1,1,Daylight,1,Clear,1,Daytime,YES,"988,2014040482,40482,2,2,0,2,13,MARICOPA,368,PEORIA,24,9,6,Angle,1,1,Daylight,1,Clear,1,Daytime,YES"
989,2014040483,40483,2,2,0,2,17,NAVAJO,0,NONE LISTED,12,7,7,Sideswipe - Same Direction,1,1,Daylight,1,Clear,1,Daytime,NO,"989,2014040483,40483,2,2,0,2,17,NAVAJO,0,NONE LISTED,12,7,7,Sideswipe - Same Direction,1,1,Daylight,1,Clear,1,Daytime,NO"
990,2014040484,40484,1,1,0,1,17,NAVAJO,429,SHOW LOW,21,9,0,Not a Collision with Motor Vehicle In-Transport,4,3,Dark - Lighted,10,Cloudy,2,Nighttime,YES,"990,2014040484,40484,1,1,0,1,17,NAVAJO,429,SHOW LOW,21,9,0,Not a Collision with Motor Vehicle In-Transport,4,3,Dark - Lighted,10,Cloudy,2,Nighttime,YES"
991,2014040485,40485,2,2,0,3,25,YAVAPAI,0,NONE LISTED,28,9,1,Front-to-Rear,1,1,Daylight,10,Cloudy,1,Daytime,NO,"991,2014040485,40485,2,2,0,3,25,YAVAPAI,0,NONE LISTED,28,9,1,Front-to-Rear,1,1,Daylight,10,Cloudy,1,Daytime,NO"
992,2014040488,40488,1,1,0,1,13,MARICOPA,368,PEORIA,4,10,0,Not a Collision with Motor Vehicle In-Transport,4,3,Dark - Lighted,1,Clear,2,Nighttime,NO,"992,2014040488,40488,1,1,0,1,13,MARICOPA,368,PEORIA,4,10,0,Not a Collision with Motor Vehicle In-Transport,4,3,Dark - Lighted,1,Clear,2,Nighttime,NO"
993,2014040491,40491,1,1,0,1,15,MOHAVE,0,NONE LISTED,7,10,0,Not a Collision with Motor Vehicle In-Transport,4,2,Dark - Not Lighted,1,Clear,2,Nighttime,YES,"993,2014040491,40491,1,1,0,1,15,MOHAVE,0,NONE LISTED,7,10,0,Not a Collision with Motor Vehicle In-Transport,4,2,Dark - Not Lighted,1,Clear,2,Nighttime,YES"
994,2014040493,40493,1,1,0,1,27,YUMA,620,YUMA,9,10,0,Not a Collision with Motor Vehicle In-Transport,4,1,Daylight,1,Clear,1,Daytime,NO,"994,2014040493,40493,1,1,0,1,27,YUMA,620,YUMA,9,10,0,Not a Collision with Motor Vehicle In-Transport,4,1,Daylight,1,Clear,1,Daytime,NO"
995,2014040494,40494,1,1,1,1,13,MARICOPA,290,MESA,10,10,0,Not a Collision with Motor Vehicle In-Transport,1,1,Daylight,1,Clear,1,Daytime,YES,"995,2014040494,40494,1,1,1,1,13,MARICOPA,290,MESA,10,10,0,Not a Collision with Motor Vehicle In-Transport,1,1,Daylight,1,Clear,1,Daytime,YES"
996,2014040495,40495,1,1,0,1,13,MARICOPA,0,NONE LISTED,17,10,0,Not a Collision with Motor Vehicle In-Transport,4,1,Daylight,1,Clear,1,Daytime,YES,"996,2014040495,40495,1,1,0,1,13,MARICOPA,0,NONE LISTED,17,10,0,Not a Collision with Motor Vehicle In-Transport,4,1,Daylight,1,Clear,1,Daytime,YES"
997,2014040497,40497,2,2,0,3,27,YUMA,620,YUMA,22,10,6,Angle,1,3,Dark - Lighted,1,Clear,2,Nighttime,NO,"997,2014040497,40497,2,2,0,3,27,YUMA,620,YUMA,22,10,6,Angle,1,3,Dark - Lighted,1,Clear,2,Nighttime,NO"
998,2014040502,40502,1,1,0,1,5,COCONINO,0,NONE LISTED,29,10,0,Not a Collision with Motor Vehicle In-Transport,4,1,Daylight,1,Clear,1,Daytime,NO,"998,2014040502,40502,1,1,0,1,5,COCONINO,0,NONE LISTED,29,10,0,Not a Collision with Motor Vehicle In-Transport,4,1,Daylight,1,Clear,1,Daytime,NO"
999,2014040503,40503,1,1,0,3,13,MARICOPA,0,NONE LISTED,24,8,0,Not a Collision with Motor Vehicle In-Transport,4,1,Daylight,1,Clear,1,Daytime,NO,"999,2014040503,40503,1,1,0,3,13,MARICOPA,0,NONE LISTED,24,8,0,Not a Collision with Motor Vehicle In-Transport,4,1,Daylight,1,Clear,1,Daytime,NO"
1000,2014040505,40505,1,1,2,1,13,MARICOPA,200,GLENDALE,3,9,0,Not a Collision with Motor Vehicle In-Transport,1,5,Dusk,1,Clear,2,Nighttime,YES,"1000,2014040505,40505,1,1,2,1,13,MARICOPA,200,GLENDALE,3,9,0,Not a Collision with Motor Vehicle In-Transport,1,5,Dusk,1,Clear,2,Nighttime,YES"
1001,2014040506,40506,1,1,1,1,13,MARICOPA,370,PHOENIX,7,9,0,Not a Collision with Motor Vehicle In-Transport,1,2,Dark - Not Lighted,1,Clear,2,Nighttime,NO,"1001,2014040506,40506,1,1,1,1,13,MARICOPA,370,PHOENIX,7,9,0,Not a Collision with Motor Vehicle In-Transport,1,2,Dark - Not Lighted,1,Clear,2,Nighttime,NO"
1002,2014040507,40507,2,2,0,6,13,MARICOPA,370,PHOENIX,7,9,6,Angle,1,1,Daylight,1,Clear,1,Daytime,NO,"1002,2014040507,40507,2,2,0,6,13,MARICOPA,370,PHOENIX,7,9,6,Angle,1,1,Daylight,1,Clear,1,Daytime,NO"
1003,2014040508,40508,1,1,1,1,13,MARICOPA,370,PHOENIX,8,9,0,Not a Collision with Motor Vehicle In-Transport,1,3,Dark - Lighted,1,Clear,2,Nighttime,YES,"1003,2014040508,40508,1,1,1,1,13,MARICOPA,370,PHOENIX,8,9,0,Not a Collision with Motor Vehicle In-Transport,1,3,Dark - Lighted,1,Clear,2,Nighttime,YES"
1004,2014040509,40509,2,2,0,4,1,APACHE,0,NONE LISTED,10,9,2,Front-to-Front,1,1,Daylight,1,Clear,1,Daytime,YES,"1004,2014040509,40509,2,2,0,4,1,APACHE,0,NONE LISTED,10,9,2,Front-to-Front,1,1,Daylight,1,Clear,1,Daytime,YES"
1005,2014040510,40510,3,3,0,15,13,MARICOPA,368,PEORIA,18,10,6,Angle,1,2,Dark - Not Lighted,1,Clear,2,Nighttime,YES,"1005,2014040510,40510,3,3,0,15,13,MARICOPA,368,PEORIA,18,10,6,Angle,1,2,Dark - Not Lighted,1,Clear,2,Nighttime,YES"
1006,2014040512,40512,1,1,0,1,19,PIMA,0,NONE LISTED,10,10,0,Not a Collision with Motor Vehicle In-Transport,4,1,Daylight,1,Clear,1,Daytime,NO,"1006,2014040512,40512,1,1,0,1,19,PIMA,0,NONE LISTED,10,10,0,Not a Collision with Motor Vehicle In-Transport,4,1,Daylight,1,Clear,1,Daytime,NO"
1007,2014040513,40513,3,3,0,5,19,PIMA,530,TUCSON,10,10,6,Angle,1,5,Dusk,1,Clear,1,Daytime,YES,"1007,2014040513,40513,3,3,0,5,19,PIMA,530,TUCSON,10,10,6,Angle,1,5,Dusk,1,Clear,1,Daytime,YES"
1008,2014040514,40514,1,1,1,1,13,MARICOPA,370,PHOENIX,16,10,0,Not a Collision with Motor Vehicle In-Transport,1,3,Dark - Lighted,1,Clear,2,Nighttime,YES,"1008,2014040514,40514,1,1,1,1,13,MARICOPA,370,PHOENIX,16,10,0,Not a Collision with Motor Vehicle In-Transport,1,3,Dark - Lighted,1,Clear,2,Nighttime,YES"
1009,2014040515,40515,2,2,0,2,13,MARICOPA,190,GILBERT,20,10,6,Angle,1,1,Daylight,1,Clear,1,Daytime,NO,"1009,2014040515,40515,2,2,0,2,13,MARICOPA,190,GILBERT,20,10,6,Angle,1,1,Daylight,1,Clear,1,Daytime,NO"
1010,2014040517,40517,1,1,1,2,15,MOHAVE,0,NONE LISTED,26,10,0,Not a Collision with Motor Vehicle In-Transport,1,2,Dark - Not Lighted,1,Clear,2,Nighttime,YES,"1010,2014040517,40517,1,1,1,2,15,MOHAVE,0,NONE LISTED,26,10,0,Not a Collision with Motor Vehicle In-Transport,1,2,Dark - Not Lighted,1,Clear,2,Nighttime,YES"
1011,2014040520,40520,1,1,1,3,21,PINAL,0,NONE LISTED,21,9,0,Not a Collision with Motor Vehicle In-Transport,1,2,Dark - Not Lighted,1,Clear,2,Nighttime,YES,"1011,2014040520,40520,1,1,1,3,21,PINAL,0,NONE LISTED,21,9,0,Not a Collision with Motor Vehicle In-Transport,1,2,Dark - Not Lighted,1,Clear,2,Nighttime,YES"
1012,2014040521,40521,1,1,1,2,13,MARICOPA,200,GLENDALE,22,9,0,Not a Collision with Motor Vehicle In-Transport,1,1,Daylight,1,Clear,1,Daytime,NO,"1012,2014040521,40521,1,1,1,2,13,MARICOPA,200,GLENDALE,22,9,0,Not a Collision with Motor Vehicle In-Transport,1,1,Daylight,1,Clear,1,Daytime,NO"
1013,2014040522,40522,1,1,1,1,21,PINAL,0,NONE LISTED,23,9,0,Not a Collision with Motor Vehicle In-Transport,1,2,Dark - Not Lighted,1,Clear,2,Nighttime,YES,"1013,2014040522,40522,1,1,1,1,21,PINAL,0,NONE LISTED,23,9,0,Not a Collision with Motor Vehicle In-Transport,1,2,Dark - Not Lighted,1,Clear,2,Nighttime,YES"
1014,2014040523,40523,2,2,0,2,13,MARICOPA,490,TEMPE,23,9,6,Angle,1,1,Daylight,10,Cloudy,1,Daytime,NO,"1014,2014040523,40523,2,2,0,2,13,MARICOPA,490,TEMPE,23,9,6,Angle,1,1,Daylight,10,Cloudy,1,Daytime,NO"
1015,2014040525,40525,1,1,1,2,13,MARICOPA,370,PHOENIX,13,9,0,Not a Collision with Motor Vehicle In-Transport,1,3,Dark - Lighted,1,Clear,2,Nighttime,YES,"1015,2014040525,40525,1,1,1,2,13,MARICOPA,370,PHOENIX,13,9,0,Not a Collision with Motor Vehicle In-Transport,1,3,Dark - Lighted,1,Clear,2,Nighttime,YES"
1016,2014040529,40529,2,2,0,3,13,MARICOPA,370,PHOENIX,15,9,6,Angle,1,1,Daylight,1,Clear,1,Daytime,YES,"1016,2014040529,40529,2,2,0,3,13,MARICOPA,370,PHOENIX,15,9,6,Angle,1,1,Daylight,1,Clear,1,Daytime,YES"
1017,2014040531,40531,2,2,0,3,13,MARICOPA,370,PHOENIX,18,9,2,Front-to-Front,1,6,Dark - Unknown Lighting,99,Unknown,2,Nighttime,YES,"1017,2014040531,40531,2,2,0,3,13,MARICOPA,370,PHOENIX,18,9,2,Front-to-Front,1,6,Dark - Unknown Lighting,99,Unknown,2,Nighttime,YES"