index,accident_id,ST_CASE,VE_TOTAL,VE_FORMS,PEDS,PERSONS,COUNTY,county_name,CITY,city_name,DAY,MONTH,MAN_COLL,man_coll_lit,REL_ROAD,LGT_COND,lgt_cond_lit,WEATHER,weather_lit,A_TOD,a_tod_lit,DEAD,concatenated
1018,2014040532,40532,1,1,0,2,11,GREENLEE,0,NONE LISTED,19,9,0,Not a Collision with Motor Vehicle In-Transport,4,3,Dark - Lighted,1,Clear,2,Nighttime,YES,"1018,2014040532,40532,1,1,0,2,11,GREENLEE,0,NONE LISTED,19,9,0,Not a Collision with Motor Vehicle In-Transport,4,3,Dark - Lighted,1,Clear,2,Nighttime,YES"
1019,2014040539,40539,1,1,0,3,17,NAVAJO,0,NONE LISTED,15,10,0,Not a Collision with Motor Vehicle In-Transport,4,2,Dark - Not Lighted,1,Clear,2,Nighttime,NO,"1019,2014040539,40539,1,1,0,3,17,NAVAJO,0,NONE LISTED,15,10,0,Not a Collision with Motor Vehicle In-Transport,4,2,Dark - Not Lighted,1,Clear,2,Nighttime,NO"
1020,2014040541,40541,1,1,1,1,13,MARICOPA,490,TEMPE,31,10,0,Not a Collision with Motor Vehicle In-Transport,4,1,Daylight,1,Clear,1,Daytime,YES,"1020,2014040541,40541,1,1,1,1,13,MARICOPA,490,TEMPE,31,10,0,Not a Collision with Motor Vehicle In-Transport,4,1,Daylight,1,Clear,1,Daytime,YES"
1021,2014040542,40542,2,2,0,2,21,PINAL,297,MARICOPA WELLS,30,10,1,Front-to-Rear,1,2,Dark - Not Lighted,1,Clear,2,Nighttime,YES,"1021,2014040542,40542,2,2,0,2,21,PINAL,297,MARICOPA WELLS,30,10,1,Front-to-Rear,1,2,Dark - Not Lighted,1,Clear,2,Nighttime,YES"
1022,2014040543,40543,1,1,0,2,19,PIMA,530,TUCSON,1,11,0,Not a Collision with Motor Vehicle In-Transport,1,2,Dark - Not Lighted,1,Clear,2,Nighttime,NO,"1022,2014040543,40543,1,1,0,2,19,PIMA,530,TUCSON,1,11,0,Not a Collision with Motor Vehicle In-Transport,1,2,Dark - Not Lighted,1,Clear,2,Nighttime,NO"
1023,2014040546,40546,1,1,1,1,15,MOHAVE,59,BULLHEAD CITY,3,11,0,Not a Collision with Motor Vehicle In-Transport,1,2,Dark - Not Lighted,1,Clear,2,Nighttime,YES,"1023,2014040546,40546,1,1,1,1,15,MOHAVE,59,BULLHEAD CITY,3,11,0,Not a Collision with Motor Vehicle In-Transport,1,2,Dark - Not Lighted,1,Clear,2,Nighttime,YES"
1024,2014040548,40548,2,2,0,2,13,MARICOPA,368,PEORIA,7,11,6,Angle,1,3,Dark - Lighted,1,Clear,1,Daytime,NO,"1024,2014040548,40548,2,2,0,2,13,MARICOPA,368,PEORIA,7,11,6,Angle,1,3,Dark - Lighted,1,Clear,1,Daytime,NO"
1025,2014040550,40550,1,1,0,1,9,GRAHAM,410,SAFFORD,9,11,0,Not a Collision with Motor Vehicle In-Transport,4,2,Dark - Not Lighted,1,Clear,2,Nighttime,NO,"1025,2014040550,40550,1,1,0,1,9,GRAHAM,410,SAFFORD,9,11,0,Not a Collision with Motor Vehicle In-Transport,4,2,Dark - Not Lighted,1,Clear,2,Nighttime,NO"
1026,2014040553,40553,2,2,0,2,13,MARICOPA,370,PHOENIX,10,11,2,Front-to-Front,1,1,Daylight,1,Clear,1,Daytime,NO,"1026,2014040553,40553,2,2,0,2,13,MARICOPA,370,PHOENIX,10,11,2,Front-to-Front,1,1,Daylight,1,Clear,1,Daytime,NO"
1027,2014040566,40566,1,1,1,1,19,PIMA,530,TUCSON,27,11,0,Not a Collision with Motor Vehicle In-Transport,1,1,Daylight,1,Clear,1,Daytime,NO,"1027,2014040566,40566,1,1,1,1,19,PIMA,530,TUCSON,27,11,0,Not a Collision with Motor Vehicle In-Transport,1,1,Daylight,1,Clear,1,Daytime,NO"
1028,2014040571,40571,1,1,0,2,17,NAVAJO,0,NONE LISTED,30,11,0,Not a Collision with Motor Vehicle In-Transport,1,1,Daylight,10,Cloudy,1,Daytime,NO,"1028,2014040571,40571,1,1,0,2,17,NAVAJO,0,NONE LISTED,30,11,0,Not a Collision with Motor Vehicle In-Transport,1,1,Daylight,10,Cloudy,1,Daytime,NO"
1029,2014040572,40572,1,1,0,2,19,PIMA,530,TUCSON,30,11,0,Not a Collision with Motor Vehicle In-Transport,4,2,Dark - Not Lighted,1,Clear,2,Nighttime,YES,"1029,2014040572,40572,1,1,0,2,19,PIMA,530,TUCSON,30,11,0,Not a Collision with Motor Vehicle In-Transport,4,2,Dark - Not Lighted,1,Clear,2,Nighttime,YES"
1030,2014040576,40576,1,1,1,2,17,NAVAJO,0,NONE LISTED,3,12,0,Not a Collision with Motor Vehicle In-Transport,1,2,Dark - Not Lighted,2,Rain,2,Nighttime,NO,"1030,2014040576,40576,1,1,1,2,17,NAVAJO,0,NONE LISTED,3,12,0,Not a Collision with Motor Vehicle In-Transport,1,2,Dark - Not Lighted,2,Rain,2,Nighttime,NO"
1031,2014040578,40578,1,1,0,1,19,PIMA,530,TUCSON,5,12,0,Not a Collision with Motor Vehicle In-Transport,4,1,Daylight,1,Clear,1,Daytime,YES,"1031,2014040578,40578,1,1,0,1,19,PIMA,530,TUCSON,5,12,0,Not a Collision with Motor Vehicle In-Transport,4,1,Daylight,1,Clear,1,Daytime,YES"
1032,2014040579,40579,1,1,0,1,19,PIMA,530,TUCSON,7,12,0,Not a Collision with Motor Vehicle In-Transport,4,3,Dark - Lighted,1,Clear,2,Nighttime,NO,"1032,2014040579,40579,1,1,0,1,19,PIMA,530,TUCSON,7,12,0,Not a Collision with Motor Vehicle In-Transport,4,3,Dark - Lighted,1,Clear,2,Nighttime,NO"
1033,2014040580,40580,1,1,1,1,13,MARICOPA,370,PHOENIX,9,12,0,Not a Collision with Motor Vehicle In-Transport,1,3,Dark - Lighted,1,Clear,1,Daytime,YES,"1033,2014040580,40580,1,1,1,1,13,MARICOPA,370,PHOENIX,9,12,0,Not a Collision with Motor Vehicle In-Transport,1,3,Dark - Lighted,1,Clear,1,Daytime,YES"
1034,2014040581,40581,1,1,0,1,5,COCONINO,0,NONE LISTED,12,12,0,Not a Collision with Motor Vehicle In-Transport,4,2,Dark - Not Lighted,2,Rain,2,Nighttime,YES,"1034,2014040581,40581,1,1,0,1,5,COCONINO,0,NONE LISTED,12,12,0,Not a Collision with Motor Vehicle In-Transport,4,2,Dark - Not Lighted,2,Rain,2,Nighttime,YES"
1035,2014040582,40582,1,1,0,2,7,GILA,0,NONE LISTED,13,12,0,Not a Collision with Motor Vehicle In-Transport,4,1,Daylight,2,Rain,1,Daytime,NO,"1035,2014040582,40582,1,1,0,2,7,GILA,0,NONE LISTED,13,12,0,Not a Collision with Motor Vehicle In-Transport,4,1,Daylight,2,Rain,1,Daytime,NO"
1036,2014040583,40583,1,1,0,1,19,PIMA,530,TUCSON,14,12,0,Not a Collision with Motor Vehicle In-Transport,4,2,Dark - Not Lighted,1,Clear,2,Nighttime,YES,"1036,2014040583,40583,1,1,0,1,19,PIMA,530,TUCSON,14,12,0,Not a Collision with Motor Vehicle In-Transport,4,2,Dark - Not Lighted,1,Clear,2,Nighttime,YES"
1037,2014040584,40584,1,1,1,1,27,YUMA,620,YUMA,18,12,0,Not a Collision with Motor Vehicle In-Transport,1,2,Dark - Not Lighted,1,Clear,2,Nighttime,NO,"1037,2014040584,40584,1,1,1,1,27,YUMA,620,YUMA,18,12,0,Not a Collision with Motor Vehicle In-Transport,1,2,Dark - Not Lighted,1,Clear,2,Nighttime,NO"
1038,2014040586,40586,1,1,0,2,1,APACHE,0,NONE LISTED,11,8,0,Not a Collision with Motor Vehicle In-Transport,99,6,Dark - Unknown Lighting,99,Unknown,2,Nighttime,YES,"1038,2014040586,40586,1,1,0,2,1,APACHE,0,NONE LISTED,11,8,0,Not a Collision with Motor Vehicle In-Transport,99,6,Dark - Unknown Lighting,99,Unknown,2,Nighttime,YES"
1039,2014040587,40587,1,1,0,2,5,COCONINO,0,NONE LISTED,30,8,99,Unknown,99,1,Daylight,99,Unknown,1,Daytime,NO,"1039,2014040587,40587,1,1,0,2,5,COCONINO,0,NONE LISTED,30,8,99,Unknown,99,1,Daylight,99,Unknown,1,Daytime,NO"
1040,2014040588,40588,1,1,0,1,13,MARICOPA,0,NONE LISTED,8,9,0,Not a Collision with Motor Vehicle In-Transport,4,1,Daylight,10,Cloudy,1,Daytime,YES,"1040,2014040588,40588,1,1,0,1,13,MARICOPA,0,NONE LISTED,8,9,0,Not a Collision with Motor Vehicle In-Transport,4,1,Daylight,10,Cloudy,1,Daytime,YES"
1041,2014040589,40589,1,1,1,1,13,MARICOPA,0,NONE LISTED,16,9,0,Not a Collision with Motor Vehicle In-Transport,99,6,Dark - Unknown Lighting,99,Unknown,2,Nighttime,YES,"1041,2014040589,40589,1,1,1,1,13,MARICOPA,0,NONE LISTED,16,9,0,Not a Collision with Motor Vehicle In-Transport,99,6,Dark - Unknown Lighting,99,Unknown,2,Nighttime,YES"
1042,2014040590,40590,1,1,0,2,13,MARICOPA,74,CAVE CREEK,20,9,99,Unknown,99,1,Daylight,99,Unknown,1,Daytime,NO,"1042,2014040590,40590,1,1,0,2,13,MARICOPA,74,CAVE CREEK,20,9,99,Unknown,99,1,Daylight,99,Unknown,1,Daytime,NO"
1043,2014040591,40591,1,1,0,1,1,APACHE,0,NONE LISTED,27,9,0,Not a Collision with Motor Vehicle In-Transport,6,9,Unknown,99,Unknown,1,Daytime,NO,"1043,2014040591,40591,1,1,0,1,1,APACHE,0,NONE LISTED,27,9,0,Not a Collision with Motor Vehicle In-Transport,6,9,Unknown,99,Unknown,1,Daytime,NO"
1044,2014040592,40592,1,1,0,1,13,MARICOPA,388,QUEEN CREEK,1,10,99,Unknown,99,9,Unknown,99,Unknown,1,Daytime,NO,"1044,2014040592,40592,1,1,0,1,13,MARICOPA,388,QUEEN CREEK,1,10,99,Unknown,99,9,Unknown,99,Unknown,1,Daytime,NO"
1045,2014040593,40593,1,1,1,1,19,PIMA,295,MARANA,2,10,0,Not a Collision with Motor Vehicle In-Transport,99,9,Unknown,99,Unknown,3,Unknown,NO,"1045,2014040593,40593,1,1,1,1,19,PIMA,295,MARANA,2,10,0,Not a Collision with Motor Vehicle In-Transport,99,9,Unknown,99,Unknown,3,Unknown,NO"
1046,2014040594,40594,1,1,1,1,13,MARICOPA,370,PHOENIX,4,10,0,Not a Collision with Motor Vehicle In-Transport,1,6,Dark - Unknown Lighting,99,Unknown,2,Nighttime,YES,"1046,2014040594,40594,1,1,1,1,13,MARICOPA,370,PHOENIX,4,10,0,Not a Collision with Motor Vehicle In-Transport,1,6,Dark - Unknown Lighting,99,Unknown,2,Nighttime,YES"
1047,2014040595,40595,1,1,0,7,13,MARICOPA,0,NONE LISTED,4,10,0,Not a Collision with Motor Vehicle In-Transport,99,9,Unknown,99,Unknown,1,Daytime,NO,"1047,2014040595,40595,1,1,0,7,13,MARICOPA,0,NONE LISTED,4,10,0,Not a Collision with Motor Vehicle In-Transport,99,9,Unknown,99,Unknown,1,Daytime,NO"
1048,2014040597,40597,1,1,0,2,1,APACHE,0,NONE LISTED,4,10,99,Unknown,99,6,Dark - Unknown Lighting,99,Unknown,2,Nighttime,YES,"1048,2014040597,40597,1,1,0,2,1,APACHE,0,NONE LISTED,4,10,99,Unknown,99,6,Dark - Unknown Lighting,99,Unknown,2,Nighttime,YES"
1049,2014040603,40603,2,2,0,3,27,YUMA,0,NONE LISTED,20,11,6,Angle,1,2,Dark - Not Lighted,1,Clear,2,Nighttime,YES,"1049,2014040603,40603,2,2,0,3,27,YUMA,0,NONE LISTED,20,11,6,Angle,1,2,Dark - Not Lighted,1,Clear,2,Nighttime,YES"
1050,2014040605,40605,1,1,0,1,19,PIMA,530,TUCSON,3,12,0,Not a Collision with Motor Vehicle In-Transport,1,3,Dark - Lighted,10,Cloudy,2,Nighttime,NO,"1050,2014040605,40605,1,1,0,1,19,PIMA,530,TUCSON,3,12,0,Not a Collision with Motor Vehicle In-Transport,1,3,Dark - Lighted,10,Cloudy,2,Nighttime,NO"
1051,2014040609,40609,1,1,0,1,21,PINAL,160,ELOY,23,12,0,Not a Collision with Motor Vehicle In-Transport,4,5,Dusk,1,Clear,1,Daytime,NO,"1051,2014040609,40609,1,1,0,1,21,PINAL,160,ELOY,23,12,0,Not a Collision with Motor Vehicle In-Transport,4,5,Dusk,1,Clear,1,Daytime,NO"
1052,2014040610,40610,1,1,0,1,12,LA PAZ,0,NONE LISTED,28,10,0,Not a Collision with Motor Vehicle In-Transport,4,2,Dark - Not Lighted,1,Clear,2,Nighttime,NO,"1052,2014040610,40610,1,1,0,1,12,LA PAZ,0,NONE LISTED,28,10,0,Not a Collision with Motor Vehicle In-Transport,4,2,Dark - Not Lighted,1,Clear,2,Nighttime,NO"
1053,2014040613,40613,1,1,0,2,17,NAVAJO,0,NONE LISTED,17,10,99,Unknown,99,1,Daylight,99,Unknown,3,Unknown,NO,"1053,2014040613,40613,1,1,0,2,17,NAVAJO,0,NONE LISTED,17,10,99,Unknown,99,1,Daylight,99,Unknown,3,Unknown,NO"
1054,2014040617,40617,1,1,1,1,13,MARICOPA,370,PHOENIX,23,10,0,Not a Collision with Motor Vehicle In-Transport,1,9,Unknown,99,Unknown,2,Nighttime,NO,"1054,2014040617,40617,1,1,1,1,13,MARICOPA,370,PHOENIX,23,10,0,Not a Collision with Motor Vehicle In-Transport,1,9,Unknown,99,Unknown,2,Nighttime,NO"
1055,2014040618,40618,2,2,0,2,13,MARICOPA,370,PHOENIX,24,10,6,Angle,1,3,Dark - Lighted,1,Clear,2,Nighttime,NO,"1055,2014040618,40618,2,2,0,2,13,MARICOPA,370,PHOENIX,24,10,6,Angle,1,3,Dark - Lighted,1,Clear,2,Nighttime,NO"
1056,2014040621,40621,1,1,1,1,1,APACHE,0,NONE LISTED,26,10,0,Not a Collision with Motor Vehicle In-Transport,99,6,Dark - Unknown Lighting,99,Unknown,2,Nighttime,YES,"1056,2014040621,40621,1,1,1,1,1,APACHE,0,NONE LISTED,26,10,0,Not a Collision with Motor Vehicle In-Transport,99,6,Dark - Unknown Lighting,99,Unknown,2,Nighttime,YES"
1057,2014040625,40625,1,1,0,4,12,LA PAZ,0,NONE LISTED,26,11,0,Not a Collision with Motor Vehicle In-Transport,4,8,Not Reported,98,Not Reported,1,Daytime,YES,"1057,2014040625,40625,1,1,0,4,12,LA PAZ,0,NONE LISTED,26,11,0,Not a Collision with Motor Vehicle In-Transport,4,8,Not Reported,98,Not Reported,1,Daytime,YES"
1058,2014040629,40629,1,1,0,1,19,PIMA,0,NONE LISTED,5,11,0,Not a Collision with Motor Vehicle In-Transport,1,2,Dark - Not Lighted,1,Clear,2,Nighttime,YES,"1058,2014040629,40629,1,1,0,1,19,PIMA,0,NONE LISTED,5,11,0,Not a Collision with Motor Vehicle In-Transport,1,2,Dark - Not Lighted,1,Clear,2,Nighttime,YES"
1059,2014040630,40630,1,1,1,1,13,MARICOPA,370,PHOENIX,12,11,0,Not a Collision with Motor Vehicle In-Transport,1,1,Daylight,1,Clear,1,Daytime,NO,"1059,2014040630,40630,1,1,1,1,13,MARICOPA,370,PHOENIX,12,11,0,Not a Collision with Motor Vehicle In-Transport,1,1,Daylight,1,Clear,1,Daytime,NO"
1060,2014040632,40632,1,1,0,1,21,PINAL,0,NONE LISTED,13,11,0,Not a Collision with Motor Vehicle In-Transport,4,1,Daylight,1,Clear,1,Daytime,NO,"1060,2014040632,40632,1,1,0,1,21,PINAL,0,NONE LISTED,13,11,0,Not a Collision with Motor Vehicle In-Transport,4,1,Daylight,1,Clear,1,Daytime,NO"
1061,2014040634,40634,1,1,0,1,7,GILA,0,NONE LISTED,11,8,0,Not a Collision with Motor Vehicle In-Transport,4,8,Not Reported,98,Not Reported,1,Daytime,YES,"1061,2014040634,40634,1,1,0,1,7,GILA,0,NONE LISTED,11,8,0,Not a Collision with Motor Vehicle In-Transport,4,8,Not Reported,98,Not Reported,1,Daytime,YES"
1062,2014040636,40636,2,2,1,5,13,MARICOPA,290,MESA,14,12,7,Sideswipe - Same Direction,1,1,Daylight,1,Clear,1,Daytime,YES,"1062,2014040636,40636,2,2,1,5,13,MARICOPA,290,MESA,14,12,7,Sideswipe - Same Direction,1,1,Daylight,1,Clear,1,Daytime,YES"
1063,2014040637,40637,1,1,0,1,19,PIMA,530,TUCSON,18,12,0,Not a Collision with Motor Vehicle In-Transport,4,1,Daylight,10,Cloudy,1,Daytime,NO,"1063,2014040637,40637,1,1,0,1,19,PIMA,530,TUCSON,18,12,0,Not a Collision with Motor Vehicle In-Transport,4,1,Daylight,10,Cloudy,1,Daytime,NO"
1064,2014040639,40639,1,1,0,3,21,PINAL,0,NONE LISTED,25,12,0,Not a Collision with Motor Vehicle In-Transport,4,2,Dark - Not Lighted,1,Clear,2,Nighttime,YES,"1064,2014040639,40639,1,1,0,3,21,PINAL,0,NONE LISTED,25,12,0,Not a Collision with Motor Vehicle In-Transport,4,2,Dark - Not Lighted,1,Clear,2,Nighttime,YES"
1065,2014040642,40642,1,1,0,1,13,MARICOPA,200,GLENDALE,13,9,0,Not a Collision with Motor Vehicle In-Transport,99,9,Unknown,99,Unknown,2,Nighttime,YES,"1065,2014040642,40642,1,1,0,1,13,MARICOPA,200,GLENDALE,13,9,0,Not a Collision with Motor Vehicle In-Transport,99,9,Unknown,99,Unknown,2,Nighttime,YES"
1066,2014040643,40643,1,1,0,3,1,APACHE,0,NONE LISTED,25,10,0,Not a Collision with Motor Vehicle In-Transport,99,6,Dark - Unknown Lighting,99,Unknown,2,Nighttime,NO,"1066,2014040643,40643,1,1,0,3,1,APACHE,0,NONE LISTED,25,10,0,Not a Collision with Motor Vehicle In-Transport,99,6,Dark - Unknown Lighting,99,Unknown,2,Nighttime,NO"
1067,2014040647,40647,2,2,0,2,13,MARICOPA,370,PHOENIX,4,11,0,Not a Collision with Motor Vehicle In-Transport,1,6,Dark - Unknown Lighting,99,Unknown,2,Nighttime,YES,"1067,2014040647,40647,2,2,0,2,13,MARICOPA,370,PHOENIX,4,11,0,Not a Collision with Motor Vehicle In-Transport,1,6,Dark - Unknown Lighting,99,Unknown,2,Nighttime,YES"
1068,2014040649,40649,1,1,1,1,13,MARICOPA,370,PHOENIX,6,11,0,Not a Collision with Motor Vehicle In-Transport,1,1,Daylight,1,Clear,1,Daytime,YES,"1068,2014040649,40649,1,1,1,1,13,MARICOPA,370,PHOENIX,6,11,0,Not a Collision with Motor Vehicle In-Transport,1,1,Daylight,1,Clear,1,Daytime,YES"
1069,2014040650,40650,1,1,1,1,19,PIMA,530,TUCSON,7,11,0,Not a Collision with Motor Vehicle In-Transport,1,9,Unknown,99,Unknown,3,Unknown,YES,"1069,2014040650,40650,1,1,1,1,19,PIMA,530,TUCSON,7,11,0,Not a Collision with Motor Vehicle In-Transport,1,9,Unknown,99,Unknown,3,Unknown,YES"
1070,2014040657,40657,2,2,0,5,21,PINAL,0,NONE LISTED,21,11,6,Angle,1,2,Dark - Not Lighted,1,Clear,2,Nighttime,YES,"1070,2014040657,40657,2,2,0,5,21,PINAL,0,NONE LISTED,21,11,6,Angle,1,2,Dark - Not Lighted,1,Clear,2,Nighttime,YES"
1071,2014040659,40659,1,1,1,1,13,MARICOPA,370,PHOENIX,23,11,0,Not a Collision with Motor Vehicle In-Transport,1,3,Dark - Lighted,1,Clear,2,Nighttime,NO,"1071,2014040659,40659,1,1,1,1,13,MARICOPA,370,PHOENIX,23,11,0,Not a Collision with Motor Vehicle In-Transport,1,3,Dark - Lighted,1,Clear,2,Nighttime,NO"
1072,2014040662,40662,2,2,0,2,13,MARICOPA,370,PHOENIX,30,11,6,Angle,1,3,Dark - Lighted,1,Clear,2,Nighttime,YES,"1072,2014040662,40662,2,2,0,2,13,MARICOPA,370,PHOENIX,30,11,6,Angle,1,3,Dark - Lighted,1,Clear,2,Nighttime,YES"
1073,2014040663,40663,1,1,0,1,13,MARICOPA,368,PEORIA,23,12,0,Not a Collision with Motor Vehicle In-Transport,4,1,Daylight,1,Clear,1,Daytime,YES,"1073,2014040663,40663,1,1,0,1,13,MARICOPA,368,PEORIA,23,12,0,Not a Collision with Motor Vehicle In-Transport,4,1,Daylight,1,Clear,1,Daytime,YES"
1074,2014040664,40664,3,3,0,4,13,MARICOPA,30,AVONDALE,4,12,1,Front-to-Rear,1,3,Dark - Lighted,10,Cloudy,2,Nighttime,NO,"1074,2014040664,40664,3,3,0,4,13,MARICOPA,30,AVONDALE,4,12,1,Front-to-Rear,1,3,Dark - Lighted,10,Cloudy,2,Nighttime,NO"
1075,2014040665,40665,1,1,0,1,19,PIMA,0,NONE LISTED,7,11,0,Not a Collision with Motor Vehicle In-Transport,1,1,Daylight,1,Clear,1,Daytime,NO,"1075,2014040665,40665,1,1,0,1,19,PIMA,0,NONE LISTED,7,11,0,Not a Collision with Motor Vehicle In-Transport,1,1,Daylight,1,Clear,1,Daytime,NO"
1076,2014040667,40667,2,2,1,3,13,MARICOPA,370,PHOENIX,21,12,0,Not a Collision with Motor Vehicle In-Transport,1,1,Daylight,1,Clear,1,Daytime,NO,"1076,2014040667,40667,2,2,1,3,13,MARICOPA,370,PHOENIX,21,12,0,Not a Collision with Motor Vehicle In-Transport,1,1,Daylight,1,Clear,1,Daytime,NO"
1077,2014040670,40670,1,1,0,1,5,COCONINO,0,NONE LISTED,22,11,0,Not a Collision with Motor Vehicle In-Transport,99,1,Daylight,99,Unknown,1,Daytime,NO,"1077,2014040670,40670,1,1,0,1,5,COCONINO,0,NONE LISTED,22,11,0,Not a Collision with Motor Vehicle In-Transport,99,1,Daylight,99,Unknown,1,Daytime,NO"
1078,2014040671,40671,1,1,0,2,17,NAVAJO,0,NONE LISTED,28,11,0,Not a Collision with Motor Vehicle In-Transport,2,1,Daylight,99,Unknown,1,Daytime,NO,"1078,2014040671,40671,1,1,0,2,17,NAVAJO,0,NONE LISTED,28,11,0,Not a Collision with Motor Vehicle In-Transport,2,1,Daylight,99,Unknown,1,Daytime,NO"
1079,2014040674,40674,1,1,1,1,13,MARICOPA,0,NONE LISTED,1,12,0,Not a Collision with Motor Vehicle In-Transport,1,2,Dark - Not Lighted,1,Clear,1,Daytime,YES,"1079,2014040674,40674,1,1,1,1,13,MARICOPA,0,NONE LISTED,1,12,0,Not a Collision with Motor Vehicle In-Transport,1,2,Dark - Not Lighted,1,Clear,1,Daytime,YES"
1080,2014040675,40675,1,1,1,1,13,MARICOPA,370,PHOENIX,3,12,0,Not a Collision with Motor Vehicle In-Transport,1,1,Daylight,1,Clear,1,Daytime,NO,"1080,2014040675,40675,1,1,1,1,13,MARICOPA,370,PHOENIX,3,12,0,Not a Collision with Motor Vehicle In-Transport,1,1,Daylight,1,Clear,1,Daytime,NO"
1081,2014040677,40677,1,1,0,1,13,MARICOPA,200,GLENDALE,6,12,0,Not a Collision with Motor Vehicle In-Transport,4,3,Dark - Lighted,1,Clear,2,Nighttime,YES,"1081,2014040677,40677,1,1,0,1,13,MARICOPA,200,GLENDALE,6,12,0,Not a Collision with Motor Vehicle In-Transport,4,3,Dark - Lighted,1,Clear,2,Nighttime,YES"
1082,2014040678,40678,1,1,0,1,17,NAVAJO,489,TAYLOR,8,12,99,Unknown,99,9,Unknown,99,Unknown,3,Unknown,NO,"1082,2014040678,40678,1,1,0,1,17,NAVAJO,489,TAYLOR,8,12,99,Unknown,99,9,Unknown,99,Unknown,3,Unknown,NO"
1083,2014040680,40680,1,1,1,1,13,MARICOPA,370,PHOENIX,11,12,0,Not a Collision with Motor Vehicle In-Transport,1,3,Dark - Lighted,1,Clear,2,Nighttime,YES,"1083,2014040680,40680,1,1,1,1,13,MARICOPA,370,PHOENIX,11,12,0,Not a Collision with Motor Vehicle In-Transport,1,3,Dark - Lighted,1,Clear,2,Nighttime,YES"
1084,2014040681,40681,2,1,0,3,13,MARICOPA,370,PHOENIX,12,12,0,Not a Collision with Motor Vehicle In-Transport,7,6,Dark - Unknown Lighting,1,Clear,2,Nighttime,NO,"1084,2014040681,40681,2,1,0,3,13,MARICOPA,370,PHOENIX,12,12,0,Not a Collision with Motor Vehicle In-Transport,7,6,Dark - Unknown Lighting,1,Clear,2,Nighttime,NO"
1085,2014040682,40682,2,2,0,2,13,MARICOPA,370,PHOENIX,13,12,6,Angle,1,6,Dark - Unknown Lighting,99,Unknown,2,Nighttime,YES,"1085,2014040682,40682,2,2,0,2,13,MARICOPA,370,PHOENIX,13,12,6,Angle,1,6,Dark - Unknown Lighting,99,Unknown,2,Nighttime,YES"
1086,2014040683,40683,2,2,0,2,13,MARICOPA,370,PHOENIX,14,12,2,Front-to-Front,1,1,Daylight,1,Clear,1,Daytime,YES,"1086,2014040683,40683,2,2,0,2,13,MARICOPA,370,PHOENIX,14,12,2,Front-to-Front,1,1,Daylight,1,Clear,1,Daytime,YES"
1087,2014040686,40686,1,1,1,1,25,YAVAPAI,0,NONE LISTED,22,12,0,Not a Collision with Motor Vehicle In-Transport,99,6,Dark - Unknown Lighting,99,Unknown,1,Daytime,YES,"1087,2014040686,40686,1,1,1,1,25,YAVAPAI,0,NONE LISTED,22,12,0,Not a Collision with Motor Vehicle In-Transport,99,6,Dark - Unknown Lighting,99,Unknown,1,Daytime,YES"
1088,2014040687,40687,1,1,1,1,13,MARICOPA,370,PHOENIX,23,12,0,Not a Collision with Motor Vehicle In-Transport,4,1,Daylight,1,Clear,1,Daytime,NO,"1088,2014040687,40687,1,1,1,1,13,MARICOPA,370,PHOENIX,23,12,0,Not a Collision with Motor Vehicle In-Transport,4,1,Daylight,1,Clear,1,Daytime,NO"
1089,2014040688,40688,1,1,1,1,13,MARICOPA,370,PHOENIX,23,12,0,Not a Collision with Motor Vehicle In-Transport,1,9,Unknown,99,Unknown,2,Nighttime,YES,"1089,2014040688,40688,1,1,1,1,13,MARICOPA,370,PHOENIX,23,12,0,Not a Collision with Motor Vehicle In-Transport,1,9,Unknown,99,Unknown,2,Nighttime,YES"
1090,2014040689,40689,1,1,1,1,13,MARICOPA,370,PHOENIX,23,12,0,Not a Collision with Motor Vehicle In-Transport,1,3,Dark - Lighted,1,Clear,2,Nighttime,NO,"1090,2014040689,40689,1,1,1,1,13,MARICOPA,370,PHOENIX,23,12,0,Not a Collision with Motor Vehicle In-Transport,1,3,Dark - Lighted,1,Clear,2,Nighttime,NO"
1091,2014040690,40690,1,1,0,1,13,MARICOPA,370,PHOENIX,27,12,0,Not a Collision with Motor Vehicle In-Transport,4,3,Dark - Lighted,1,Clear,2,Nighttime,YES,"1091,2014040690,40690,1,1,0,1,13,MARICOPA,370,PHOENIX,27,12,0,Not a Collision with Motor Vehicle In-Transport,4,3,Dark - Lighted,1,Clear,2,Nighttime,YES"
1092,2014040691,40691,1,1,1,1,13,MARICOPA,200,GLENDALE,28,12,0,Not a Collision with Motor Vehicle In-Transport,1,3,Dark - Lighted,1,Clear,2,Nighttime,NO,"1092,2014040691,40691,1,1,1,1,13,MARICOPA,200,GLENDALE,28,12,0,Not a Collision with Motor Vehicle In-Transport,1,3,Dark - Lighted,1,Clear,2,Nighttime,NO"