index,accident_id,ST_CASE,VE_TOTAL,VE_FORMS,PEDS,PERSONS,COUNTY,county_name,CITY,city_name,DAY,MONTH,MAN_COLL,man_coll_lit,REL_ROAD,LGT_COND,lgt_cond_lit,WEATHER,weather_lit,A_TOD,a_tod_lit,DEAD,concatenated
1093,2014040692,40692,2,2,0,2,13,MARICOPA,370,PHOENIX,29,12,0,Not a Collision with Motor Vehicle In-Transport,1,1,Daylight,1,Clear,1,Daytime,YES,"1093,2014040692,40692,2,2,0,2,13,MARICOPA,370,PHOENIX,29,12,0,Not a Collision with Motor Vehicle In-Transport,1,1,Daylight,1,Clear,1,Daytime,YES"
1094,2014040700,40700,1,1,0,1,9,GRAHAM,0,NONE LISTED,3,10,0,Not a Collision with Motor Vehicle In-Transport,4,2,Dark - Not Lighted,1,Clear,2,Nighttime,NO,"1094,2014040700,40700,1,1,0,1,9,GRAHAM,0,NONE LISTED,3,10,0,Not a Collision with Motor Vehicle In-Transport,4,2,Dark - Not Lighted,1,Clear,2,Nighttime,NO"
1095,2014040701,40701,1,1,0,1,5,COCONINO,0,NONE LISTED,10,10,0,Not a Collision with Motor Vehicle In-Transport,4,2,Dark - Not Lighted,1,Clear,2,Nighttime,YES,"1095,2014040701,40701,1,1,0,1,5,COCONINO,0,NONE LISTED,10,10,0,Not a Collision with Motor Vehicle In-Transport,4,2,Dark - Not Lighted,1,Clear,2,Nighttime,YES"
1096,2014040703,40703,1,1,1,1,9,GRAHAM,0,NONE LISTED,30,10,0,Not a Collision with Motor Vehicle In-Transport,1,1,Daylight,1,Clear,1,Daytime,NO,"1096,2014040703,40703,1,1,1,1,9,GRAHAM,0,NONE LISTED,30,10,0,Not a Collision with Motor Vehicle In-Transport,1,1,Daylight,1,Clear,1,Daytime,NO"
1097,2014040706,40706,1,1,0,3,15,MOHAVE,0,NONE LISTED,18,11,0,Not a Collision with Motor Vehicle In-Transport,4,2,Dark - Not Lighted,1,Clear,2,Nighttime,NO,"1097,2014040706,40706,1,1,0,3,15,MOHAVE,0,NONE LISTED,18,11,0,Not a Collision with Motor Vehicle In-Transport,4,2,Dark - Not Lighted,1,Clear,2,Nighttime,NO"
1098,2014040707,40707,1,1,0,3,17,NAVAJO,0,NONE LISTED,28,11,0,Not a Collision with Motor Vehicle In-Transport,99,9,Unknown,99,Unknown,1,Daytime,NO,"1098,2014040707,40707,1,1,0,3,17,NAVAJO,0,NONE LISTED,28,11,0,Not a Collision with Motor Vehicle In-Transport,99,9,Unknown,99,Unknown,1,Daytime,NO"
1099,2014040710,40710,1,1,0,1,17,NAVAJO,0,NONE LISTED,6,12,0,Not a Collision with Motor Vehicle In-Transport,1,1,Daylight,1,Clear,1,Daytime,NO,"1099,2014040710,40710,1,1,0,1,17,NAVAJO,0,NONE LISTED,6,12,0,Not a Collision with Motor Vehicle In-Transport,1,1,Daylight,1,Clear,1,Daytime,NO"
1100,2014040711,40711,3,3,1,8,3,COCHISE,0,NONE LISTED,8,12,0,Not a Collision with Motor Vehicle In-Transport,1,2,Dark - Not Lighted,1,Clear,2,Nighttime,YES,"1100,2014040711,40711,3,3,1,8,3,COCHISE,0,NONE LISTED,8,12,0,Not a Collision with Motor Vehicle In-Transport,1,2,Dark - Not Lighted,1,Clear,2,Nighttime,YES"
1101,2014040712,40712,1,1,0,1,9,GRAHAM,0,NONE LISTED,10,12,0,Not a Collision with Motor Vehicle In-Transport,4,1,Daylight,1,Clear,1,Daytime,YES,"1101,2014040712,40712,1,1,0,1,9,GRAHAM,0,NONE LISTED,10,12,0,Not a Collision with Motor Vehicle In-Transport,4,1,Daylight,1,Clear,1,Daytime,YES"
1102,2014040714,40714,1,1,0,6,5,COCONINO,0,NONE LISTED,12,12,0,Not a Collision with Motor Vehicle In-Transport,4,2,Dark - Not Lighted,10,Cloudy,2,Nighttime,NO,"1102,2014040714,40714,1,1,0,6,5,COCONINO,0,NONE LISTED,12,12,0,Not a Collision with Motor Vehicle In-Transport,4,2,Dark - Not Lighted,10,Cloudy,2,Nighttime,NO"
1103,2014040716,40716,1,1,0,3,5,COCONINO,0,NONE LISTED,28,12,0,Not a Collision with Motor Vehicle In-Transport,4,1,Daylight,1,Clear,1,Daytime,YES,"1103,2014040716,40716,1,1,0,3,5,COCONINO,0,NONE LISTED,28,12,0,Not a Collision with Motor Vehicle In-Transport,4,1,Daylight,1,Clear,1,Daytime,YES"
1104,2014040717,40717,1,1,0,1,13,MARICOPA,0,NONE LISTED,7,12,99,Unknown,99,9,Unknown,99,Unknown,1,Daytime,NO,"1104,2014040717,40717,1,1,0,1,13,MARICOPA,0,NONE LISTED,7,12,99,Unknown,99,9,Unknown,99,Unknown,1,Daytime,NO"
1105,2014040718,40718,1,1,0,1,13,MARICOPA,0,NONE LISTED,30,11,0,Not a Collision with Motor Vehicle In-Transport,99,2,Dark - Not Lighted,1,Clear,2,Nighttime,YES,"1105,2014040718,40718,1,1,0,1,13,MARICOPA,0,NONE LISTED,30,11,0,Not a Collision with Motor Vehicle In-Transport,99,2,Dark - Not Lighted,1,Clear,2,Nighttime,YES"
1106,2014040721,40721,1,1,0,2,13,MARICOPA,9999,UNKNOWN,23,6,0,Not a Collision with Motor Vehicle In-Transport,99,9,Unknown,99,Unknown,3,Unknown,YES,"1106,2014040721,40721,1,1,0,2,13,MARICOPA,9999,UNKNOWN,23,6,0,Not a Collision with Motor Vehicle In-Transport,99,9,Unknown,99,Unknown,3,Unknown,YES"
1107,2014040722,40722,1,1,0,2,13,MARICOPA,60,BUCKEYE,10,12,99,Unknown,99,1,Daylight,99,Unknown,1,Daytime,YES,"1107,2014040722,40722,1,1,0,2,13,MARICOPA,60,BUCKEYE,10,12,99,Unknown,99,1,Daylight,99,Unknown,1,Daytime,YES"
1108,2014040725,40725,1,1,0,1,21,PINAL,405,SACATON,22,3,0,Not a Collision with Motor Vehicle In-Transport,5,9,Unknown,99,Unknown,3,Unknown,NO,"1108,2014040725,40725,1,1,0,1,21,PINAL,405,SACATON,22,3,0,Not a Collision with Motor Vehicle In-Transport,5,9,Unknown,99,Unknown,3,Unknown,NO"
1109,2014040726,40726,1,1,1,2,17,NAVAJO,565,WHITERIVER,3,4,0,Not a Collision with Motor Vehicle In-Transport,1,1,Daylight,99,Unknown,1,Daytime,YES,"1109,2014040726,40726,1,1,1,2,17,NAVAJO,565,WHITERIVER,3,4,0,Not a Collision with Motor Vehicle In-Transport,1,1,Daylight,99,Unknown,1,Daytime,YES"
1110,2014040727,40727,1,1,0,2,1,APACHE,0,NONE LISTED,30,5,0,Not a Collision with Motor Vehicle In-Transport,99,1,Daylight,99,Unknown,1,Daytime,NO,"1110,2014040727,40727,1,1,0,2,1,APACHE,0,NONE LISTED,30,5,0,Not a Collision with Motor Vehicle In-Transport,99,1,Daylight,99,Unknown,1,Daytime,NO"
1111,2014040728,40728,1,1,0,2,1,APACHE,0,NONE LISTED,6,9,99,Unknown,99,6,Dark - Unknown Lighting,99,Unknown,2,Nighttime,YES,"1111,2014040728,40728,1,1,0,2,1,APACHE,0,NONE LISTED,6,9,99,Unknown,99,6,Dark - Unknown Lighting,99,Unknown,2,Nighttime,YES"
1112,2015040001,40001,1,1,1,1,19,PIMA,0,NONE LISTED,1,1,0,Not a Collision with Motor Vehicle In-Transport,1,2,Dark - Not Lighted,2,Rain,2,Nighttime,YES,"1112,2015040001,40001,1,1,1,1,19,PIMA,0,NONE LISTED,1,1,0,Not a Collision with Motor Vehicle In-Transport,1,2,Dark - Not Lighted,2,Rain,2,Nighttime,YES"
1113,2015040006,40006,2,2,0,2,1,APACHE,0,NONE LISTED,6,1,2,Front-to-Front,1,1,Daylight,1,Clear,1,Daytime,YES,"1113,2015040006,40006,2,2,0,2,1,APACHE,0,NONE LISTED,6,1,2,Front-to-Front,1,1,Daylight,1,Clear,1,Daytime,YES"
1114,2015040010,40010,1,1,0,2,21,PINAL,160,ELOY,11,1,0,Not a Collision with Motor Vehicle In-Transport,4,2,Dark - Not Lighted,1,Clear,1,Daytime,NO,"1114,2015040010,40010,1,1,0,2,21,PINAL,160,ELOY,11,1,0,Not a Collision with Motor Vehicle In-Transport,4,2,Dark - Not Lighted,1,Clear,1,Daytime,NO"
1115,2015040011,40011,1,1,0,2,19,PIMA,530,TUCSON,11,1,0,Not a Collision with Motor Vehicle In-Transport,4,1,Daylight,10,Cloudy,1,Daytime,YES,"1115,2015040011,40011,1,1,0,2,19,PIMA,530,TUCSON,11,1,0,Not a Collision with Motor Vehicle In-Transport,4,1,Daylight,10,Cloudy,1,Daytime,YES"
1116,2015040014,40014,1,1,0,1,23,SANTA CRUZ,392,RIO RICO,14,1,0,Not a Collision with Motor Vehicle In-Transport,4,1,Daylight,1,Clear,1,Daytime,NO,"1116,2015040014,40014,1,1,0,1,23,SANTA CRUZ,392,RIO RICO,14,1,0,Not a Collision with Motor Vehicle In-Transport,4,1,Daylight,1,Clear,1,Daytime,NO"
1117,2015040018,40018,1,1,1,3,25,YAVAPAI,386,PRESCOTT,16,1,0,Not a Collision with Motor Vehicle In-Transport,1,1,Daylight,1,Clear,1,Daytime,YES,"1117,2015040018,40018,1,1,1,3,25,YAVAPAI,386,PRESCOTT,16,1,0,Not a Collision with Motor Vehicle In-Transport,1,1,Daylight,1,Clear,1,Daytime,YES"
1118,2015040025,40025,1,1,1,1,13,MARICOPA,370,PHOENIX,26,1,0,Not a Collision with Motor Vehicle In-Transport,1,3,Dark - Lighted,1,Clear,2,Nighttime,YES,"1118,2015040025,40025,1,1,1,1,13,MARICOPA,370,PHOENIX,26,1,0,Not a Collision with Motor Vehicle In-Transport,1,3,Dark - Lighted,1,Clear,2,Nighttime,YES"
1119,2015040027,40027,2,2,0,2,17,NAVAJO,0,NONE LISTED,27,1,2,Front-to-Front,1,1,Daylight,1,Clear,1,Daytime,NO,"1119,2015040027,40027,2,2,0,2,17,NAVAJO,0,NONE LISTED,27,1,2,Front-to-Front,1,1,Daylight,1,Clear,1,Daytime,NO"
1120,2015040028,40028,3,3,0,3,19,PIMA,530,TUCSON,28,1,6,Angle,1,1,Daylight,1,Clear,1,Daytime,YES,"1120,2015040028,40028,3,3,0,3,19,PIMA,530,TUCSON,28,1,6,Angle,1,1,Daylight,1,Clear,1,Daytime,YES"
1121,2015040030,40030,2,2,0,8,21,PINAL,0,NONE LISTED,30,1,2,Front-to-Front,1,4,Dawn,2,Rain,1,Daytime,YES,"1121,2015040030,40030,2,2,0,8,21,PINAL,0,NONE LISTED,30,1,2,Front-to-Front,1,4,Dawn,2,Rain,1,Daytime,YES"
1122,2015040037,40037,1,1,0,1,21,PINAL,405,SACATON,9,1,0,Not a Collision with Motor Vehicle In-Transport,4,2,Dark - Not Lighted,1,Clear,2,Nighttime,NO,"1122,2015040037,40037,1,1,0,1,21,PINAL,405,SACATON,9,1,0,Not a Collision with Motor Vehicle In-Transport,4,2,Dark - Not Lighted,1,Clear,2,Nighttime,NO"
1123,2015040038,40038,3,3,0,3,21,PINAL,110,COOLIDGE,9,1,1,Front-to-Rear,1,4,Dawn,10,Cloudy,1,Daytime,YES,"1123,2015040038,40038,3,3,0,3,21,PINAL,110,COOLIDGE,9,1,1,Front-to-Rear,1,4,Dawn,10,Cloudy,1,Daytime,YES"
1124,2015040041,40041,1,1,0,2,21,PINAL,297,MARICOPA WELLS,12,1,0,Not a Collision with Motor Vehicle In-Transport,4,1,Daylight,10,Cloudy,1,Daytime,NO,"1124,2015040041,40041,1,1,0,2,21,PINAL,297,MARICOPA WELLS,12,1,0,Not a Collision with Motor Vehicle In-Transport,4,1,Daylight,10,Cloudy,1,Daytime,NO"
1125,2015040047,40047,2,2,0,4,27,YUMA,0,NONE LISTED,31,1,6,Angle,1,5,Dusk,10,Cloudy,2,Nighttime,NO,"1125,2015040047,40047,2,2,0,4,27,YUMA,0,NONE LISTED,31,1,6,Angle,1,5,Dusk,10,Cloudy,2,Nighttime,NO"
1126,2015040049,40049,2,2,0,6,19,PIMA,0,NONE LISTED,8,1,2,Front-to-Front,1,1,Daylight,10,Cloudy,1,Daytime,YES,"1126,2015040049,40049,2,2,0,6,19,PIMA,0,NONE LISTED,8,1,2,Front-to-Front,1,1,Daylight,10,Cloudy,1,Daytime,YES"
1127,2015040050,40050,1,1,1,1,21,PINAL,405,SACATON,11,1,0,Not a Collision with Motor Vehicle In-Transport,1,2,Dark - Not Lighted,2,Rain,2,Nighttime,NO,"1127,2015040050,40050,1,1,1,1,21,PINAL,405,SACATON,11,1,0,Not a Collision with Motor Vehicle In-Transport,1,2,Dark - Not Lighted,2,Rain,2,Nighttime,NO"
1128,2015040051,40051,1,1,0,1,13,MARICOPA,80,CHANDLER,23,1,0,Not a Collision with Motor Vehicle In-Transport,4,3,Dark - Lighted,10,Cloudy,2,Nighttime,YES,"1128,2015040051,40051,1,1,0,1,13,MARICOPA,80,CHANDLER,23,1,0,Not a Collision with Motor Vehicle In-Transport,4,3,Dark - Lighted,10,Cloudy,2,Nighttime,YES"
1129,2015040056,40056,1,1,1,1,13,MARICOPA,370,PHOENIX,9,1,0,Not a Collision with Motor Vehicle In-Transport,1,3,Dark - Lighted,1,Clear,2,Nighttime,YES,"1129,2015040056,40056,1,1,1,1,13,MARICOPA,370,PHOENIX,9,1,0,Not a Collision with Motor Vehicle In-Transport,1,3,Dark - Lighted,1,Clear,2,Nighttime,YES"
1130,2015040057,40057,2,2,0,3,13,MARICOPA,370,PHOENIX,10,1,6,Angle,1,1,Daylight,2,Rain,1,Daytime,NO,"1130,2015040057,40057,2,2,0,3,13,MARICOPA,370,PHOENIX,10,1,6,Angle,1,1,Daylight,2,Rain,1,Daytime,NO"
1131,2015040059,40059,1,1,1,1,13,MARICOPA,80,CHANDLER,14,1,0,Not a Collision with Motor Vehicle In-Transport,1,3,Dark - Lighted,1,Clear,2,Nighttime,NO,"1131,2015040059,40059,1,1,1,1,13,MARICOPA,80,CHANDLER,14,1,0,Not a Collision with Motor Vehicle In-Transport,1,3,Dark - Lighted,1,Clear,2,Nighttime,NO"
1132,2015040060,40060,1,1,0,1,13,MARICOPA,370,PHOENIX,17,1,0,Not a Collision with Motor Vehicle In-Transport,4,3,Dark - Lighted,1,Clear,2,Nighttime,NO,"1132,2015040060,40060,1,1,0,1,13,MARICOPA,370,PHOENIX,17,1,0,Not a Collision with Motor Vehicle In-Transport,4,3,Dark - Lighted,1,Clear,2,Nighttime,NO"
1133,2015040061,40061,1,1,1,1,13,MARICOPA,200,GLENDALE,19,1,0,Not a Collision with Motor Vehicle In-Transport,1,3,Dark - Lighted,1,Clear,2,Nighttime,YES,"1133,2015040061,40061,1,1,1,1,13,MARICOPA,200,GLENDALE,19,1,0,Not a Collision with Motor Vehicle In-Transport,1,3,Dark - Lighted,1,Clear,2,Nighttime,YES"
1134,2015040063,40063,1,1,1,1,13,MARICOPA,0,NONE LISTED,23,1,0,Not a Collision with Motor Vehicle In-Transport,1,2,Dark - Not Lighted,1,Clear,2,Nighttime,NO,"1134,2015040063,40063,1,1,1,1,13,MARICOPA,0,NONE LISTED,23,1,0,Not a Collision with Motor Vehicle In-Transport,1,2,Dark - Not Lighted,1,Clear,2,Nighttime,NO"
1135,2015040065,40065,1,1,1,1,15,MOHAVE,0,NONE LISTED,3,2,0,Not a Collision with Motor Vehicle In-Transport,1,2,Dark - Not Lighted,1,Clear,2,Nighttime,YES,"1135,2015040065,40065,1,1,1,1,15,MOHAVE,0,NONE LISTED,3,2,0,Not a Collision with Motor Vehicle In-Transport,1,2,Dark - Not Lighted,1,Clear,2,Nighttime,YES"
1136,2015040068,40068,2,2,0,2,13,MARICOPA,0,NONE LISTED,5,2,0,Not a Collision with Motor Vehicle In-Transport,4,1,Daylight,1,Clear,1,Daytime,YES,"1136,2015040068,40068,2,2,0,2,13,MARICOPA,0,NONE LISTED,5,2,0,Not a Collision with Motor Vehicle In-Transport,4,1,Daylight,1,Clear,1,Daytime,YES"
1137,2015040069,40069,2,2,0,4,1,APACHE,0,NONE LISTED,5,2,2,Front-to-Front,1,2,Dark - Not Lighted,1,Clear,2,Nighttime,NO,"1137,2015040069,40069,2,2,0,4,1,APACHE,0,NONE LISTED,5,2,2,Front-to-Front,1,2,Dark - Not Lighted,1,Clear,2,Nighttime,NO"
1138,2015040070,40070,2,2,0,3,19,PIMA,0,NONE LISTED,6,2,6,Angle,1,1,Daylight,1,Clear,1,Daytime,YES,"1138,2015040070,40070,2,2,0,3,19,PIMA,0,NONE LISTED,6,2,6,Angle,1,1,Daylight,1,Clear,1,Daytime,YES"
1139,2015040072,40072,2,2,0,2,15,MOHAVE,268,LAKE HAVASU CITY,7,2,1,Front-to-Rear,1,2,Dark - Not Lighted,1,Clear,2,Nighttime,NO,"1139,2015040072,40072,2,2,0,2,15,MOHAVE,268,LAKE HAVASU CITY,7,2,1,Front-to-Rear,1,2,Dark - Not Lighted,1,Clear,2,Nighttime,NO"
1140,2015040073,40073,1,1,0,6,5,COCONINO,336,PAGE,9,2,0,Not a Collision with Motor Vehicle In-Transport,1,1,Daylight,1,Clear,1,Daytime,YES,"1140,2015040073,40073,1,1,0,6,5,COCONINO,336,PAGE,9,2,0,Not a Collision with Motor Vehicle In-Transport,1,1,Daylight,1,Clear,1,Daytime,YES"
1141,2015040077,40077,1,1,1,1,19,PIMA,530,TUCSON,13,2,0,Not a Collision with Motor Vehicle In-Transport,1,1,Daylight,1,Clear,1,Daytime,NO,"1141,2015040077,40077,1,1,1,1,19,PIMA,530,TUCSON,13,2,0,Not a Collision with Motor Vehicle In-Transport,1,1,Daylight,1,Clear,1,Daytime,NO"
1142,2015040079,40079,1,1,0,1,19,PIMA,0,NONE LISTED,15,2,0,Not a Collision with Motor Vehicle In-Transport,4,2,Dark - Not Lighted,1,Clear,2,Nighttime,YES,"1142,2015040079,40079,1,1,0,1,19,PIMA,0,NONE LISTED,15,2,0,Not a Collision with Motor Vehicle In-Transport,4,2,Dark - Not Lighted,1,Clear,2,Nighttime,YES"
1143,2015040081,40081,1,1,0,1,7,GILA,0,NONE LISTED,16,2,0,Not a Collision with Motor Vehicle In-Transport,4,1,Daylight,1,Clear,1,Daytime,YES,"1143,2015040081,40081,1,1,0,1,7,GILA,0,NONE LISTED,16,2,0,Not a Collision with Motor Vehicle In-Transport,4,1,Daylight,1,Clear,1,Daytime,YES"
1144,2015040093,40093,3,3,0,3,21,PINAL,110,COOLIDGE,25,2,9,Rear-to-Side,1,1,Daylight,1,Clear,1,Daytime,NO,"1144,2015040093,40093,3,3,0,3,21,PINAL,110,COOLIDGE,25,2,9,Rear-to-Side,1,1,Daylight,1,Clear,1,Daytime,NO"
1145,2015040098,40098,1,1,0,1,19,PIMA,0,NONE LISTED,1,1,0,Not a Collision with Motor Vehicle In-Transport,4,1,Daylight,10,Cloudy,1,Daytime,NO,"1145,2015040098,40098,1,1,0,1,19,PIMA,0,NONE LISTED,1,1,0,Not a Collision with Motor Vehicle In-Transport,4,1,Daylight,10,Cloudy,1,Daytime,NO"
1146,2015040099,40099,1,1,0,1,13,MARICOPA,290,MESA,24,2,0,Not a Collision with Motor Vehicle In-Transport,3,1,Daylight,1,Clear,1,Daytime,YES,"1146,2015040099,40099,1,1,0,1,13,MARICOPA,290,MESA,24,2,0,Not a Collision with Motor Vehicle In-Transport,3,1,Daylight,1,Clear,1,Daytime,YES"
1147,2015040100,40100,1,1,1,1,21,PINAL,180,FLORENCE,19,2,0,Not a Collision with Motor Vehicle In-Transport,1,2,Dark - Not Lighted,1,Clear,2,Nighttime,NO,"1147,2015040100,40100,1,1,1,1,21,PINAL,180,FLORENCE,19,2,0,Not a Collision with Motor Vehicle In-Transport,1,2,Dark - Not Lighted,1,Clear,2,Nighttime,NO"
1148,2015040102,40102,1,1,1,1,5,COCONINO,0,NONE LISTED,3,2,0,Not a Collision with Motor Vehicle In-Transport,99,9,Unknown,99,Unknown,3,Unknown,NO,"1148,2015040102,40102,1,1,1,1,5,COCONINO,0,NONE LISTED,3,2,0,Not a Collision with Motor Vehicle In-Transport,99,9,Unknown,99,Unknown,3,Unknown,NO"
1149,2015040104,40104,1,1,1,1,13,MARICOPA,0,NONE LISTED,4,2,0,Not a Collision with Motor Vehicle In-Transport,1,1,Daylight,1,Clear,1,Daytime,NO,"1149,2015040104,40104,1,1,1,1,13,MARICOPA,0,NONE LISTED,4,2,0,Not a Collision with Motor Vehicle In-Transport,1,1,Daylight,1,Clear,1,Daytime,NO"
1150,2015040106,40106,1,1,1,1,13,MARICOPA,370,PHOENIX,6,2,0,Not a Collision with Motor Vehicle In-Transport,1,3,Dark - Lighted,1,Clear,2,Nighttime,NO,"1150,2015040106,40106,1,1,1,1,13,MARICOPA,370,PHOENIX,6,2,0,Not a Collision with Motor Vehicle In-Transport,1,3,Dark - Lighted,1,Clear,2,Nighttime,NO"
1151,2015040108,40108,1,1,1,2,13,MARICOPA,370,PHOENIX,7,2,0,Not a Collision with Motor Vehicle In-Transport,1,5,Dusk,1,Clear,2,Nighttime,YES,"1151,2015040108,40108,1,1,1,2,13,MARICOPA,370,PHOENIX,7,2,0,Not a Collision with Motor Vehicle In-Transport,1,5,Dusk,1,Clear,2,Nighttime,YES"
1152,2015040109,40109,2,2,0,4,13,MARICOPA,370,PHOENIX,7,2,2,Front-to-Front,1,6,Dark - Unknown Lighting,99,Unknown,2,Nighttime,NO,"1152,2015040109,40109,2,2,0,4,13,MARICOPA,370,PHOENIX,7,2,2,Front-to-Front,1,6,Dark - Unknown Lighting,99,Unknown,2,Nighttime,NO"
1153,2015040110,40110,1,1,0,4,13,MARICOPA,0,NONE LISTED,8,2,0,Not a Collision with Motor Vehicle In-Transport,4,3,Dark - Lighted,1,Clear,2,Nighttime,NO,"1153,2015040110,40110,1,1,0,4,13,MARICOPA,0,NONE LISTED,8,2,0,Not a Collision with Motor Vehicle In-Transport,4,3,Dark - Lighted,1,Clear,2,Nighttime,NO"
1154,2015040111,40111,2,2,0,2,13,MARICOPA,370,PHOENIX,8,2,6,Angle,1,1,Daylight,1,Clear,1,Daytime,NO,"1154,2015040111,40111,2,2,0,2,13,MARICOPA,370,PHOENIX,8,2,6,Angle,1,1,Daylight,1,Clear,1,Daytime,NO"
1155,2015040114,40114,1,1,0,1,13,MARICOPA,0,NONE LISTED,12,2,0,Not a Collision with Motor Vehicle In-Transport,4,2,Dark - Not Lighted,1,Clear,1,Daytime,NO,"1155,2015040114,40114,1,1,0,1,13,MARICOPA,0,NONE LISTED,12,2,0,Not a Collision with Motor Vehicle In-Transport,4,2,Dark - Not Lighted,1,Clear,1,Daytime,NO"
1156,2015040116,40116,1,1,0,2,21,PINAL,0,NONE LISTED,14,2,99,Unknown,99,9,Unknown,99,Unknown,3,Unknown,YES,"1156,2015040116,40116,1,1,0,2,21,PINAL,0,NONE LISTED,14,2,99,Unknown,99,9,Unknown,99,Unknown,3,Unknown,YES"
1157,2015040119,40119,1,1,0,1,9,GRAHAM,0,NONE LISTED,16,2,0,Not a Collision with Motor Vehicle In-Transport,4,5,Dusk,1,Clear,1,Daytime,YES,"1157,2015040119,40119,1,1,0,1,9,GRAHAM,0,NONE LISTED,16,2,0,Not a Collision with Motor Vehicle In-Transport,4,5,Dusk,1,Clear,1,Daytime,YES"
1158,2015040120,40120,1,1,2,1,13,MARICOPA,370,PHOENIX,20,2,0,Not a Collision with Motor Vehicle In-Transport,1,6,Dark - Unknown Lighting,99,Unknown,2,Nighttime,YES,"1158,2015040120,40120,1,1,2,1,13,MARICOPA,370,PHOENIX,20,2,0,Not a Collision with Motor Vehicle In-Transport,1,6,Dark - Unknown Lighting,99,Unknown,2,Nighttime,YES"
1159,2015040121,40121,1,1,0,1,15,MOHAVE,0,NONE LISTED,20,2,0,Not a Collision with Motor Vehicle In-Transport,99,6,Dark - Unknown Lighting,99,Unknown,2,Nighttime,YES,"1159,2015040121,40121,1,1,0,1,15,MOHAVE,0,NONE LISTED,20,2,0,Not a Collision with Motor Vehicle In-Transport,99,6,Dark - Unknown Lighting,99,Unknown,2,Nighttime,YES"
1160,2015040122,40122,2,2,0,3,13,MARICOPA,0,NONE LISTED,20,2,6,Angle,1,1,Daylight,1,Clear,1,Daytime,YES,"1160,2015040122,40122,2,2,0,3,13,MARICOPA,0,NONE LISTED,20,2,6,Angle,1,1,Daylight,1,Clear,1,Daytime,YES"
1161,2015040123,40123,1,1,0,4,21,PINAL,0,NONE LISTED,21,2,0,Not a Collision with Motor Vehicle In-Transport,4,9,Unknown,99,Unknown,2,Nighttime,YES,"1161,2015040123,40123,1,1,0,4,21,PINAL,0,NONE LISTED,21,2,0,Not a Collision with Motor Vehicle In-Transport,4,9,Unknown,99,Unknown,2,Nighttime,YES"
1162,2015040125,40125,2,2,0,2,13,MARICOPA,370,PHOENIX,23,2,0,Not a Collision with Motor Vehicle In-Transport,4,1,Daylight,10,Cloudy,1,Daytime,NO,"1162,2015040125,40125,2,2,0,2,13,MARICOPA,370,PHOENIX,23,2,0,Not a Collision with Motor Vehicle In-Transport,4,1,Daylight,10,Cloudy,1,Daytime,NO"
1163,2015040128,40128,1,1,1,1,13,MARICOPA,370,PHOENIX,28,2,0,Not a Collision with Motor Vehicle In-Transport,1,3,Dark - Lighted,1,Clear,2,Nighttime,NO,"1163,2015040128,40128,1,1,1,1,13,MARICOPA,370,PHOENIX,28,2,0,Not a Collision with Motor Vehicle In-Transport,1,3,Dark - Lighted,1,Clear,2,Nighttime,NO"
1164,2015040132,40132,1,1,0,1,1,APACHE,0,NONE LISTED,3,3,0,Not a Collision with Motor Vehicle In-Transport,4,1,Daylight,1,Clear,1,Daytime,NO,"1164,2015040132,40132,1,1,0,1,1,APACHE,0,NONE LISTED,3,3,0,Not a Collision with Motor Vehicle In-Transport,4,1,Daylight,1,Clear,1,Daytime,NO"
1165,2015040133,40133,3,3,0,6,13,MARICOPA,420,SCOTTSDALE,3,3,6,Angle,1,1,Daylight,1,Clear,1,Daytime,NO,"1165,2015040133,40133,3,3,0,6,13,MARICOPA,420,SCOTTSDALE,3,3,6,Angle,1,1,Daylight,1,Clear,1,Daytime,NO"
1166,2015040140,40140,1,1,0,2,1,APACHE,150,EAGAR,6,3,0,Not a Collision with Motor Vehicle In-Transport,4,2,Dark - Not Lighted,1,Clear,2,Nighttime,NO,"1166,2015040140,40140,1,1,0,2,1,APACHE,150,EAGAR,6,3,0,Not a Collision with Motor Vehicle In-Transport,4,2,Dark - Not Lighted,1,Clear,2,Nighttime,NO"
1167,2015040141,40141,1,1,0,3,15,MOHAVE,0,NONE LISTED,7,3,0,Not a Collision with Motor Vehicle In-Transport,4,4,Dawn,1,Clear,1,Daytime,NO,"1167,2015040141,40141,1,1,0,3,15,MOHAVE,0,NONE LISTED,7,3,0,Not a Collision with Motor Vehicle In-Transport,4,4,Dawn,1,Clear,1,Daytime,NO"
1168,2015040143,40143,1,1,3,1,13,MARICOPA,370,PHOENIX,9,3,0,Not a Collision with Motor Vehicle In-Transport,4,3,Dark - Lighted,1,Clear,2,Nighttime,YES,"1168,2015040143,40143,1,1,3,1,13,MARICOPA,370,PHOENIX,9,3,0,Not a Collision with Motor Vehicle In-Transport,4,3,Dark - Lighted,1,Clear,2,Nighttime,YES"