index,accident_id,ST_CASE,VE_TOTAL,VE_FORMS,PEDS,PERSONS,COUNTY,county_name,CITY,city_name,DAY,MONTH,MAN_COLL,man_coll_lit,REL_ROAD,LGT_COND,lgt_cond_lit,WEATHER,weather_lit,A_TOD,a_tod_lit,DEAD,concatenated
1169,2015040144,40144,1,1,1,2,21,PINAL,0,NONE LISTED,11,3,0,Not a Collision with Motor Vehicle In-Transport,1,2,Dark - Not Lighted,1,Clear,2,Nighttime,NO,"1169,2015040144,40144,1,1,1,2,21,PINAL,0,NONE LISTED,11,3,0,Not a Collision with Motor Vehicle In-Transport,1,2,Dark - Not Lighted,1,Clear,2,Nighttime,NO"
1170,2015040147,40147,1,1,1,1,21,PINAL,0,NONE LISTED,12,3,0,Not a Collision with Motor Vehicle In-Transport,1,2,Dark - Not Lighted,10,Cloudy,2,Nighttime,YES,"1170,2015040147,40147,1,1,1,1,21,PINAL,0,NONE LISTED,12,3,0,Not a Collision with Motor Vehicle In-Transport,1,2,Dark - Not Lighted,10,Cloudy,2,Nighttime,YES"
1171,2015040150,40150,2,2,0,2,13,MARICOPA,0,NONE LISTED,13,3,6,Angle,1,2,Dark - Not Lighted,1,Clear,2,Nighttime,NO,"1171,2015040150,40150,2,2,0,2,13,MARICOPA,0,NONE LISTED,13,3,6,Angle,1,2,Dark - Not Lighted,1,Clear,2,Nighttime,NO"
1172,2015040152,40152,1,1,1,2,21,PINAL,70,CASA GRANDE,15,3,0,Not a Collision with Motor Vehicle In-Transport,1,1,Daylight,1,Clear,1,Daytime,NO,"1172,2015040152,40152,1,1,1,2,21,PINAL,70,CASA GRANDE,15,3,0,Not a Collision with Motor Vehicle In-Transport,1,1,Daylight,1,Clear,1,Daytime,NO"
1173,2015040153,40153,2,1,0,1,13,MARICOPA,370,PHOENIX,15,3,0,Not a Collision with Motor Vehicle In-Transport,2,5,Dusk,1,Clear,1,Daytime,NO,"1173,2015040153,40153,2,1,0,1,13,MARICOPA,370,PHOENIX,15,3,0,Not a Collision with Motor Vehicle In-Transport,2,5,Dusk,1,Clear,1,Daytime,NO"
1174,2015040160,40160,1,1,0,1,15,MOHAVE,59,BULLHEAD CITY,17,3,0,Not a Collision with Motor Vehicle In-Transport,4,1,Daylight,1,Clear,1,Daytime,NO,"1174,2015040160,40160,1,1,0,1,15,MOHAVE,59,BULLHEAD CITY,17,3,0,Not a Collision with Motor Vehicle In-Transport,4,1,Daylight,1,Clear,1,Daytime,NO"
1175,2015040163,40163,2,2,0,2,13,MARICOPA,370,PHOENIX,18,3,6,Angle,1,1,Daylight,10,Cloudy,1,Daytime,YES,"1175,2015040163,40163,2,2,0,2,13,MARICOPA,370,PHOENIX,18,3,6,Angle,1,1,Daylight,10,Cloudy,1,Daytime,YES"
1176,2015040164,40164,2,2,0,2,19,PIMA,530,TUCSON,20,3,2,Front-to-Front,1,2,Dark - Not Lighted,1,Clear,2,Nighttime,NO,"1176,2015040164,40164,2,2,0,2,19,PIMA,530,TUCSON,20,3,2,Front-to-Front,1,2,Dark - Not Lighted,1,Clear,2,Nighttime,NO"
1177,2015040165,40165,2,2,0,4,19,PIMA,530,TUCSON,22,3,0,Not a Collision with Motor Vehicle In-Transport,1,1,Daylight,1,Clear,1,Daytime,NO,"1177,2015040165,40165,2,2,0,4,19,PIMA,530,TUCSON,22,3,0,Not a Collision with Motor Vehicle In-Transport,1,1,Daylight,1,Clear,1,Daytime,NO"
1178,2015040167,40167,1,1,0,1,19,PIMA,530,TUCSON,22,3,0,Not a Collision with Motor Vehicle In-Transport,4,2,Dark - Not Lighted,10,Cloudy,2,Nighttime,YES,"1178,2015040167,40167,1,1,0,1,19,PIMA,530,TUCSON,22,3,0,Not a Collision with Motor Vehicle In-Transport,4,2,Dark - Not Lighted,10,Cloudy,2,Nighttime,YES"
1179,2015040171,40171,2,2,0,3,13,MARICOPA,490,TEMPE,26,3,6,Angle,1,3,Dark - Lighted,1,Clear,2,Nighttime,NO,"1179,2015040171,40171,2,2,0,3,13,MARICOPA,490,TEMPE,26,3,6,Angle,1,3,Dark - Lighted,1,Clear,2,Nighttime,NO"
1180,2015040173,40173,1,1,0,1,13,MARICOPA,370,PHOENIX,29,3,0,Not a Collision with Motor Vehicle In-Transport,4,6,Dark - Unknown Lighting,1,Clear,2,Nighttime,YES,"1180,2015040173,40173,1,1,0,1,13,MARICOPA,370,PHOENIX,29,3,0,Not a Collision with Motor Vehicle In-Transport,4,6,Dark - Unknown Lighting,1,Clear,2,Nighttime,YES"
1181,2015040174,40174,1,1,0,1,27,YUMA,0,NONE LISTED,29,3,0,Not a Collision with Motor Vehicle In-Transport,4,4,Dawn,1,Clear,1,Daytime,NO,"1181,2015040174,40174,1,1,0,1,27,YUMA,0,NONE LISTED,29,3,0,Not a Collision with Motor Vehicle In-Transport,4,4,Dawn,1,Clear,1,Daytime,NO"
1182,2015040176,40176,2,2,0,2,21,PINAL,22,APACHE JUNCTION,29,3,6,Angle,1,1,Daylight,1,Clear,2,Nighttime,NO,"1182,2015040176,40176,2,2,0,2,21,PINAL,22,APACHE JUNCTION,29,3,6,Angle,1,1,Daylight,1,Clear,2,Nighttime,NO"
1183,2015040177,40177,1,1,0,1,19,PIMA,530,TUCSON,30,3,0,Not a Collision with Motor Vehicle In-Transport,4,1,Daylight,1,Clear,1,Daytime,NO,"1183,2015040177,40177,1,1,0,1,19,PIMA,530,TUCSON,30,3,0,Not a Collision with Motor Vehicle In-Transport,4,1,Daylight,1,Clear,1,Daytime,NO"
1184,2015040178,40178,6,1,0,1,21,PINAL,110,COOLIDGE,30,3,0,Not a Collision with Motor Vehicle In-Transport,4,1,Daylight,1,Clear,1,Daytime,YES,"1184,2015040178,40178,6,1,0,1,21,PINAL,110,COOLIDGE,30,3,0,Not a Collision with Motor Vehicle In-Transport,4,1,Daylight,1,Clear,1,Daytime,YES"
1185,2015040179,40179,1,1,0,2,13,MARICOPA,290,MESA,20,1,0,Not a Collision with Motor Vehicle In-Transport,1,1,Daylight,1,Clear,1,Daytime,YES,"1185,2015040179,40179,1,1,0,2,13,MARICOPA,290,MESA,20,1,0,Not a Collision with Motor Vehicle In-Transport,1,1,Daylight,1,Clear,1,Daytime,YES"
1186,2015040182,40182,1,1,0,1,7,GILA,0,NONE LISTED,21,3,0,Not a Collision with Motor Vehicle In-Transport,4,1,Daylight,1,Clear,1,Daytime,NO,"1186,2015040182,40182,1,1,0,1,7,GILA,0,NONE LISTED,21,3,0,Not a Collision with Motor Vehicle In-Transport,4,1,Daylight,1,Clear,1,Daytime,NO"
1187,2015040185,40185,1,1,0,2,21,PINAL,0,NONE LISTED,1,3,0,Not a Collision with Motor Vehicle In-Transport,1,2,Dark - Not Lighted,10,Cloudy,2,Nighttime,NO,"1187,2015040185,40185,1,1,0,2,21,PINAL,0,NONE LISTED,1,3,0,Not a Collision with Motor Vehicle In-Transport,1,2,Dark - Not Lighted,10,Cloudy,2,Nighttime,NO"
1188,2015040187,40187,2,2,0,3,13,MARICOPA,200,GLENDALE,9,3,6,Angle,1,1,Daylight,1,Clear,1,Daytime,YES,"1188,2015040187,40187,2,2,0,3,13,MARICOPA,200,GLENDALE,9,3,6,Angle,1,1,Daylight,1,Clear,1,Daytime,YES"
1189,2015040188,40188,2,2,0,2,13,MARICOPA,0,NONE LISTED,24,3,6,Angle,1,2,Dark - Not Lighted,1,Clear,2,Nighttime,YES,"1189,2015040188,40188,2,2,0,2,13,MARICOPA,0,NONE LISTED,24,3,6,Angle,1,2,Dark - Not Lighted,1,Clear,2,Nighttime,YES"
1190,2015040189,40189,1,1,0,2,25,YAVAPAI,386,PRESCOTT,26,3,0,Not a Collision with Motor Vehicle In-Transport,4,2,Dark - Not Lighted,1,Clear,2,Nighttime,NO,"1190,2015040189,40189,1,1,0,2,25,YAVAPAI,386,PRESCOTT,26,3,0,Not a Collision with Motor Vehicle In-Transport,4,2,Dark - Not Lighted,1,Clear,2,Nighttime,NO"
1191,2015040191,40191,1,1,0,6,1,APACHE,0,NONE LISTED,28,3,0,Not a Collision with Motor Vehicle In-Transport,4,6,Dark - Unknown Lighting,98,Not Reported,2,Nighttime,YES,"1191,2015040191,40191,1,1,0,6,1,APACHE,0,NONE LISTED,28,3,0,Not a Collision with Motor Vehicle In-Transport,4,6,Dark - Unknown Lighting,98,Not Reported,2,Nighttime,YES"
1192,2015040197,40197,2,2,0,3,13,MARICOPA,370,PHOENIX,6,3,6,Angle,1,6,Dark - Unknown Lighting,99,Unknown,2,Nighttime,NO,"1192,2015040197,40197,2,2,0,3,13,MARICOPA,370,PHOENIX,6,3,6,Angle,1,6,Dark - Unknown Lighting,99,Unknown,2,Nighttime,NO"
1193,2015040198,40198,1,1,1,1,21,PINAL,0,NONE LISTED,11,3,0,Not a Collision with Motor Vehicle In-Transport,1,9,Unknown,99,Unknown,3,Unknown,YES,"1193,2015040198,40198,1,1,1,1,21,PINAL,0,NONE LISTED,11,3,0,Not a Collision with Motor Vehicle In-Transport,1,9,Unknown,99,Unknown,3,Unknown,YES"
1194,2015040200,40200,2,2,0,2,1,APACHE,0,NONE LISTED,14,3,2,Front-to-Front,1,2,Dark - Not Lighted,1,Clear,2,Nighttime,YES,"1194,2015040200,40200,2,2,0,2,1,APACHE,0,NONE LISTED,14,3,2,Front-to-Front,1,2,Dark - Not Lighted,1,Clear,2,Nighttime,YES"
1195,2015040202,40202,1,1,0,3,13,MARICOPA,370,PHOENIX,15,3,0,Not a Collision with Motor Vehicle In-Transport,4,3,Dark - Lighted,1,Clear,2,Nighttime,NO,"1195,2015040202,40202,1,1,0,3,13,MARICOPA,370,PHOENIX,15,3,0,Not a Collision with Motor Vehicle In-Transport,4,3,Dark - Lighted,1,Clear,2,Nighttime,NO"
1196,2015040203,40203,2,2,0,4,13,MARICOPA,0,NONE LISTED,15,3,6,Angle,1,2,Dark - Not Lighted,1,Clear,2,Nighttime,NO,"1196,2015040203,40203,2,2,0,4,13,MARICOPA,0,NONE LISTED,15,3,6,Angle,1,2,Dark - Not Lighted,1,Clear,2,Nighttime,NO"
1197,2015040204,40204,1,1,1,1,13,MARICOPA,370,PHOENIX,16,3,0,Not a Collision with Motor Vehicle In-Transport,1,1,Daylight,1,Clear,1,Daytime,NO,"1197,2015040204,40204,1,1,1,1,13,MARICOPA,370,PHOENIX,16,3,0,Not a Collision with Motor Vehicle In-Transport,1,1,Daylight,1,Clear,1,Daytime,NO"
1198,2015040205,40205,2,2,0,2,13,MARICOPA,200,GLENDALE,19,3,6,Angle,1,3,Dark - Lighted,2,Rain,2,Nighttime,NO,"1198,2015040205,40205,2,2,0,2,13,MARICOPA,200,GLENDALE,19,3,6,Angle,1,3,Dark - Lighted,2,Rain,2,Nighttime,NO"
1199,2015040207,40207,2,2,0,2,13,MARICOPA,0,NONE LISTED,22,3,1,Front-to-Rear,1,2,Dark - Not Lighted,98,Not Reported,2,Nighttime,YES,"1199,2015040207,40207,2,2,0,2,13,MARICOPA,0,NONE LISTED,22,3,1,Front-to-Rear,1,2,Dark - Not Lighted,98,Not Reported,2,Nighttime,YES"
1200,2015040208,40208,1,1,1,1,13,MARICOPA,370,PHOENIX,31,3,0,Not a Collision with Motor Vehicle In-Transport,1,1,Daylight,1,Clear,1,Daytime,YES,"1200,2015040208,40208,1,1,1,1,13,MARICOPA,370,PHOENIX,31,3,0,Not a Collision with Motor Vehicle In-Transport,1,1,Daylight,1,Clear,1,Daytime,YES"
1201,2015040209,40209,1,1,0,1,12,LA PAZ,387,QUARTZSITE,14,3,0,Not a Collision with Motor Vehicle In-Transport,4,1,Daylight,1,Clear,1,Daytime,YES,"1201,2015040209,40209,1,1,0,1,12,LA PAZ,387,QUARTZSITE,14,3,0,Not a Collision with Motor Vehicle In-Transport,4,1,Daylight,1,Clear,1,Daytime,YES"
1202,2015040211,40211,2,2,0,2,19,PIMA,0,NONE LISTED,1,4,2,Front-to-Front,1,1,Daylight,1,Clear,1,Daytime,YES,"1202,2015040211,40211,2,2,0,2,19,PIMA,0,NONE LISTED,1,4,2,Front-to-Front,1,1,Daylight,1,Clear,1,Daytime,YES"
1203,2015040212,40212,2,2,1,2,13,MARICOPA,370,PHOENIX,1,4,0,Not a Collision with Motor Vehicle In-Transport,1,3,Dark - Lighted,1,Clear,2,Nighttime,NO,"1203,2015040212,40212,2,2,1,2,13,MARICOPA,370,PHOENIX,1,4,0,Not a Collision with Motor Vehicle In-Transport,1,3,Dark - Lighted,1,Clear,2,Nighttime,NO"
1204,2015040219,40219,2,2,0,3,13,MARICOPA,190,GILBERT,5,4,1,Front-to-Rear,1,1,Daylight,1,Clear,1,Daytime,YES,"1204,2015040219,40219,2,2,0,3,13,MARICOPA,190,GILBERT,5,4,1,Front-to-Rear,1,1,Daylight,1,Clear,1,Daytime,YES"
1205,2015040220,40220,2,2,0,2,15,MOHAVE,268,LAKE HAVASU CITY,5,4,1,Front-to-Rear,1,1,Daylight,1,Clear,2,Nighttime,NO,"1205,2015040220,40220,2,2,0,2,15,MOHAVE,268,LAKE HAVASU CITY,5,4,1,Front-to-Rear,1,1,Daylight,1,Clear,2,Nighttime,NO"
1206,2015040223,40223,1,1,1,3,13,MARICOPA,30,AVONDALE,7,4,0,Not a Collision with Motor Vehicle In-Transport,1,3,Dark - Lighted,1,Clear,2,Nighttime,YES,"1206,2015040223,40223,1,1,1,3,13,MARICOPA,30,AVONDALE,7,4,0,Not a Collision with Motor Vehicle In-Transport,1,3,Dark - Lighted,1,Clear,2,Nighttime,YES"
1207,2015040225,40225,1,1,1,2,21,PINAL,22,APACHE JUNCTION,10,4,0,Not a Collision with Motor Vehicle In-Transport,1,1,Daylight,1,Clear,1,Daytime,YES,"1207,2015040225,40225,1,1,1,2,21,PINAL,22,APACHE JUNCTION,10,4,0,Not a Collision with Motor Vehicle In-Transport,1,1,Daylight,1,Clear,1,Daytime,YES"
1208,2015040229,40229,1,1,0,2,25,YAVAPAI,0,NONE LISTED,11,4,0,Not a Collision with Motor Vehicle In-Transport,4,2,Dark - Not Lighted,1,Clear,2,Nighttime,YES,"1208,2015040229,40229,1,1,0,2,25,YAVAPAI,0,NONE LISTED,11,4,0,Not a Collision with Motor Vehicle In-Transport,4,2,Dark - Not Lighted,1,Clear,2,Nighttime,YES"
1209,2015040230,40230,1,1,0,2,13,MARICOPA,190,GILBERT,11,4,0,Not a Collision with Motor Vehicle In-Transport,4,3,Dark - Lighted,1,Clear,2,Nighttime,NO,"1209,2015040230,40230,1,1,0,2,13,MARICOPA,190,GILBERT,11,4,0,Not a Collision with Motor Vehicle In-Transport,4,3,Dark - Lighted,1,Clear,2,Nighttime,NO"
1210,2015040236,40236,1,1,0,1,19,PIMA,530,TUCSON,20,4,0,Not a Collision with Motor Vehicle In-Transport,4,3,Dark - Lighted,1,Clear,2,Nighttime,NO,"1210,2015040236,40236,1,1,0,1,19,PIMA,530,TUCSON,20,4,0,Not a Collision with Motor Vehicle In-Transport,4,3,Dark - Lighted,1,Clear,2,Nighttime,NO"
1211,2015040237,40237,1,1,1,1,19,PIMA,530,TUCSON,20,4,0,Not a Collision with Motor Vehicle In-Transport,1,1,Daylight,1,Clear,1,Daytime,YES,"1211,2015040237,40237,1,1,1,1,19,PIMA,530,TUCSON,20,4,0,Not a Collision with Motor Vehicle In-Transport,1,1,Daylight,1,Clear,1,Daytime,YES"
1212,2015040241,40241,1,1,0,1,19,PIMA,530,TUCSON,22,4,0,Not a Collision with Motor Vehicle In-Transport,4,1,Daylight,1,Clear,1,Daytime,YES,"1212,2015040241,40241,1,1,0,1,19,PIMA,530,TUCSON,22,4,0,Not a Collision with Motor Vehicle In-Transport,4,1,Daylight,1,Clear,1,Daytime,YES"
1213,2015040242,40242,2,2,0,2,27,YUMA,0,NONE LISTED,23,4,7,Sideswipe - Same Direction,1,1,Daylight,1,Clear,1,Daytime,YES,"1213,2015040242,40242,2,2,0,2,27,YUMA,0,NONE LISTED,23,4,7,Sideswipe - Same Direction,1,1,Daylight,1,Clear,1,Daytime,YES"
1214,2015040251,40251,2,2,0,2,23,SANTA CRUZ,0,NONE LISTED,24,4,6,Angle,1,3,Dark - Lighted,1,Clear,2,Nighttime,NO,"1214,2015040251,40251,2,2,0,2,23,SANTA CRUZ,0,NONE LISTED,24,4,6,Angle,1,3,Dark - Lighted,1,Clear,2,Nighttime,NO"
1215,2015040252,40252,1,1,1,1,5,COCONINO,170,FLAGSTAFF,29,4,0,Not a Collision with Motor Vehicle In-Transport,1,3,Dark - Lighted,1,Clear,2,Nighttime,NO,"1215,2015040252,40252,1,1,1,1,5,COCONINO,170,FLAGSTAFF,29,4,0,Not a Collision with Motor Vehicle In-Transport,1,3,Dark - Lighted,1,Clear,2,Nighttime,NO"
1216,2015040253,40253,1,1,0,1,19,PIMA,0,NONE LISTED,6,1,99,Unknown,99,1,Daylight,99,Unknown,3,Unknown,YES,"1216,2015040253,40253,1,1,0,1,19,PIMA,0,NONE LISTED,6,1,99,Unknown,99,1,Daylight,99,Unknown,3,Unknown,YES"
1217,2015040254,40254,2,2,0,2,17,NAVAJO,0,NONE LISTED,10,2,2,Front-to-Front,1,9,Unknown,99,Unknown,2,Nighttime,NO,"1217,2015040254,40254,2,2,0,2,17,NAVAJO,0,NONE LISTED,10,2,2,Front-to-Front,1,9,Unknown,99,Unknown,2,Nighttime,NO"
1218,2015040257,40257,1,1,0,2,19,PIMA,0,NONE LISTED,11,4,99,Unknown,99,6,Dark - Unknown Lighting,99,Unknown,2,Nighttime,NO,"1218,2015040257,40257,1,1,0,2,19,PIMA,0,NONE LISTED,11,4,99,Unknown,99,6,Dark - Unknown Lighting,99,Unknown,2,Nighttime,NO"
1219,2015040258,40258,1,1,1,1,13,MARICOPA,0,NONE LISTED,12,4,0,Not a Collision with Motor Vehicle In-Transport,1,2,Dark - Not Lighted,1,Clear,2,Nighttime,YES,"1219,2015040258,40258,1,1,1,1,13,MARICOPA,0,NONE LISTED,12,4,0,Not a Collision with Motor Vehicle In-Transport,1,2,Dark - Not Lighted,1,Clear,2,Nighttime,YES"
1220,2015040259,40259,1,1,0,2,19,PIMA,0,NONE LISTED,15,4,99,Unknown,99,9,Unknown,99,Unknown,3,Unknown,NO,"1220,2015040259,40259,1,1,0,2,19,PIMA,0,NONE LISTED,15,4,99,Unknown,99,9,Unknown,99,Unknown,3,Unknown,NO"
1221,2015040261,40261,1,1,0,1,13,MARICOPA,0,NONE LISTED,15,4,0,Not a Collision with Motor Vehicle In-Transport,4,3,Dark - Lighted,1,Clear,2,Nighttime,NO,"1221,2015040261,40261,1,1,0,1,13,MARICOPA,0,NONE LISTED,15,4,0,Not a Collision with Motor Vehicle In-Transport,4,3,Dark - Lighted,1,Clear,2,Nighttime,NO"
1222,2015040262,40262,4,4,1,8,13,MARICOPA,370,PHOENIX,16,4,0,Not a Collision with Motor Vehicle In-Transport,1,2,Dark - Not Lighted,1,Clear,2,Nighttime,NO,"1222,2015040262,40262,4,4,1,8,13,MARICOPA,370,PHOENIX,16,4,0,Not a Collision with Motor Vehicle In-Transport,1,2,Dark - Not Lighted,1,Clear,2,Nighttime,NO"
1223,2015040263,40263,1,1,1,1,17,NAVAJO,565,WHITERIVER,18,4,0,Not a Collision with Motor Vehicle In-Transport,1,6,Dark - Unknown Lighting,1,Clear,2,Nighttime,YES,"1223,2015040263,40263,1,1,1,1,17,NAVAJO,565,WHITERIVER,18,4,0,Not a Collision with Motor Vehicle In-Transport,1,6,Dark - Unknown Lighting,1,Clear,2,Nighttime,YES"
1224,2015040264,40264,1,1,0,2,13,MARICOPA,0,NONE LISTED,19,4,0,Not a Collision with Motor Vehicle In-Transport,4,1,Daylight,1,Clear,1,Daytime,YES,"1224,2015040264,40264,1,1,0,2,13,MARICOPA,0,NONE LISTED,19,4,0,Not a Collision with Motor Vehicle In-Transport,4,1,Daylight,1,Clear,1,Daytime,YES"
1225,2015040270,40270,2,2,0,4,13,MARICOPA,370,PHOENIX,24,4,6,Angle,1,1,Daylight,1,Clear,1,Daytime,YES,"1225,2015040270,40270,2,2,0,4,13,MARICOPA,370,PHOENIX,24,4,6,Angle,1,1,Daylight,1,Clear,1,Daytime,YES"
1226,2015040277,40277,2,2,0,6,21,PINAL,22,APACHE JUNCTION,1,5,2,Front-to-Front,1,3,Dark - Lighted,1,Clear,2,Nighttime,YES,"1226,2015040277,40277,2,2,0,6,21,PINAL,22,APACHE JUNCTION,1,5,2,Front-to-Front,1,3,Dark - Lighted,1,Clear,2,Nighttime,YES"
1227,2015040280,40280,1,1,0,1,13,MARICOPA,190,GILBERT,6,5,0,Not a Collision with Motor Vehicle In-Transport,4,3,Dark - Lighted,1,Clear,2,Nighttime,YES,"1227,2015040280,40280,1,1,0,1,13,MARICOPA,190,GILBERT,6,5,0,Not a Collision with Motor Vehicle In-Transport,4,3,Dark - Lighted,1,Clear,2,Nighttime,YES"
1228,2015040281,40281,1,1,0,1,25,YAVAPAI,0,NONE LISTED,8,5,0,Not a Collision with Motor Vehicle In-Transport,1,1,Daylight,10,Cloudy,1,Daytime,NO,"1228,2015040281,40281,1,1,0,1,25,YAVAPAI,0,NONE LISTED,8,5,0,Not a Collision with Motor Vehicle In-Transport,1,1,Daylight,10,Cloudy,1,Daytime,NO"
1229,2015040287,40287,1,1,0,1,13,MARICOPA,420,SCOTTSDALE,13,5,0,Not a Collision with Motor Vehicle In-Transport,4,3,Dark - Lighted,1,Clear,2,Nighttime,YES,"1229,2015040287,40287,1,1,0,1,13,MARICOPA,420,SCOTTSDALE,13,5,0,Not a Collision with Motor Vehicle In-Transport,4,3,Dark - Lighted,1,Clear,2,Nighttime,YES"
1230,2015040291,40291,2,2,0,2,19,PIMA,0,NONE LISTED,16,5,2,Front-to-Front,1,1,Daylight,1,Clear,1,Daytime,NO,"1230,2015040291,40291,2,2,0,2,19,PIMA,0,NONE LISTED,16,5,2,Front-to-Front,1,1,Daylight,1,Clear,1,Daytime,NO"
1231,2015040292,40292,2,2,0,3,23,SANTA CRUZ,330,NOGALES,16,5,6,Angle,1,1,Daylight,1,Clear,1,Daytime,YES,"1231,2015040292,40292,2,2,0,3,23,SANTA CRUZ,330,NOGALES,16,5,6,Angle,1,1,Daylight,1,Clear,1,Daytime,YES"
1232,2015040293,40293,1,1,0,1,5,COCONINO,0,NONE LISTED,17,5,0,Not a Collision with Motor Vehicle In-Transport,4,4,Dawn,1,Clear,2,Nighttime,NO,"1232,2015040293,40293,1,1,0,1,5,COCONINO,0,NONE LISTED,17,5,0,Not a Collision with Motor Vehicle In-Transport,4,4,Dawn,1,Clear,2,Nighttime,NO"
1233,2015040294,40294,3,3,0,4,13,MARICOPA,190,GILBERT,18,5,6,Angle,1,1,Daylight,1,Clear,1,Daytime,NO,"1233,2015040294,40294,3,3,0,4,13,MARICOPA,190,GILBERT,18,5,6,Angle,1,1,Daylight,1,Clear,1,Daytime,NO"
1234,2015040295,40295,1,1,0,3,5,COCONINO,0,NONE LISTED,18,5,0,Not a Collision with Motor Vehicle In-Transport,4,1,Daylight,10,Cloudy,1,Daytime,NO,"1234,2015040295,40295,1,1,0,3,5,COCONINO,0,NONE LISTED,18,5,0,Not a Collision with Motor Vehicle In-Transport,4,1,Daylight,10,Cloudy,1,Daytime,NO"
1235,2015040296,40296,2,2,0,3,13,MARICOPA,368,PEORIA,18,5,1,Front-to-Rear,1,3,Dark - Lighted,1,Clear,2,Nighttime,NO,"1235,2015040296,40296,2,2,0,3,13,MARICOPA,368,PEORIA,18,5,1,Front-to-Rear,1,3,Dark - Lighted,1,Clear,2,Nighttime,NO"
1236,2015040298,40298,1,1,1,1,19,PIMA,530,TUCSON,21,5,0,Not a Collision with Motor Vehicle In-Transport,4,1,Daylight,98,Not Reported,1,Daytime,NO,"1236,2015040298,40298,1,1,1,1,19,PIMA,530,TUCSON,21,5,0,Not a Collision with Motor Vehicle In-Transport,4,1,Daylight,98,Not Reported,1,Daytime,NO"
1237,2015040300,40300,2,2,0,5,21,PINAL,0,NONE LISTED,22,5,1,Front-to-Rear,1,3,Dark - Lighted,1,Clear,2,Nighttime,YES,"1237,2015040300,40300,2,2,0,5,21,PINAL,0,NONE LISTED,22,5,1,Front-to-Rear,1,3,Dark - Lighted,1,Clear,2,Nighttime,YES"
1238,2015040301,40301,1,1,0,2,27,YUMA,0,NONE LISTED,23,5,0,Not a Collision with Motor Vehicle In-Transport,4,2,Dark - Not Lighted,1,Clear,2,Nighttime,YES,"1238,2015040301,40301,1,1,0,2,27,YUMA,0,NONE LISTED,23,5,0,Not a Collision with Motor Vehicle In-Transport,4,2,Dark - Not Lighted,1,Clear,2,Nighttime,YES"
1239,2015040302,40302,1,1,0,1,1,APACHE,0,NONE LISTED,23,5,0,Not a Collision with Motor Vehicle In-Transport,4,2,Dark - Not Lighted,1,Clear,1,Daytime,NO,"1239,2015040302,40302,1,1,0,1,1,APACHE,0,NONE LISTED,23,5,0,Not a Collision with Motor Vehicle In-Transport,4,2,Dark - Not Lighted,1,Clear,1,Daytime,NO"
1240,2015040308,40308,1,1,0,2,19,PIMA,295,MARANA,30,5,0,Not a Collision with Motor Vehicle In-Transport,3,2,Dark - Not Lighted,1,Clear,2,Nighttime,YES,"1240,2015040308,40308,1,1,0,2,19,PIMA,295,MARANA,30,5,0,Not a Collision with Motor Vehicle In-Transport,3,2,Dark - Not Lighted,1,Clear,2,Nighttime,YES"
1241,2015040309,40309,1,1,0,2,7,GILA,0,NONE LISTED,30,5,0,Not a Collision with Motor Vehicle In-Transport,1,2,Dark - Not Lighted,10,Cloudy,2,Nighttime,YES,"1241,2015040309,40309,1,1,0,2,7,GILA,0,NONE LISTED,30,5,0,Not a Collision with Motor Vehicle In-Transport,1,2,Dark - Not Lighted,10,Cloudy,2,Nighttime,YES"
1242,2015040311,40311,2,2,0,5,13,MARICOPA,370,PHOENIX,3,5,0,Not a Collision with Motor Vehicle In-Transport,4,3,Dark - Lighted,1,Clear,2,Nighttime,NO,"1242,2015040311,40311,2,2,0,5,13,MARICOPA,370,PHOENIX,3,5,0,Not a Collision with Motor Vehicle In-Transport,4,3,Dark - Lighted,1,Clear,2,Nighttime,NO"
1243,2015040312,40312,1,1,1,1,21,PINAL,0,NONE LISTED,21,5,0,Not a Collision with Motor Vehicle In-Transport,1,2,Dark - Not Lighted,1,Clear,2,Nighttime,YES,"1243,2015040312,40312,1,1,1,1,21,PINAL,0,NONE LISTED,21,5,0,Not a Collision with Motor Vehicle In-Transport,1,2,Dark - Not Lighted,1,Clear,2,Nighttime,YES"
1244,2015040313,40313,1,1,0,1,19,PIMA,0,NONE LISTED,21,5,0,Not a Collision with Motor Vehicle In-Transport,4,2,Dark - Not Lighted,1,Clear,2,Nighttime,YES,"1244,2015040313,40313,1,1,0,1,19,PIMA,0,NONE LISTED,21,5,0,Not a Collision with Motor Vehicle In-Transport,4,2,Dark - Not Lighted,1,Clear,2,Nighttime,YES"
1245,2015040315,40315,1,1,1,1,19,PIMA,0,NONE LISTED,24,5,0,Not a Collision with Motor Vehicle In-Transport,1,2,Dark - Not Lighted,1,Clear,2,Nighttime,NO,"1245,2015040315,40315,1,1,1,1,19,PIMA,0,NONE LISTED,24,5,0,Not a Collision with Motor Vehicle In-Transport,1,2,Dark - Not Lighted,1,Clear,2,Nighttime,NO"
1246,2015040317,40317,2,2,0,2,13,MARICOPA,290,MESA,26,5,6,Angle,1,1,Daylight,1,Clear,1,Daytime,NO,"1246,2015040317,40317,2,2,0,2,13,MARICOPA,290,MESA,26,5,6,Angle,1,1,Daylight,1,Clear,1,Daytime,NO"
1247,2015040318,40318,2,2,0,2,13,MARICOPA,486,SURPRISE,8,5,1,Front-to-Rear,1,1,Daylight,1,Clear,1,Daytime,YES,"1247,2015040318,40318,2,2,0,2,13,MARICOPA,486,SURPRISE,8,5,1,Front-to-Rear,1,1,Daylight,1,Clear,1,Daytime,YES"