index,accident_id,ST_CASE,VE_TOTAL,VE_FORMS,PEDS,PERSONS,COUNTY,county_name,CITY,city_name,DAY,MONTH,MAN_COLL,man_coll_lit,REL_ROAD,LGT_COND,lgt_cond_lit,WEATHER,weather_lit,A_TOD,a_tod_lit,DEAD,concatenated
1248,2015040320,40320,1,1,1,1,21,PINAL,0,NONE LISTED,28,5,0,Not a Collision with Motor Vehicle In-Transport,2,1,Daylight,1,Clear,2,Nighttime,NO,"1248,2015040320,40320,1,1,1,1,21,PINAL,0,NONE LISTED,28,5,0,Not a Collision with Motor Vehicle In-Transport,2,1,Daylight,1,Clear,2,Nighttime,NO"
1249,2015040322,40322,1,1,0,1,5,COCONINO,528,TUBA CITY,28,4,0,Not a Collision with Motor Vehicle In-Transport,99,6,Dark - Unknown Lighting,99,Unknown,2,Nighttime,NO,"1249,2015040322,40322,1,1,0,1,5,COCONINO,528,TUBA CITY,28,4,0,Not a Collision with Motor Vehicle In-Transport,99,6,Dark - Unknown Lighting,99,Unknown,2,Nighttime,NO"
1250,2015040323,40323,1,1,0,1,1,APACHE,0,NONE LISTED,1,5,0,Not a Collision with Motor Vehicle In-Transport,4,1,Daylight,1,Clear,1,Daytime,NO,"1250,2015040323,40323,1,1,0,1,1,APACHE,0,NONE LISTED,1,5,0,Not a Collision with Motor Vehicle In-Transport,4,1,Daylight,1,Clear,1,Daytime,NO"
1251,2015040324,40324,2,2,1,4,13,MARICOPA,370,PHOENIX,1,5,0,Not a Collision with Motor Vehicle In-Transport,1,3,Dark - Lighted,1,Clear,2,Nighttime,YES,"1251,2015040324,40324,2,2,1,4,13,MARICOPA,370,PHOENIX,1,5,0,Not a Collision with Motor Vehicle In-Transport,1,3,Dark - Lighted,1,Clear,2,Nighttime,YES"
1252,2015040326,40326,1,1,0,1,13,MARICOPA,486,SURPRISE,6,5,0,Not a Collision with Motor Vehicle In-Transport,4,3,Dark - Lighted,1,Clear,2,Nighttime,YES,"1252,2015040326,40326,1,1,0,1,13,MARICOPA,486,SURPRISE,6,5,0,Not a Collision with Motor Vehicle In-Transport,4,3,Dark - Lighted,1,Clear,2,Nighttime,YES"
1253,2015040328,40328,1,1,0,1,13,MARICOPA,0,NONE LISTED,8,5,0,Not a Collision with Motor Vehicle In-Transport,4,1,Daylight,1,Clear,1,Daytime,NO,"1253,2015040328,40328,1,1,0,1,13,MARICOPA,0,NONE LISTED,8,5,0,Not a Collision with Motor Vehicle In-Transport,4,1,Daylight,1,Clear,1,Daytime,NO"
1254,2015040329,40329,1,1,0,1,13,MARICOPA,0,NONE LISTED,9,5,0,Not a Collision with Motor Vehicle In-Transport,4,1,Daylight,1,Clear,1,Daytime,NO,"1254,2015040329,40329,1,1,0,1,13,MARICOPA,0,NONE LISTED,9,5,0,Not a Collision with Motor Vehicle In-Transport,4,1,Daylight,1,Clear,1,Daytime,NO"
1255,2015040332,40332,2,2,0,3,13,MARICOPA,486,SURPRISE,13,5,1,Front-to-Rear,1,1,Daylight,1,Clear,1,Daytime,NO,"1255,2015040332,40332,2,2,0,3,13,MARICOPA,486,SURPRISE,13,5,1,Front-to-Rear,1,1,Daylight,1,Clear,1,Daytime,NO"
1256,2015040337,40337,2,2,0,2,13,MARICOPA,370,PHOENIX,14,5,0,Not a Collision with Motor Vehicle In-Transport,1,1,Daylight,99,Unknown,1,Daytime,YES,"1256,2015040337,40337,2,2,0,2,13,MARICOPA,370,PHOENIX,14,5,0,Not a Collision with Motor Vehicle In-Transport,1,1,Daylight,99,Unknown,1,Daytime,YES"
1257,2015040338,40338,2,2,0,2,5,COCONINO,0,NONE LISTED,14,5,99,Unknown,99,1,Daylight,99,Unknown,1,Daytime,NO,"1257,2015040338,40338,2,2,0,2,5,COCONINO,0,NONE LISTED,14,5,99,Unknown,99,1,Daylight,99,Unknown,1,Daytime,NO"
1258,2015040342,40342,1,1,1,1,13,MARICOPA,370,PHOENIX,15,5,0,Not a Collision with Motor Vehicle In-Transport,1,3,Dark - Lighted,2,Rain,2,Nighttime,NO,"1258,2015040342,40342,1,1,1,1,13,MARICOPA,370,PHOENIX,15,5,0,Not a Collision with Motor Vehicle In-Transport,1,3,Dark - Lighted,2,Rain,2,Nighttime,NO"
1259,2015040343,40343,2,1,0,1,3,COCHISE,130,DOUGLAS,16,5,0,Not a Collision with Motor Vehicle In-Transport,4,3,Dark - Lighted,1,Clear,2,Nighttime,NO,"1259,2015040343,40343,2,1,0,1,3,COCHISE,130,DOUGLAS,16,5,0,Not a Collision with Motor Vehicle In-Transport,4,3,Dark - Lighted,1,Clear,2,Nighttime,NO"
1260,2015040344,40344,3,3,0,11,13,MARICOPA,200,GLENDALE,17,5,2,Front-to-Front,1,1,Daylight,1,Clear,1,Daytime,NO,"1260,2015040344,40344,3,3,0,11,13,MARICOPA,200,GLENDALE,17,5,2,Front-to-Front,1,1,Daylight,1,Clear,1,Daytime,NO"
1261,2015040349,40349,1,1,0,4,17,NAVAJO,0,NONE LISTED,24,5,0,Not a Collision with Motor Vehicle In-Transport,4,2,Dark - Not Lighted,2,Rain,2,Nighttime,NO,"1261,2015040349,40349,1,1,0,4,17,NAVAJO,0,NONE LISTED,24,5,0,Not a Collision with Motor Vehicle In-Transport,4,2,Dark - Not Lighted,2,Rain,2,Nighttime,NO"
1262,2015040350,40350,4,2,0,2,15,MOHAVE,268,LAKE HAVASU CITY,24,5,99,Unknown,1,6,Dark - Unknown Lighting,99,Unknown,2,Nighttime,YES,"1262,2015040350,40350,4,2,0,2,15,MOHAVE,268,LAKE HAVASU CITY,24,5,99,Unknown,1,6,Dark - Unknown Lighting,99,Unknown,2,Nighttime,YES"
1263,2015040351,40351,2,2,0,2,13,MARICOPA,370,PHOENIX,29,5,11,Other,1,1,Daylight,1,Clear,1,Daytime,NO,"1263,2015040351,40351,2,2,0,2,13,MARICOPA,370,PHOENIX,29,5,11,Other,1,1,Daylight,1,Clear,1,Daytime,NO"
1264,2015040353,40353,1,1,0,1,1,APACHE,0,NONE LISTED,31,5,0,Not a Collision with Motor Vehicle In-Transport,99,6,Dark - Unknown Lighting,99,Unknown,2,Nighttime,YES,"1264,2015040353,40353,1,1,0,1,1,APACHE,0,NONE LISTED,31,5,0,Not a Collision with Motor Vehicle In-Transport,99,6,Dark - Unknown Lighting,99,Unknown,2,Nighttime,YES"
1265,2015040356,40356,1,1,0,1,15,MOHAVE,0,NONE LISTED,2,6,0,Not a Collision with Motor Vehicle In-Transport,4,2,Dark - Not Lighted,1,Clear,2,Nighttime,NO,"1265,2015040356,40356,1,1,0,1,15,MOHAVE,0,NONE LISTED,2,6,0,Not a Collision with Motor Vehicle In-Transport,4,2,Dark - Not Lighted,1,Clear,2,Nighttime,NO"
1266,2015040359,40359,2,2,0,2,15,MOHAVE,0,NONE LISTED,4,6,0,Not a Collision with Motor Vehicle In-Transport,1,1,Daylight,1,Clear,1,Daytime,NO,"1266,2015040359,40359,2,2,0,2,15,MOHAVE,0,NONE LISTED,4,6,0,Not a Collision with Motor Vehicle In-Transport,1,1,Daylight,1,Clear,1,Daytime,NO"
1267,2015040365,40365,2,2,0,2,21,PINAL,22,APACHE JUNCTION,7,6,2,Front-to-Front,1,1,Daylight,1,Clear,1,Daytime,NO,"1267,2015040365,40365,2,2,0,2,21,PINAL,22,APACHE JUNCTION,7,6,2,Front-to-Front,1,1,Daylight,1,Clear,1,Daytime,NO"
1268,2015040367,40367,2,2,0,2,25,YAVAPAI,386,PRESCOTT,7,6,0,Not a Collision with Motor Vehicle In-Transport,1,1,Daylight,1,Clear,1,Daytime,YES,"1268,2015040367,40367,2,2,0,2,25,YAVAPAI,386,PRESCOTT,7,6,0,Not a Collision with Motor Vehicle In-Transport,1,1,Daylight,1,Clear,1,Daytime,YES"
1269,2015040371,40371,1,1,0,1,25,YAVAPAI,373,PRESCOTT VALLEY,8,6,0,Not a Collision with Motor Vehicle In-Transport,3,2,Dark - Not Lighted,1,Clear,2,Nighttime,YES,"1269,2015040371,40371,1,1,0,1,25,YAVAPAI,373,PRESCOTT VALLEY,8,6,0,Not a Collision with Motor Vehicle In-Transport,3,2,Dark - Not Lighted,1,Clear,2,Nighttime,YES"
1270,2015040376,40376,1,1,0,5,7,GILA,0,NONE LISTED,13,6,0,Not a Collision with Motor Vehicle In-Transport,4,1,Daylight,99,Unknown,1,Daytime,NO,"1270,2015040376,40376,1,1,0,5,7,GILA,0,NONE LISTED,13,6,0,Not a Collision with Motor Vehicle In-Transport,4,1,Daylight,99,Unknown,1,Daytime,NO"
1271,2015040378,40378,1,1,0,1,5,COCONINO,0,NONE LISTED,14,6,0,Not a Collision with Motor Vehicle In-Transport,4,2,Dark - Not Lighted,1,Clear,2,Nighttime,NO,"1271,2015040378,40378,1,1,0,1,5,COCONINO,0,NONE LISTED,14,6,0,Not a Collision with Motor Vehicle In-Transport,4,2,Dark - Not Lighted,1,Clear,2,Nighttime,NO"
1272,2015040382,40382,2,1,0,3,15,MOHAVE,0,NONE LISTED,19,6,0,Not a Collision with Motor Vehicle In-Transport,2,1,Daylight,1,Clear,1,Daytime,NO,"1272,2015040382,40382,2,1,0,3,15,MOHAVE,0,NONE LISTED,19,6,0,Not a Collision with Motor Vehicle In-Transport,2,1,Daylight,1,Clear,1,Daytime,NO"
1273,2015040385,40385,3,3,0,5,19,PIMA,530,TUCSON,22,6,1,Front-to-Rear,1,1,Daylight,1,Clear,1,Daytime,NO,"1273,2015040385,40385,3,3,0,5,19,PIMA,530,TUCSON,22,6,1,Front-to-Rear,1,1,Daylight,1,Clear,1,Daytime,NO"
1274,2015040386,40386,1,1,1,1,19,PIMA,0,NONE LISTED,22,6,0,Not a Collision with Motor Vehicle In-Transport,2,2,Dark - Not Lighted,1,Clear,2,Nighttime,NO,"1274,2015040386,40386,1,1,1,1,19,PIMA,0,NONE LISTED,22,6,0,Not a Collision with Motor Vehicle In-Transport,2,2,Dark - Not Lighted,1,Clear,2,Nighttime,NO"
1275,2015040388,40388,1,1,0,1,12,LA PAZ,0,NONE LISTED,24,6,0,Not a Collision with Motor Vehicle In-Transport,1,5,Dusk,1,Clear,2,Nighttime,NO,"1275,2015040388,40388,1,1,0,1,12,LA PAZ,0,NONE LISTED,24,6,0,Not a Collision with Motor Vehicle In-Transport,1,5,Dusk,1,Clear,2,Nighttime,NO"
1276,2015040390,40390,1,1,0,1,9,GRAHAM,410,SAFFORD,27,6,0,Not a Collision with Motor Vehicle In-Transport,1,2,Dark - Not Lighted,1,Clear,1,Daytime,YES,"1276,2015040390,40390,1,1,0,1,9,GRAHAM,410,SAFFORD,27,6,0,Not a Collision with Motor Vehicle In-Transport,1,2,Dark - Not Lighted,1,Clear,1,Daytime,YES"
1277,2015040391,40391,1,1,0,1,1,APACHE,0,NONE LISTED,27,6,0,Not a Collision with Motor Vehicle In-Transport,98,1,Daylight,98,Not Reported,1,Daytime,NO,"1277,2015040391,40391,1,1,0,1,1,APACHE,0,NONE LISTED,27,6,0,Not a Collision with Motor Vehicle In-Transport,98,1,Daylight,98,Not Reported,1,Daytime,NO"
1278,2015040394,40394,2,2,0,3,13,MARICOPA,220,GOODYEAR,29,6,2,Front-to-Front,1,1,Daylight,1,Clear,1,Daytime,NO,"1278,2015040394,40394,2,2,0,3,13,MARICOPA,220,GOODYEAR,29,6,2,Front-to-Front,1,1,Daylight,1,Clear,1,Daytime,NO"
1279,2015040396,40396,2,2,0,4,3,COCHISE,431,SIERRA VISTA,30,6,6,Angle,1,1,Daylight,1,Clear,1,Daytime,NO,"1279,2015040396,40396,2,2,0,4,3,COCHISE,431,SIERRA VISTA,30,6,6,Angle,1,1,Daylight,1,Clear,1,Daytime,NO"
1280,2015040400,40400,1,1,1,2,13,MARICOPA,200,GLENDALE,4,6,0,Not a Collision with Motor Vehicle In-Transport,1,2,Dark - Not Lighted,1,Clear,2,Nighttime,NO,"1280,2015040400,40400,1,1,1,2,13,MARICOPA,200,GLENDALE,4,6,0,Not a Collision with Motor Vehicle In-Transport,1,2,Dark - Not Lighted,1,Clear,2,Nighttime,NO"
1281,2015040401,40401,1,1,1,2,13,MARICOPA,370,PHOENIX,4,6,0,Not a Collision with Motor Vehicle In-Transport,1,2,Dark - Not Lighted,1,Clear,2,Nighttime,YES,"1281,2015040401,40401,1,1,1,2,13,MARICOPA,370,PHOENIX,4,6,0,Not a Collision with Motor Vehicle In-Transport,1,2,Dark - Not Lighted,1,Clear,2,Nighttime,YES"
1282,2015040403,40403,2,2,1,2,13,MARICOPA,370,PHOENIX,4,6,0,Not a Collision with Motor Vehicle In-Transport,1,6,Dark - Unknown Lighting,99,Unknown,2,Nighttime,NO,"1282,2015040403,40403,2,2,1,2,13,MARICOPA,370,PHOENIX,4,6,0,Not a Collision with Motor Vehicle In-Transport,1,6,Dark - Unknown Lighting,99,Unknown,2,Nighttime,NO"
1283,2015040406,40406,1,1,1,1,13,MARICOPA,370,PHOENIX,9,6,0,Not a Collision with Motor Vehicle In-Transport,1,1,Daylight,99,Unknown,1,Daytime,NO,"1283,2015040406,40406,1,1,1,1,13,MARICOPA,370,PHOENIX,9,6,0,Not a Collision with Motor Vehicle In-Transport,1,1,Daylight,99,Unknown,1,Daytime,NO"
1284,2015040409,40409,1,1,0,2,25,YAVAPAI,0,NONE LISTED,12,6,0,Not a Collision with Motor Vehicle In-Transport,4,3,Dark - Lighted,1,Clear,2,Nighttime,NO,"1284,2015040409,40409,1,1,0,2,25,YAVAPAI,0,NONE LISTED,12,6,0,Not a Collision with Motor Vehicle In-Transport,4,3,Dark - Lighted,1,Clear,2,Nighttime,NO"
1285,2015040411,40411,1,1,1,1,13,MARICOPA,370,PHOENIX,16,6,0,Not a Collision with Motor Vehicle In-Transport,1,3,Dark - Lighted,1,Clear,2,Nighttime,YES,"1285,2015040411,40411,1,1,1,1,13,MARICOPA,370,PHOENIX,16,6,0,Not a Collision with Motor Vehicle In-Transport,1,3,Dark - Lighted,1,Clear,2,Nighttime,YES"
1286,2015040412,40412,1,1,1,1,9,GRAHAM,0,NONE LISTED,18,6,0,Not a Collision with Motor Vehicle In-Transport,1,6,Dark - Unknown Lighting,99,Unknown,2,Nighttime,NO,"1286,2015040412,40412,1,1,1,1,9,GRAHAM,0,NONE LISTED,18,6,0,Not a Collision with Motor Vehicle In-Transport,1,6,Dark - Unknown Lighting,99,Unknown,2,Nighttime,NO"
1287,2015040413,40413,2,2,0,3,13,MARICOPA,370,PHOENIX,19,6,6,Angle,1,1,Daylight,1,Clear,1,Daytime,YES,"1287,2015040413,40413,2,2,0,3,13,MARICOPA,370,PHOENIX,19,6,6,Angle,1,1,Daylight,1,Clear,1,Daytime,YES"
1288,2015040416,40416,1,1,0,1,1,APACHE,0,NONE LISTED,24,6,0,Not a Collision with Motor Vehicle In-Transport,99,6,Dark - Unknown Lighting,99,Unknown,2,Nighttime,NO,"1288,2015040416,40416,1,1,0,1,1,APACHE,0,NONE LISTED,24,6,0,Not a Collision with Motor Vehicle In-Transport,99,6,Dark - Unknown Lighting,99,Unknown,2,Nighttime,NO"
1289,2015040421,40421,2,2,0,3,13,MARICOPA,370,PHOENIX,27,6,2,Front-to-Front,1,3,Dark - Lighted,1,Clear,2,Nighttime,NO,"1289,2015040421,40421,2,2,0,3,13,MARICOPA,370,PHOENIX,27,6,2,Front-to-Front,1,3,Dark - Lighted,1,Clear,2,Nighttime,NO"
1290,2015040422,40422,2,2,0,5,13,MARICOPA,370,PHOENIX,28,6,6,Angle,1,1,Daylight,1,Clear,1,Daytime,NO,"1290,2015040422,40422,2,2,0,5,13,MARICOPA,370,PHOENIX,28,6,6,Angle,1,1,Daylight,1,Clear,1,Daytime,NO"
1291,2015040423,40423,1,1,0,4,15,MOHAVE,0,NONE LISTED,30,6,0,Not a Collision with Motor Vehicle In-Transport,4,1,Daylight,1,Clear,2,Nighttime,YES,"1291,2015040423,40423,1,1,0,4,15,MOHAVE,0,NONE LISTED,30,6,0,Not a Collision with Motor Vehicle In-Transport,4,1,Daylight,1,Clear,2,Nighttime,YES"
1292,2015040427,40427,3,3,0,5,27,YUMA,0,NONE LISTED,3,7,6,Angle,1,1,Daylight,10,Cloudy,1,Daytime,YES,"1292,2015040427,40427,3,3,0,5,27,YUMA,0,NONE LISTED,3,7,6,Angle,1,1,Daylight,10,Cloudy,1,Daytime,YES"
1293,2015040432,40432,1,1,0,1,15,MOHAVE,268,LAKE HAVASU CITY,8,7,0,Not a Collision with Motor Vehicle In-Transport,1,1,Daylight,1,Clear,1,Daytime,NO,"1293,2015040432,40432,1,1,0,1,15,MOHAVE,268,LAKE HAVASU CITY,8,7,0,Not a Collision with Motor Vehicle In-Transport,1,1,Daylight,1,Clear,1,Daytime,NO"
1294,2015040443,40443,1,1,0,2,27,YUMA,620,YUMA,24,7,0,Not a Collision with Motor Vehicle In-Transport,4,3,Dark - Lighted,1,Clear,2,Nighttime,NO,"1294,2015040443,40443,1,1,0,2,27,YUMA,620,YUMA,24,7,0,Not a Collision with Motor Vehicle In-Transport,4,3,Dark - Lighted,1,Clear,2,Nighttime,NO"
1295,2015040446,40446,2,2,0,10,13,MARICOPA,368,PEORIA,26,7,6,Angle,1,1,Daylight,1,Clear,1,Daytime,NO,"1295,2015040446,40446,2,2,0,10,13,MARICOPA,368,PEORIA,26,7,6,Angle,1,1,Daylight,1,Clear,1,Daytime,NO"
1296,2015040447,40447,1,1,0,4,19,PIMA,530,TUCSON,27,7,0,Not a Collision with Motor Vehicle In-Transport,4,3,Dark - Lighted,1,Clear,2,Nighttime,NO,"1296,2015040447,40447,1,1,0,4,19,PIMA,530,TUCSON,27,7,0,Not a Collision with Motor Vehicle In-Transport,4,3,Dark - Lighted,1,Clear,2,Nighttime,NO"
1297,2015040449,40449,2,2,0,3,13,MARICOPA,368,PEORIA,28,7,2,Front-to-Front,1,1,Daylight,1,Clear,1,Daytime,YES,"1297,2015040449,40449,2,2,0,3,13,MARICOPA,368,PEORIA,28,7,2,Front-to-Front,1,1,Daylight,1,Clear,1,Daytime,YES"
1298,2015040457,40457,1,1,0,2,21,PINAL,110,COOLIDGE,19,6,0,Not a Collision with Motor Vehicle In-Transport,4,1,Daylight,1,Clear,1,Daytime,NO,"1298,2015040457,40457,1,1,0,2,21,PINAL,110,COOLIDGE,19,6,0,Not a Collision with Motor Vehicle In-Transport,4,1,Daylight,1,Clear,1,Daytime,NO"
1299,2015040459,40459,1,1,0,1,1,APACHE,0,NONE LISTED,3,7,0,Not a Collision with Motor Vehicle In-Transport,4,1,Daylight,1,Clear,1,Daytime,NO,"1299,2015040459,40459,1,1,0,1,1,APACHE,0,NONE LISTED,3,7,0,Not a Collision with Motor Vehicle In-Transport,4,1,Daylight,1,Clear,1,Daytime,NO"
1300,2015040461,40461,1,1,0,1,23,SANTA CRUZ,0,NONE LISTED,5,7,0,Not a Collision with Motor Vehicle In-Transport,4,4,Dawn,10,Cloudy,2,Nighttime,YES,"1300,2015040461,40461,1,1,0,1,23,SANTA CRUZ,0,NONE LISTED,5,7,0,Not a Collision with Motor Vehicle In-Transport,4,4,Dawn,10,Cloudy,2,Nighttime,YES"
1301,2015040464,40464,1,1,0,1,19,PIMA,0,NONE LISTED,11,7,0,Not a Collision with Motor Vehicle In-Transport,4,1,Daylight,1,Clear,1,Daytime,NO,"1301,2015040464,40464,1,1,0,1,19,PIMA,0,NONE LISTED,11,7,0,Not a Collision with Motor Vehicle In-Transport,4,1,Daylight,1,Clear,1,Daytime,NO"
1302,2015040465,40465,1,1,0,1,21,PINAL,0,NONE LISTED,22,7,0,Not a Collision with Motor Vehicle In-Transport,4,2,Dark - Not Lighted,1,Clear,2,Nighttime,NO,"1302,2015040465,40465,1,1,0,1,21,PINAL,0,NONE LISTED,22,7,0,Not a Collision with Motor Vehicle In-Transport,4,2,Dark - Not Lighted,1,Clear,2,Nighttime,NO"
1303,2015040466,40466,1,1,0,4,25,YAVAPAI,423,SELIGMAN,23,7,0,Not a Collision with Motor Vehicle In-Transport,1,2,Dark - Not Lighted,1,Clear,2,Nighttime,NO,"1303,2015040466,40466,1,1,0,4,25,YAVAPAI,423,SELIGMAN,23,7,0,Not a Collision with Motor Vehicle In-Transport,1,2,Dark - Not Lighted,1,Clear,2,Nighttime,NO"
1304,2015040469,40469,1,1,1,1,9,GRAHAM,0,NONE LISTED,2,7,0,Not a Collision with Motor Vehicle In-Transport,99,6,Dark - Unknown Lighting,99,Unknown,2,Nighttime,NO,"1304,2015040469,40469,1,1,1,1,9,GRAHAM,0,NONE LISTED,2,7,0,Not a Collision with Motor Vehicle In-Transport,99,6,Dark - Unknown Lighting,99,Unknown,2,Nighttime,NO"
1305,2015040470,40470,2,2,0,7,17,NAVAJO,0,NONE LISTED,2,7,6,Angle,1,1,Daylight,1,Clear,1,Daytime,YES,"1305,2015040470,40470,2,2,0,7,17,NAVAJO,0,NONE LISTED,2,7,6,Angle,1,1,Daylight,1,Clear,1,Daytime,YES"
1306,2015040471,40471,1,1,1,1,13,MARICOPA,200,GLENDALE,4,7,0,Not a Collision with Motor Vehicle In-Transport,99,6,Dark - Unknown Lighting,99,Unknown,2,Nighttime,YES,"1306,2015040471,40471,1,1,1,1,13,MARICOPA,200,GLENDALE,4,7,0,Not a Collision with Motor Vehicle In-Transport,99,6,Dark - Unknown Lighting,99,Unknown,2,Nighttime,YES"
1307,2015040474,40474,2,2,0,2,13,MARICOPA,370,PHOENIX,7,7,2,Front-to-Front,1,1,Daylight,1,Clear,1,Daytime,YES,"1307,2015040474,40474,2,2,0,2,13,MARICOPA,370,PHOENIX,7,7,2,Front-to-Front,1,1,Daylight,1,Clear,1,Daytime,YES"
1308,2015040476,40476,1,1,0,2,1,APACHE,0,NONE LISTED,11,7,0,Not a Collision with Motor Vehicle In-Transport,1,9,Unknown,99,Unknown,3,Unknown,YES,"1308,2015040476,40476,1,1,0,2,1,APACHE,0,NONE LISTED,11,7,0,Not a Collision with Motor Vehicle In-Transport,1,9,Unknown,99,Unknown,3,Unknown,YES"
1309,2015040477,40477,2,2,0,2,13,MARICOPA,0,NONE LISTED,10,7,99,Unknown,1,5,Dusk,10,Cloudy,2,Nighttime,YES,"1309,2015040477,40477,2,2,0,2,13,MARICOPA,0,NONE LISTED,10,7,99,Unknown,1,5,Dusk,10,Cloudy,2,Nighttime,YES"
1310,2015040478,40478,1,1,0,1,1,APACHE,0,NONE LISTED,16,7,0,Not a Collision with Motor Vehicle In-Transport,99,9,Unknown,99,Unknown,2,Nighttime,YES,"1310,2015040478,40478,1,1,0,1,1,APACHE,0,NONE LISTED,16,7,0,Not a Collision with Motor Vehicle In-Transport,99,9,Unknown,99,Unknown,2,Nighttime,YES"
1311,2015040480,40480,1,1,0,1,13,MARICOPA,200,GLENDALE,22,7,0,Not a Collision with Motor Vehicle In-Transport,4,1,Daylight,99,Unknown,1,Daytime,NO,"1311,2015040480,40480,1,1,0,1,13,MARICOPA,200,GLENDALE,22,7,0,Not a Collision with Motor Vehicle In-Transport,4,1,Daylight,99,Unknown,1,Daytime,NO"
1312,2015040481,40481,1,1,1,1,13,MARICOPA,370,PHOENIX,23,7,0,Not a Collision with Motor Vehicle In-Transport,1,6,Dark - Unknown Lighting,99,Unknown,2,Nighttime,YES,"1312,2015040481,40481,1,1,1,1,13,MARICOPA,370,PHOENIX,23,7,0,Not a Collision with Motor Vehicle In-Transport,1,6,Dark - Unknown Lighting,99,Unknown,2,Nighttime,YES"
1313,2015040482,40482,1,1,1,0,13,MARICOPA,0,NONE LISTED,24,7,0,Not a Collision with Motor Vehicle In-Transport,1,1,Daylight,1,Clear,1,Daytime,NO,"1313,2015040482,40482,1,1,1,0,13,MARICOPA,0,NONE LISTED,24,7,0,Not a Collision with Motor Vehicle In-Transport,1,1,Daylight,1,Clear,1,Daytime,NO"
1314,2015040485,40485,1,1,0,1,13,MARICOPA,0,NONE LISTED,26,7,0,Not a Collision with Motor Vehicle In-Transport,4,3,Dark - Lighted,1,Clear,2,Nighttime,NO,"1314,2015040485,40485,1,1,0,1,13,MARICOPA,0,NONE LISTED,26,7,0,Not a Collision with Motor Vehicle In-Transport,4,3,Dark - Lighted,1,Clear,2,Nighttime,NO"
1315,2015040486,40486,1,1,0,2,1,APACHE,0,NONE LISTED,26,7,0,Not a Collision with Motor Vehicle In-Transport,1,6,Dark - Unknown Lighting,99,Unknown,2,Nighttime,NO,"1315,2015040486,40486,1,1,0,2,1,APACHE,0,NONE LISTED,26,7,0,Not a Collision with Motor Vehicle In-Transport,1,6,Dark - Unknown Lighting,99,Unknown,2,Nighttime,NO"
1316,2015040488,40488,2,2,0,5,13,MARICOPA,0,NONE LISTED,29,7,0,Not a Collision with Motor Vehicle In-Transport,1,1,Daylight,1,Clear,1,Daytime,NO,"1316,2015040488,40488,2,2,0,5,13,MARICOPA,0,NONE LISTED,29,7,0,Not a Collision with Motor Vehicle In-Transport,1,1,Daylight,1,Clear,1,Daytime,NO"
1317,2015040489,40489,1,1,0,2,1,APACHE,0,NONE LISTED,30,7,0,Not a Collision with Motor Vehicle In-Transport,4,1,Daylight,2,Rain,2,Nighttime,NO,"1317,2015040489,40489,1,1,0,2,1,APACHE,0,NONE LISTED,30,7,0,Not a Collision with Motor Vehicle In-Transport,4,1,Daylight,2,Rain,2,Nighttime,NO"
1318,2015040490,40490,1,1,1,2,13,MARICOPA,370,PHOENIX,30,7,0,Not a Collision with Motor Vehicle In-Transport,1,6,Dark - Unknown Lighting,99,Unknown,2,Nighttime,YES,"1318,2015040490,40490,1,1,1,2,13,MARICOPA,370,PHOENIX,30,7,0,Not a Collision with Motor Vehicle In-Transport,1,6,Dark - Unknown Lighting,99,Unknown,2,Nighttime,YES"
1319,2015040491,40491,2,2,0,7,17,NAVAJO,0,NONE LISTED,4,5,6,Angle,1,1,Daylight,2,Rain,2,Nighttime,YES,"1319,2015040491,40491,2,2,0,7,17,NAVAJO,0,NONE LISTED,4,5,6,Angle,1,1,Daylight,2,Rain,2,Nighttime,YES"
1320,2015040492,40492,2,2,1,2,13,MARICOPA,200,GLENDALE,16,7,0,Not a Collision with Motor Vehicle In-Transport,1,3,Dark - Lighted,1,Clear,2,Nighttime,YES,"1320,2015040492,40492,2,2,1,2,13,MARICOPA,200,GLENDALE,16,7,0,Not a Collision with Motor Vehicle In-Transport,1,3,Dark - Lighted,1,Clear,2,Nighttime,YES"
1321,2015040493,40493,1,1,0,1,13,MARICOPA,420,SCOTTSDALE,21,5,0,Not a Collision with Motor Vehicle In-Transport,4,1,Daylight,1,Clear,1,Daytime,YES,"1321,2015040493,40493,1,1,0,1,13,MARICOPA,420,SCOTTSDALE,21,5,0,Not a Collision with Motor Vehicle In-Transport,4,1,Daylight,1,Clear,1,Daytime,YES"
1322,2015040494,40494,1,1,0,1,17,NAVAJO,0,NONE LISTED,3,6,0,Not a Collision with Motor Vehicle In-Transport,4,4,Dawn,1,Clear,2,Nighttime,NO,"1322,2015040494,40494,1,1,0,1,17,NAVAJO,0,NONE LISTED,3,6,0,Not a Collision with Motor Vehicle In-Transport,4,4,Dawn,1,Clear,2,Nighttime,NO"
1323,2015040495,40495,3,3,0,11,17,NAVAJO,0,NONE LISTED,12,7,2,Front-to-Front,1,1,Daylight,10,Cloudy,1,Daytime,NO,"1323,2015040495,40495,3,3,0,11,17,NAVAJO,0,NONE LISTED,12,7,2,Front-to-Front,1,1,Daylight,10,Cloudy,1,Daytime,NO"