index,accident_id,ST_CASE,VE_TOTAL,VE_FORMS,PEDS,PERSONS,COUNTY,county_name,CITY,city_name,DAY,MONTH,MAN_COLL,man_coll_lit,REL_ROAD,LGT_COND,lgt_cond_lit,WEATHER,weather_lit,A_TOD,a_tod_lit,DEAD,concatenated
1324,2015040497,40497,1,1,0,3,13,MARICOPA,370,PHOENIX,1,8,0,Not a Collision with Motor Vehicle In-Transport,1,3,Dark - Lighted,1,Clear,2,Nighttime,NO,"1324,2015040497,40497,1,1,0,3,13,MARICOPA,370,PHOENIX,1,8,0,Not a Collision with Motor Vehicle In-Transport,1,3,Dark - Lighted,1,Clear,2,Nighttime,NO"
1325,2015040498,40498,2,2,0,2,13,MARICOPA,0,NONE LISTED,1,8,2,Front-to-Front,1,1,Daylight,1,Clear,1,Daytime,YES,"1325,2015040498,40498,2,2,0,2,13,MARICOPA,0,NONE LISTED,1,8,2,Front-to-Front,1,1,Daylight,1,Clear,1,Daytime,YES"
1326,2015040499,40499,1,1,0,3,27,YUMA,620,YUMA,1,8,0,Not a Collision with Motor Vehicle In-Transport,4,3,Dark - Lighted,1,Clear,2,Nighttime,NO,"1326,2015040499,40499,1,1,0,3,27,YUMA,620,YUMA,1,8,0,Not a Collision with Motor Vehicle In-Transport,4,3,Dark - Lighted,1,Clear,2,Nighttime,NO"
1327,2015040502,40502,1,1,0,2,13,MARICOPA,368,PEORIA,3,8,0,Not a Collision with Motor Vehicle In-Transport,4,3,Dark - Lighted,1,Clear,2,Nighttime,NO,"1327,2015040502,40502,1,1,0,2,13,MARICOPA,368,PEORIA,3,8,0,Not a Collision with Motor Vehicle In-Transport,4,3,Dark - Lighted,1,Clear,2,Nighttime,NO"
1328,2015040503,40503,1,1,1,3,13,MARICOPA,368,PEORIA,4,8,0,Not a Collision with Motor Vehicle In-Transport,1,3,Dark - Lighted,1,Clear,2,Nighttime,NO,"1328,2015040503,40503,1,1,1,3,13,MARICOPA,368,PEORIA,4,8,0,Not a Collision with Motor Vehicle In-Transport,1,3,Dark - Lighted,1,Clear,2,Nighttime,NO"
1329,2015040508,40508,1,1,0,1,7,GILA,0,NONE LISTED,8,8,0,Not a Collision with Motor Vehicle In-Transport,4,1,Daylight,1,Clear,1,Daytime,NO,"1329,2015040508,40508,1,1,0,1,7,GILA,0,NONE LISTED,8,8,0,Not a Collision with Motor Vehicle In-Transport,4,1,Daylight,1,Clear,1,Daytime,NO"
1330,2015040513,40513,1,1,0,1,25,YAVAPAI,0,NONE LISTED,12,8,0,Not a Collision with Motor Vehicle In-Transport,4,2,Dark - Not Lighted,99,Unknown,2,Nighttime,YES,"1330,2015040513,40513,1,1,0,1,25,YAVAPAI,0,NONE LISTED,12,8,0,Not a Collision with Motor Vehicle In-Transport,4,2,Dark - Not Lighted,99,Unknown,2,Nighttime,YES"
1331,2015040516,40516,1,1,0,5,7,GILA,0,NONE LISTED,15,8,0,Not a Collision with Motor Vehicle In-Transport,1,2,Dark - Not Lighted,1,Clear,2,Nighttime,YES,"1331,2015040516,40516,1,1,0,5,7,GILA,0,NONE LISTED,15,8,0,Not a Collision with Motor Vehicle In-Transport,1,2,Dark - Not Lighted,1,Clear,2,Nighttime,YES"
1332,2015040518,40518,1,1,0,1,13,MARICOPA,290,MESA,16,8,0,Not a Collision with Motor Vehicle In-Transport,4,3,Dark - Lighted,1,Clear,2,Nighttime,YES,"1332,2015040518,40518,1,1,0,1,13,MARICOPA,290,MESA,16,8,0,Not a Collision with Motor Vehicle In-Transport,4,3,Dark - Lighted,1,Clear,2,Nighttime,YES"
1333,2015040521,40521,2,2,0,2,13,MARICOPA,370,PHOENIX,17,8,6,Angle,1,1,Daylight,1,Clear,1,Daytime,NO,"1333,2015040521,40521,2,2,0,2,13,MARICOPA,370,PHOENIX,17,8,6,Angle,1,1,Daylight,1,Clear,1,Daytime,NO"
1334,2015040522,40522,2,2,0,2,15,MOHAVE,0,NONE LISTED,20,8,2,Front-to-Front,4,1,Daylight,1,Clear,2,Nighttime,NO,"1334,2015040522,40522,2,2,0,2,15,MOHAVE,0,NONE LISTED,20,8,2,Front-to-Front,4,1,Daylight,1,Clear,2,Nighttime,NO"
1335,2015040524,40524,1,1,1,1,13,MARICOPA,368,PEORIA,20,8,0,Not a Collision with Motor Vehicle In-Transport,1,3,Dark - Lighted,1,Clear,2,Nighttime,NO,"1335,2015040524,40524,1,1,1,1,13,MARICOPA,368,PEORIA,20,8,0,Not a Collision with Motor Vehicle In-Transport,1,3,Dark - Lighted,1,Clear,2,Nighttime,NO"
1336,2015040525,40525,2,2,0,9,3,COCHISE,0,NONE LISTED,21,8,6,Angle,1,4,Dawn,1,Clear,1,Daytime,YES,"1336,2015040525,40525,2,2,0,9,3,COCHISE,0,NONE LISTED,21,8,6,Angle,1,4,Dawn,1,Clear,1,Daytime,YES"
1337,2015040527,40527,2,2,0,5,21,PINAL,110,COOLIDGE,21,8,6,Angle,1,1,Daylight,1,Clear,1,Daytime,YES,"1337,2015040527,40527,2,2,0,5,21,PINAL,110,COOLIDGE,21,8,6,Angle,1,1,Daylight,1,Clear,1,Daytime,YES"
1338,2015040528,40528,2,2,0,2,1,APACHE,0,NONE LISTED,21,8,1,Front-to-Rear,1,1,Daylight,1,Clear,2,Nighttime,YES,"1338,2015040528,40528,2,2,0,2,1,APACHE,0,NONE LISTED,21,8,1,Front-to-Rear,1,1,Daylight,1,Clear,2,Nighttime,YES"
1339,2015040529,40529,1,1,0,1,17,NAVAJO,0,NONE LISTED,22,8,0,Not a Collision with Motor Vehicle In-Transport,4,1,Daylight,10,Cloudy,1,Daytime,NO,"1339,2015040529,40529,1,1,0,1,17,NAVAJO,0,NONE LISTED,22,8,0,Not a Collision with Motor Vehicle In-Transport,4,1,Daylight,10,Cloudy,1,Daytime,NO"
1340,2015040530,40530,1,1,0,2,21,PINAL,297,MARICOPA WELLS,22,8,0,Not a Collision with Motor Vehicle In-Transport,4,3,Dark - Lighted,1,Clear,2,Nighttime,NO,"1340,2015040530,40530,1,1,0,2,21,PINAL,297,MARICOPA WELLS,22,8,0,Not a Collision with Motor Vehicle In-Transport,4,3,Dark - Lighted,1,Clear,2,Nighttime,NO"
1341,2015040545,40545,1,1,1,2,13,MARICOPA,200,GLENDALE,5,8,0,Not a Collision with Motor Vehicle In-Transport,1,1,Daylight,1,Clear,1,Daytime,YES,"1341,2015040545,40545,1,1,1,2,13,MARICOPA,200,GLENDALE,5,8,0,Not a Collision with Motor Vehicle In-Transport,1,1,Daylight,1,Clear,1,Daytime,YES"
1342,2015040546,40546,2,2,0,5,13,MARICOPA,370,PHOENIX,6,8,6,Angle,1,1,Daylight,99,Unknown,1,Daytime,YES,"1342,2015040546,40546,2,2,0,5,13,MARICOPA,370,PHOENIX,6,8,6,Angle,1,1,Daylight,99,Unknown,1,Daytime,YES"
1343,2015040550,40550,1,1,0,4,13,MARICOPA,0,NONE LISTED,14,8,0,Not a Collision with Motor Vehicle In-Transport,4,1,Daylight,10,Cloudy,1,Daytime,NO,"1343,2015040550,40550,1,1,0,4,13,MARICOPA,0,NONE LISTED,14,8,0,Not a Collision with Motor Vehicle In-Transport,4,1,Daylight,10,Cloudy,1,Daytime,NO"
1344,2015040551,40551,2,2,0,7,1,APACHE,0,NONE LISTED,13,8,2,Front-to-Front,1,1,Daylight,1,Clear,1,Daytime,YES,"1344,2015040551,40551,2,2,0,7,1,APACHE,0,NONE LISTED,13,8,2,Front-to-Front,1,1,Daylight,1,Clear,1,Daytime,YES"
1345,2015040552,40552,2,2,0,7,17,NAVAJO,566,WHITE MOUNTAIN LAKE,15,8,2,Front-to-Front,1,5,Dusk,1,Clear,2,Nighttime,NO,"1345,2015040552,40552,2,2,0,7,17,NAVAJO,566,WHITE MOUNTAIN LAKE,15,8,2,Front-to-Front,1,5,Dusk,1,Clear,2,Nighttime,NO"
1346,2015040554,40554,2,2,0,3,13,MARICOPA,370,PHOENIX,18,8,6,Angle,1,3,Dark - Lighted,1,Clear,2,Nighttime,YES,"1346,2015040554,40554,2,2,0,3,13,MARICOPA,370,PHOENIX,18,8,6,Angle,1,3,Dark - Lighted,1,Clear,2,Nighttime,YES"
1347,2015040556,40556,2,2,0,3,17,NAVAJO,0,NONE LISTED,20,8,99,Unknown,1,1,Daylight,99,Unknown,1,Daytime,NO,"1347,2015040556,40556,2,2,0,3,17,NAVAJO,0,NONE LISTED,20,8,99,Unknown,1,1,Daylight,99,Unknown,1,Daytime,NO"
1348,2015040558,40558,1,1,0,3,1,APACHE,0,NONE LISTED,23,8,0,Not a Collision with Motor Vehicle In-Transport,6,4,Dawn,1,Clear,2,Nighttime,YES,"1348,2015040558,40558,1,1,0,3,1,APACHE,0,NONE LISTED,23,8,0,Not a Collision with Motor Vehicle In-Transport,6,4,Dawn,1,Clear,2,Nighttime,YES"
1349,2015040559,40559,1,1,0,1,13,MARICOPA,0,NONE LISTED,23,8,0,Not a Collision with Motor Vehicle In-Transport,4,3,Dark - Lighted,1,Clear,2,Nighttime,YES,"1349,2015040559,40559,1,1,0,1,13,MARICOPA,0,NONE LISTED,23,8,0,Not a Collision with Motor Vehicle In-Transport,4,3,Dark - Lighted,1,Clear,2,Nighttime,YES"
1350,2015040560,40560,1,1,0,1,13,MARICOPA,0,NONE LISTED,24,8,0,Not a Collision with Motor Vehicle In-Transport,4,2,Dark - Not Lighted,1,Clear,2,Nighttime,NO,"1350,2015040560,40560,1,1,0,1,13,MARICOPA,0,NONE LISTED,24,8,0,Not a Collision with Motor Vehicle In-Transport,4,2,Dark - Not Lighted,1,Clear,2,Nighttime,NO"
1351,2015040561,40561,1,1,0,3,17,NAVAJO,565,WHITERIVER,27,8,0,Not a Collision with Motor Vehicle In-Transport,1,1,Daylight,99,Unknown,1,Daytime,NO,"1351,2015040561,40561,1,1,0,3,17,NAVAJO,565,WHITERIVER,27,8,0,Not a Collision with Motor Vehicle In-Transport,1,1,Daylight,99,Unknown,1,Daytime,NO"
1352,2015040562,40562,1,1,0,1,13,MARICOPA,370,PHOENIX,29,8,0,Not a Collision with Motor Vehicle In-Transport,4,6,Dark - Unknown Lighting,99,Unknown,2,Nighttime,NO,"1352,2015040562,40562,1,1,0,1,13,MARICOPA,370,PHOENIX,29,8,0,Not a Collision with Motor Vehicle In-Transport,4,6,Dark - Unknown Lighting,99,Unknown,2,Nighttime,NO"
1353,2015040563,40563,1,1,2,1,1,APACHE,0,NONE LISTED,30,8,0,Not a Collision with Motor Vehicle In-Transport,1,2,Dark - Not Lighted,1,Clear,2,Nighttime,YES,"1353,2015040563,40563,1,1,2,1,1,APACHE,0,NONE LISTED,30,8,0,Not a Collision with Motor Vehicle In-Transport,1,2,Dark - Not Lighted,1,Clear,2,Nighttime,YES"
1354,2015040566,40566,1,1,0,1,21,PINAL,0,NONE LISTED,6,9,0,Not a Collision with Motor Vehicle In-Transport,4,1,Daylight,10,Cloudy,1,Daytime,NO,"1354,2015040566,40566,1,1,0,1,21,PINAL,0,NONE LISTED,6,9,0,Not a Collision with Motor Vehicle In-Transport,4,1,Daylight,10,Cloudy,1,Daytime,NO"
1355,2015040570,40570,1,1,1,1,27,YUMA,620,YUMA,8,9,0,Not a Collision with Motor Vehicle In-Transport,1,4,Dawn,1,Clear,1,Daytime,NO,"1355,2015040570,40570,1,1,1,1,27,YUMA,620,YUMA,8,9,0,Not a Collision with Motor Vehicle In-Transport,1,4,Dawn,1,Clear,1,Daytime,NO"
1356,2015040573,40573,1,1,0,1,5,COCONINO,0,NONE LISTED,12,9,0,Not a Collision with Motor Vehicle In-Transport,4,1,Daylight,1,Clear,1,Daytime,YES,"1356,2015040573,40573,1,1,0,1,5,COCONINO,0,NONE LISTED,12,9,0,Not a Collision with Motor Vehicle In-Transport,4,1,Daylight,1,Clear,1,Daytime,YES"
1357,2015040575,40575,1,1,1,1,21,PINAL,160,ELOY,12,9,0,Not a Collision with Motor Vehicle In-Transport,1,2,Dark - Not Lighted,10,Cloudy,2,Nighttime,YES,"1357,2015040575,40575,1,1,1,1,21,PINAL,160,ELOY,12,9,0,Not a Collision with Motor Vehicle In-Transport,1,2,Dark - Not Lighted,10,Cloudy,2,Nighttime,YES"
1358,2015040576,40576,1,1,2,1,19,PIMA,530,TUCSON,12,9,0,Not a Collision with Motor Vehicle In-Transport,1,2,Dark - Not Lighted,1,Clear,2,Nighttime,YES,"1358,2015040576,40576,1,1,2,1,19,PIMA,530,TUCSON,12,9,0,Not a Collision with Motor Vehicle In-Transport,1,2,Dark - Not Lighted,1,Clear,2,Nighttime,YES"
1359,2015040577,40577,1,1,1,1,13,MARICOPA,370,PHOENIX,15,9,0,Not a Collision with Motor Vehicle In-Transport,1,1,Daylight,1,Clear,1,Daytime,YES,"1359,2015040577,40577,1,1,1,1,13,MARICOPA,370,PHOENIX,15,9,0,Not a Collision with Motor Vehicle In-Transport,1,1,Daylight,1,Clear,1,Daytime,YES"
1360,2015040582,40582,2,2,0,2,19,PIMA,530,TUCSON,21,9,6,Angle,1,3,Dark - Lighted,10,Cloudy,2,Nighttime,YES,"1360,2015040582,40582,2,2,0,2,19,PIMA,530,TUCSON,21,9,6,Angle,1,3,Dark - Lighted,10,Cloudy,2,Nighttime,YES"
1361,2015040585,40585,1,1,1,1,21,PINAL,22,APACHE JUNCTION,26,9,0,Not a Collision with Motor Vehicle In-Transport,1,2,Dark - Not Lighted,1,Clear,2,Nighttime,YES,"1361,2015040585,40585,1,1,1,1,21,PINAL,22,APACHE JUNCTION,26,9,0,Not a Collision with Motor Vehicle In-Transport,1,2,Dark - Not Lighted,1,Clear,2,Nighttime,YES"
1362,2015040589,40589,2,2,0,4,15,MOHAVE,260,KINGMAN,4,9,6,Angle,1,1,Daylight,1,Clear,1,Daytime,NO,"1362,2015040589,40589,2,2,0,4,15,MOHAVE,260,KINGMAN,4,9,6,Angle,1,1,Daylight,1,Clear,1,Daytime,NO"
1363,2015040590,40590,2,1,0,1,7,GILA,365,PAYSON,5,9,0,Not a Collision with Motor Vehicle In-Transport,4,3,Dark - Lighted,1,Clear,2,Nighttime,YES,"1363,2015040590,40590,2,1,0,1,7,GILA,365,PAYSON,5,9,0,Not a Collision with Motor Vehicle In-Transport,4,3,Dark - Lighted,1,Clear,2,Nighttime,YES"
1364,2015040592,40592,1,1,1,1,13,MARICOPA,370,PHOENIX,19,9,0,Not a Collision with Motor Vehicle In-Transport,1,5,Dusk,1,Clear,2,Nighttime,YES,"1364,2015040592,40592,1,1,1,1,13,MARICOPA,370,PHOENIX,19,9,0,Not a Collision with Motor Vehicle In-Transport,1,5,Dusk,1,Clear,2,Nighttime,YES"
1365,2015040593,40593,2,2,0,3,19,PIMA,530,TUCSON,22,9,6,Angle,1,1,Daylight,1,Clear,2,Nighttime,NO,"1365,2015040593,40593,2,2,0,3,19,PIMA,530,TUCSON,22,9,6,Angle,1,1,Daylight,1,Clear,2,Nighttime,NO"
1366,2015040596,40596,2,2,0,2,21,PINAL,70,CASA GRANDE,6,9,0,Not a Collision with Motor Vehicle In-Transport,1,3,Dark - Lighted,1,Clear,2,Nighttime,NO,"1366,2015040596,40596,2,2,0,2,21,PINAL,70,CASA GRANDE,6,9,0,Not a Collision with Motor Vehicle In-Transport,1,3,Dark - Lighted,1,Clear,2,Nighttime,NO"
1367,2015040597,40597,1,1,1,1,27,YUMA,620,YUMA,24,9,0,Not a Collision with Motor Vehicle In-Transport,1,2,Dark - Not Lighted,1,Clear,2,Nighttime,NO,"1367,2015040597,40597,1,1,1,1,27,YUMA,620,YUMA,24,9,0,Not a Collision with Motor Vehicle In-Transport,1,2,Dark - Not Lighted,1,Clear,2,Nighttime,NO"
1368,2015040598,40598,1,1,0,2,7,GILA,416,SAN CARLOS,2,9,0,Not a Collision with Motor Vehicle In-Transport,99,1,Daylight,99,Unknown,1,Daytime,NO,"1368,2015040598,40598,1,1,0,2,7,GILA,416,SAN CARLOS,2,9,0,Not a Collision with Motor Vehicle In-Transport,99,1,Daylight,99,Unknown,1,Daytime,NO"
1369,2015040599,40599,1,1,1,1,1,APACHE,0,NONE LISTED,4,9,0,Not a Collision with Motor Vehicle In-Transport,1,6,Dark - Unknown Lighting,99,Unknown,2,Nighttime,YES,"1369,2015040599,40599,1,1,1,1,1,APACHE,0,NONE LISTED,4,9,0,Not a Collision with Motor Vehicle In-Transport,1,6,Dark - Unknown Lighting,99,Unknown,2,Nighttime,YES"
1370,2015040600,40600,1,1,1,1,21,PINAL,0,NONE LISTED,6,9,0,Not a Collision with Motor Vehicle In-Transport,1,9,Unknown,99,Unknown,3,Unknown,YES,"1370,2015040600,40600,1,1,1,1,21,PINAL,0,NONE LISTED,6,9,0,Not a Collision with Motor Vehicle In-Transport,1,9,Unknown,99,Unknown,3,Unknown,YES"
1371,2015040601,40601,2,2,0,5,13,MARICOPA,0,NONE LISTED,9,9,6,Angle,1,3,Dark - Lighted,10,Cloudy,2,Nighttime,YES,"1371,2015040601,40601,2,2,0,5,13,MARICOPA,0,NONE LISTED,9,9,6,Angle,1,3,Dark - Lighted,10,Cloudy,2,Nighttime,YES"
1372,2015040603,40603,2,2,0,3,7,GILA,416,SAN CARLOS,21,9,99,Unknown,99,1,Daylight,99,Unknown,1,Daytime,NO,"1372,2015040603,40603,2,2,0,3,7,GILA,416,SAN CARLOS,21,9,99,Unknown,99,1,Daylight,99,Unknown,1,Daytime,NO"
1373,2015040604,40604,1,1,1,1,13,MARICOPA,370,PHOENIX,9,9,0,Not a Collision with Motor Vehicle In-Transport,1,3,Dark - Lighted,1,Clear,2,Nighttime,NO,"1373,2015040604,40604,1,1,1,1,13,MARICOPA,370,PHOENIX,9,9,0,Not a Collision with Motor Vehicle In-Transport,1,3,Dark - Lighted,1,Clear,2,Nighttime,NO"
1374,2015040605,40605,1,1,0,1,25,YAVAPAI,0,NONE LISTED,19,9,0,Not a Collision with Motor Vehicle In-Transport,4,1,Daylight,10,Cloudy,1,Daytime,YES,"1374,2015040605,40605,1,1,0,1,25,YAVAPAI,0,NONE LISTED,19,9,0,Not a Collision with Motor Vehicle In-Transport,4,1,Daylight,10,Cloudy,1,Daytime,YES"
1375,2015040606,40606,1,1,1,1,13,MARICOPA,370,PHOENIX,4,9,0,Not a Collision with Motor Vehicle In-Transport,1,6,Dark - Unknown Lighting,99,Unknown,2,Nighttime,YES,"1375,2015040606,40606,1,1,1,1,13,MARICOPA,370,PHOENIX,4,9,0,Not a Collision with Motor Vehicle In-Transport,1,6,Dark - Unknown Lighting,99,Unknown,2,Nighttime,YES"
1376,2015040614,40614,2,2,2,3,13,MARICOPA,370,PHOENIX,27,9,99,Unknown,1,1,Daylight,1,Clear,1,Daytime,NO,"1376,2015040614,40614,2,2,2,3,13,MARICOPA,370,PHOENIX,27,9,99,Unknown,1,1,Daylight,1,Clear,1,Daytime,NO"
1377,2015040616,40616,2,2,0,3,5,COCONINO,0,NONE LISTED,22,4,99,Unknown,99,9,Unknown,99,Unknown,3,Unknown,YES,"1377,2015040616,40616,2,2,0,3,5,COCONINO,0,NONE LISTED,22,4,99,Unknown,99,9,Unknown,99,Unknown,3,Unknown,YES"
1378,2015040617,40617,1,1,1,2,1,APACHE,0,NONE LISTED,14,5,0,Not a Collision with Motor Vehicle In-Transport,1,2,Dark - Not Lighted,10,Cloudy,2,Nighttime,YES,"1378,2015040617,40617,1,1,1,2,1,APACHE,0,NONE LISTED,14,5,0,Not a Collision with Motor Vehicle In-Transport,1,2,Dark - Not Lighted,10,Cloudy,2,Nighttime,YES"
1379,2015040619,40619,1,1,0,1,19,PIMA,530,TUCSON,21,9,0,Not a Collision with Motor Vehicle In-Transport,1,1,Daylight,10,Cloudy,1,Daytime,YES,"1379,2015040619,40619,1,1,0,1,19,PIMA,530,TUCSON,21,9,0,Not a Collision with Motor Vehicle In-Transport,1,1,Daylight,10,Cloudy,1,Daytime,YES"
1380,2015040621,40621,2,2,0,2,7,GILA,0,NONE LISTED,9,9,2,Front-to-Front,1,1,Daylight,1,Clear,1,Daytime,YES,"1380,2015040621,40621,2,2,0,2,7,GILA,0,NONE LISTED,9,9,2,Front-to-Front,1,1,Daylight,1,Clear,1,Daytime,YES"
1381,2015040625,40625,1,1,0,2,12,LA PAZ,0,NONE LISTED,4,10,0,Not a Collision with Motor Vehicle In-Transport,4,4,Dawn,1,Clear,1,Daytime,NO,"1381,2015040625,40625,1,1,0,2,12,LA PAZ,0,NONE LISTED,4,10,0,Not a Collision with Motor Vehicle In-Transport,4,4,Dawn,1,Clear,1,Daytime,NO"
1382,2015040629,40629,1,1,0,1,25,YAVAPAI,386,PRESCOTT,10,10,0,Not a Collision with Motor Vehicle In-Transport,4,2,Dark - Not Lighted,1,Clear,2,Nighttime,YES,"1382,2015040629,40629,1,1,0,1,25,YAVAPAI,386,PRESCOTT,10,10,0,Not a Collision with Motor Vehicle In-Transport,4,2,Dark - Not Lighted,1,Clear,2,Nighttime,YES"
1383,2015040631,40631,1,1,1,1,19,PIMA,530,TUCSON,12,10,0,Not a Collision with Motor Vehicle In-Transport,3,1,Daylight,1,Clear,1,Daytime,NO,"1383,2015040631,40631,1,1,1,1,19,PIMA,530,TUCSON,12,10,0,Not a Collision with Motor Vehicle In-Transport,3,1,Daylight,1,Clear,1,Daytime,NO"
1384,2015040632,40632,1,1,0,1,7,GILA,0,NONE LISTED,12,10,0,Not a Collision with Motor Vehicle In-Transport,4,1,Daylight,1,Clear,1,Daytime,YES,"1384,2015040632,40632,1,1,0,1,7,GILA,0,NONE LISTED,12,10,0,Not a Collision with Motor Vehicle In-Transport,4,1,Daylight,1,Clear,1,Daytime,YES"
1385,2015040634,40634,1,1,0,1,25,YAVAPAI,0,NONE LISTED,13,10,0,Not a Collision with Motor Vehicle In-Transport,4,1,Daylight,10,Cloudy,1,Daytime,YES,"1385,2015040634,40634,1,1,0,1,25,YAVAPAI,0,NONE LISTED,13,10,0,Not a Collision with Motor Vehicle In-Transport,4,1,Daylight,10,Cloudy,1,Daytime,YES"
1386,2015040635,40635,1,1,1,1,5,COCONINO,170,FLAGSTAFF,15,10,0,Not a Collision with Motor Vehicle In-Transport,1,4,Dawn,1,Clear,1,Daytime,NO,"1386,2015040635,40635,1,1,1,1,5,COCONINO,170,FLAGSTAFF,15,10,0,Not a Collision with Motor Vehicle In-Transport,1,4,Dawn,1,Clear,1,Daytime,NO"
1387,2015040636,40636,2,2,0,2,27,YUMA,440,SOMERTON,15,10,2,Front-to-Front,1,2,Dark - Not Lighted,1,Clear,2,Nighttime,NO,"1387,2015040636,40636,2,2,0,2,27,YUMA,440,SOMERTON,15,10,2,Front-to-Front,1,2,Dark - Not Lighted,1,Clear,2,Nighttime,NO"
1388,2015040641,40641,2,2,0,2,15,MOHAVE,59,BULLHEAD CITY,19,10,6,Angle,1,1,Daylight,10,Cloudy,1,Daytime,NO,"1388,2015040641,40641,2,2,0,2,15,MOHAVE,59,BULLHEAD CITY,19,10,6,Angle,1,1,Daylight,10,Cloudy,1,Daytime,NO"
1389,2015040649,40649,2,2,0,2,15,MOHAVE,268,LAKE HAVASU CITY,23,10,6,Angle,1,1,Daylight,1,Clear,1,Daytime,YES,"1389,2015040649,40649,2,2,0,2,15,MOHAVE,268,LAKE HAVASU CITY,23,10,6,Angle,1,1,Daylight,1,Clear,1,Daytime,YES"
1390,2015040652,40652,1,1,1,2,17,NAVAJO,610,WINSLOW,24,10,0,Not a Collision with Motor Vehicle In-Transport,1,2,Dark - Not Lighted,1,Clear,2,Nighttime,NO,"1390,2015040652,40652,1,1,1,2,17,NAVAJO,610,WINSLOW,24,10,0,Not a Collision with Motor Vehicle In-Transport,1,2,Dark - Not Lighted,1,Clear,2,Nighttime,NO"
1391,2015040659,40659,1,1,1,1,1,APACHE,0,NONE LISTED,30,10,0,Not a Collision with Motor Vehicle In-Transport,2,1,Daylight,2,Rain,1,Daytime,YES,"1391,2015040659,40659,1,1,1,1,1,APACHE,0,NONE LISTED,30,10,0,Not a Collision with Motor Vehicle In-Transport,2,1,Daylight,2,Rain,1,Daytime,YES"
1392,2015040662,40662,2,2,0,5,13,MARICOPA,220,GOODYEAR,31,10,6,Angle,1,1,Daylight,1,Clear,1,Daytime,YES,"1392,2015040662,40662,2,2,0,5,13,MARICOPA,220,GOODYEAR,31,10,6,Angle,1,1,Daylight,1,Clear,1,Daytime,YES"
1393,2015040663,40663,2,2,0,3,1,APACHE,0,NONE LISTED,31,10,2,Front-to-Front,1,1,Daylight,1,Clear,1,Daytime,YES,"1393,2015040663,40663,2,2,0,3,1,APACHE,0,NONE LISTED,31,10,2,Front-to-Front,1,1,Daylight,1,Clear,1,Daytime,YES"
1394,2015040667,40667,1,1,0,2,21,PINAL,0,NONE LISTED,4,10,0,Not a Collision with Motor Vehicle In-Transport,1,2,Dark - Not Lighted,1,Clear,2,Nighttime,YES,"1394,2015040667,40667,1,1,0,2,21,PINAL,0,NONE LISTED,4,10,0,Not a Collision with Motor Vehicle In-Transport,1,2,Dark - Not Lighted,1,Clear,2,Nighttime,YES"
1395,2015040670,40670,3,2,0,2,13,MARICOPA,370,PHOENIX,19,10,6,Angle,1,1,Daylight,10,Cloudy,1,Daytime,NO,"1395,2015040670,40670,3,2,0,2,13,MARICOPA,370,PHOENIX,19,10,6,Angle,1,1,Daylight,10,Cloudy,1,Daytime,NO"
1396,2015040673,40673,1,1,0,6,5,COCONINO,170,FLAGSTAFF,3,11,0,Not a Collision with Motor Vehicle In-Transport,4,1,Daylight,2,Rain,1,Daytime,NO,"1396,2015040673,40673,1,1,0,6,5,COCONINO,170,FLAGSTAFF,3,11,0,Not a Collision with Motor Vehicle In-Transport,4,1,Daylight,2,Rain,1,Daytime,NO"
1397,2015040674,40674,2,2,0,2,3,COCHISE,0,NONE LISTED,4,11,8,Sideswipe - Opposite Direction,1,1,Daylight,10,Cloudy,1,Daytime,YES,"1397,2015040674,40674,2,2,0,2,3,COCHISE,0,NONE LISTED,4,11,8,Sideswipe - Opposite Direction,1,1,Daylight,10,Cloudy,1,Daytime,YES"
1398,2015040678,40678,1,1,0,2,13,MARICOPA,60,BUCKEYE,7,11,0,Not a Collision with Motor Vehicle In-Transport,4,2,Dark - Not Lighted,1,Clear,2,Nighttime,NO,"1398,2015040678,40678,1,1,0,2,13,MARICOPA,60,BUCKEYE,7,11,0,Not a Collision with Motor Vehicle In-Transport,4,2,Dark - Not Lighted,1,Clear,2,Nighttime,NO"
1399,2015040680,40680,1,1,0,5,17,NAVAJO,0,NONE LISTED,8,11,0,Not a Collision with Motor Vehicle In-Transport,4,1,Daylight,1,Clear,1,Daytime,YES,"1399,2015040680,40680,1,1,0,5,17,NAVAJO,0,NONE LISTED,8,11,0,Not a Collision with Motor Vehicle In-Transport,4,1,Daylight,1,Clear,1,Daytime,YES"
1400,2015040682,40682,1,1,0,2,13,MARICOPA,368,PEORIA,10,11,0,Not a Collision with Motor Vehicle In-Transport,4,3,Dark - Lighted,1,Clear,2,Nighttime,YES,"1400,2015040682,40682,1,1,0,2,13,MARICOPA,368,PEORIA,10,11,0,Not a Collision with Motor Vehicle In-Transport,4,3,Dark - Lighted,1,Clear,2,Nighttime,YES"
1401,2015040683,40683,2,2,1,2,13,MARICOPA,80,CHANDLER,10,11,0,Not a Collision with Motor Vehicle In-Transport,1,3,Dark - Lighted,10,Cloudy,1,Daytime,YES,"1401,2015040683,40683,2,2,1,2,13,MARICOPA,80,CHANDLER,10,11,0,Not a Collision with Motor Vehicle In-Transport,1,3,Dark - Lighted,10,Cloudy,1,Daytime,YES"