index,accident_id,ST_CASE,VE_TOTAL,VE_FORMS,PEDS,PERSONS,COUNTY,county_name,CITY,city_name,DAY,MONTH,MAN_COLL,man_coll_lit,REL_ROAD,LGT_COND,lgt_cond_lit,WEATHER,weather_lit,A_TOD,a_tod_lit,DEAD,concatenated
1402,2015040684,40684,2,2,0,5,21,PINAL,0,NONE LISTED,10,11,6,Angle,1,2,Dark - Not Lighted,1,Clear,2,Nighttime,YES,"1402,2015040684,40684,2,2,0,5,21,PINAL,0,NONE LISTED,10,11,6,Angle,1,2,Dark - Not Lighted,1,Clear,2,Nighttime,YES"
1403,2015040685,40685,1,1,1,1,13,MARICOPA,486,SURPRISE,11,11,0,Not a Collision with Motor Vehicle In-Transport,1,1,Daylight,1,Clear,1,Daytime,YES,"1403,2015040685,40685,1,1,1,1,13,MARICOPA,486,SURPRISE,11,11,0,Not a Collision with Motor Vehicle In-Transport,1,1,Daylight,1,Clear,1,Daytime,YES"
1404,2015040687,40687,1,1,0,1,25,YAVAPAI,373,PRESCOTT VALLEY,14,11,0,Not a Collision with Motor Vehicle In-Transport,8,1,Daylight,1,Clear,1,Daytime,YES,"1404,2015040687,40687,1,1,0,1,25,YAVAPAI,373,PRESCOTT VALLEY,14,11,0,Not a Collision with Motor Vehicle In-Transport,8,1,Daylight,1,Clear,1,Daytime,YES"
1405,2015040689,40689,1,1,1,1,19,PIMA,530,TUCSON,15,11,0,Not a Collision with Motor Vehicle In-Transport,1,3,Dark - Lighted,2,Rain,1,Daytime,YES,"1405,2015040689,40689,1,1,1,1,19,PIMA,530,TUCSON,15,11,0,Not a Collision with Motor Vehicle In-Transport,1,3,Dark - Lighted,2,Rain,1,Daytime,YES"
1406,2015040690,40690,1,1,1,1,13,MARICOPA,339,PARADISE VALLEY,15,11,0,Not a Collision with Motor Vehicle In-Transport,1,5,Dusk,2,Rain,1,Daytime,NO,"1406,2015040690,40690,1,1,1,1,13,MARICOPA,339,PARADISE VALLEY,15,11,0,Not a Collision with Motor Vehicle In-Transport,1,5,Dusk,2,Rain,1,Daytime,NO"
1407,2015040693,40693,3,3,0,3,25,YAVAPAI,0,NONE LISTED,17,11,2,Front-to-Front,1,5,Dusk,1,Clear,1,Daytime,YES,"1407,2015040693,40693,3,3,0,3,25,YAVAPAI,0,NONE LISTED,17,11,2,Front-to-Front,1,5,Dusk,1,Clear,1,Daytime,YES"
1408,2015040698,40698,1,1,0,1,12,LA PAZ,55,BOUSE,21,11,0,Not a Collision with Motor Vehicle In-Transport,4,3,Dark - Lighted,1,Clear,2,Nighttime,YES,"1408,2015040698,40698,1,1,0,1,12,LA PAZ,55,BOUSE,21,11,0,Not a Collision with Motor Vehicle In-Transport,4,3,Dark - Lighted,1,Clear,2,Nighttime,YES"
1409,2015040701,40701,1,1,1,1,12,LA PAZ,413,SALOME,24,11,0,Not a Collision with Motor Vehicle In-Transport,1,2,Dark - Not Lighted,10,Cloudy,2,Nighttime,NO,"1409,2015040701,40701,1,1,1,1,12,LA PAZ,413,SALOME,24,11,0,Not a Collision with Motor Vehicle In-Transport,1,2,Dark - Not Lighted,10,Cloudy,2,Nighttime,NO"
1410,2015040706,40706,1,1,0,1,13,MARICOPA,370,PHOENIX,18,10,0,Not a Collision with Motor Vehicle In-Transport,4,1,Daylight,1,Clear,1,Daytime,YES,"1410,2015040706,40706,1,1,0,1,13,MARICOPA,370,PHOENIX,18,10,0,Not a Collision with Motor Vehicle In-Transport,4,1,Daylight,1,Clear,1,Daytime,YES"
1411,2015040707,40707,2,2,0,2,13,MARICOPA,370,PHOENIX,11,11,6,Angle,1,1,Daylight,1,Clear,1,Daytime,NO,"1411,2015040707,40707,2,2,0,2,13,MARICOPA,370,PHOENIX,11,11,6,Angle,1,1,Daylight,1,Clear,1,Daytime,NO"
1412,2015040708,40708,4,4,0,4,13,MARICOPA,370,PHOENIX,26,10,1,Front-to-Rear,1,3,Dark - Lighted,1,Clear,2,Nighttime,YES,"1412,2015040708,40708,4,4,0,4,13,MARICOPA,370,PHOENIX,26,10,1,Front-to-Rear,1,3,Dark - Lighted,1,Clear,2,Nighttime,YES"
1413,2015040709,40709,2,2,0,2,13,MARICOPA,370,PHOENIX,30,10,6,Angle,1,3,Dark - Lighted,1,Clear,2,Nighttime,NO,"1413,2015040709,40709,2,2,0,2,13,MARICOPA,370,PHOENIX,30,10,6,Angle,1,3,Dark - Lighted,1,Clear,2,Nighttime,NO"
1414,2015040711,40711,1,1,0,5,13,MARICOPA,200,GLENDALE,2,10,0,Not a Collision with Motor Vehicle In-Transport,1,3,Dark - Lighted,1,Clear,2,Nighttime,NO,"1414,2015040711,40711,1,1,0,5,13,MARICOPA,200,GLENDALE,2,10,0,Not a Collision with Motor Vehicle In-Transport,1,3,Dark - Lighted,1,Clear,2,Nighttime,NO"
1415,2015040712,40712,1,1,0,1,13,MARICOPA,370,PHOENIX,4,10,0,Not a Collision with Motor Vehicle In-Transport,4,1,Daylight,10,Cloudy,1,Daytime,YES,"1415,2015040712,40712,1,1,0,1,13,MARICOPA,370,PHOENIX,4,10,0,Not a Collision with Motor Vehicle In-Transport,4,1,Daylight,10,Cloudy,1,Daytime,YES"
1416,2015040713,40713,1,1,0,1,17,NAVAJO,0,NONE LISTED,5,10,0,Not a Collision with Motor Vehicle In-Transport,4,1,Daylight,10,Cloudy,1,Daytime,NO,"1416,2015040713,40713,1,1,0,1,17,NAVAJO,0,NONE LISTED,5,10,0,Not a Collision with Motor Vehicle In-Transport,4,1,Daylight,10,Cloudy,1,Daytime,NO"
1417,2015040714,40714,1,1,1,1,13,MARICOPA,370,PHOENIX,6,10,0,Not a Collision with Motor Vehicle In-Transport,1,3,Dark - Lighted,10,Cloudy,2,Nighttime,NO,"1417,2015040714,40714,1,1,1,1,13,MARICOPA,370,PHOENIX,6,10,0,Not a Collision with Motor Vehicle In-Transport,1,3,Dark - Lighted,10,Cloudy,2,Nighttime,NO"
1418,2015040716,40716,1,1,0,1,15,MOHAVE,0,NONE LISTED,12,10,0,Not a Collision with Motor Vehicle In-Transport,4,5,Dusk,1,Clear,1,Daytime,NO,"1418,2015040716,40716,1,1,0,1,15,MOHAVE,0,NONE LISTED,12,10,0,Not a Collision with Motor Vehicle In-Transport,4,5,Dusk,1,Clear,1,Daytime,NO"
1419,2015040717,40717,1,1,0,3,13,MARICOPA,370,PHOENIX,14,10,0,Not a Collision with Motor Vehicle In-Transport,4,6,Dark - Unknown Lighting,99,Unknown,2,Nighttime,YES,"1419,2015040717,40717,1,1,0,3,13,MARICOPA,370,PHOENIX,14,10,0,Not a Collision with Motor Vehicle In-Transport,4,6,Dark - Unknown Lighting,99,Unknown,2,Nighttime,YES"
1420,2015040718,40718,1,1,0,3,1,APACHE,0,NONE LISTED,14,10,0,Not a Collision with Motor Vehicle In-Transport,99,1,Daylight,99,Unknown,1,Daytime,YES,"1420,2015040718,40718,1,1,0,3,1,APACHE,0,NONE LISTED,14,10,0,Not a Collision with Motor Vehicle In-Transport,99,1,Daylight,99,Unknown,1,Daytime,YES"
1421,2015040720,40720,1,1,1,1,13,MARICOPA,370,PHOENIX,18,10,0,Not a Collision with Motor Vehicle In-Transport,1,3,Dark - Lighted,1,Clear,2,Nighttime,NO,"1421,2015040720,40720,1,1,1,1,13,MARICOPA,370,PHOENIX,18,10,0,Not a Collision with Motor Vehicle In-Transport,1,3,Dark - Lighted,1,Clear,2,Nighttime,NO"
1422,2015040723,40723,2,2,0,4,9,GRAHAM,0,NONE LISTED,22,10,99,Unknown,99,6,Dark - Unknown Lighting,99,Unknown,2,Nighttime,NO,"1422,2015040723,40723,2,2,0,4,9,GRAHAM,0,NONE LISTED,22,10,99,Unknown,99,6,Dark - Unknown Lighting,99,Unknown,2,Nighttime,NO"
1423,2015040725,40725,1,1,0,2,25,YAVAPAI,0,NONE LISTED,26,10,0,Not a Collision with Motor Vehicle In-Transport,1,1,Daylight,1,Clear,1,Daytime,YES,"1423,2015040725,40725,1,1,0,2,25,YAVAPAI,0,NONE LISTED,26,10,0,Not a Collision with Motor Vehicle In-Transport,1,1,Daylight,1,Clear,1,Daytime,YES"
1424,2015040732,40732,2,2,0,2,3,COCHISE,0,NONE LISTED,23,11,6,Angle,1,2,Dark - Not Lighted,1,Clear,2,Nighttime,YES,"1424,2015040732,40732,2,2,0,2,3,COCHISE,0,NONE LISTED,23,11,6,Angle,1,2,Dark - Not Lighted,1,Clear,2,Nighttime,YES"
1425,2015040733,40733,1,1,0,1,27,YUMA,0,NONE LISTED,29,11,0,Not a Collision with Motor Vehicle In-Transport,4,2,Dark - Not Lighted,1,Clear,2,Nighttime,YES,"1425,2015040733,40733,1,1,0,1,27,YUMA,0,NONE LISTED,29,11,0,Not a Collision with Motor Vehicle In-Transport,4,2,Dark - Not Lighted,1,Clear,2,Nighttime,YES"
1426,2015040739,40739,1,1,0,1,7,GILA,0,NONE LISTED,4,11,0,Not a Collision with Motor Vehicle In-Transport,4,1,Daylight,10,Cloudy,1,Daytime,NO,"1426,2015040739,40739,1,1,0,1,7,GILA,0,NONE LISTED,4,11,0,Not a Collision with Motor Vehicle In-Transport,4,1,Daylight,10,Cloudy,1,Daytime,NO"
1427,2015040742,40742,1,1,1,5,1,APACHE,0,NONE LISTED,30,6,0,Not a Collision with Motor Vehicle In-Transport,1,2,Dark - Not Lighted,1,Clear,2,Nighttime,YES,"1427,2015040742,40742,1,1,1,5,1,APACHE,0,NONE LISTED,30,6,0,Not a Collision with Motor Vehicle In-Transport,1,2,Dark - Not Lighted,1,Clear,2,Nighttime,YES"
1428,2015040743,40743,1,1,0,1,17,NAVAJO,0,NONE LISTED,26,9,0,Not a Collision with Motor Vehicle In-Transport,99,6,Dark - Unknown Lighting,99,Unknown,2,Nighttime,NO,"1428,2015040743,40743,1,1,0,1,17,NAVAJO,0,NONE LISTED,26,9,0,Not a Collision with Motor Vehicle In-Transport,99,6,Dark - Unknown Lighting,99,Unknown,2,Nighttime,NO"
1429,2015040745,40745,2,2,0,3,7,GILA,0,NONE LISTED,2,11,99,Unknown,1,1,Daylight,99,Unknown,3,Unknown,YES,"1429,2015040745,40745,2,2,0,3,7,GILA,0,NONE LISTED,2,11,99,Unknown,1,1,Daylight,99,Unknown,3,Unknown,YES"
1430,2015040746,40746,2,2,0,2,13,MARICOPA,0,NONE LISTED,3,11,6,Angle,1,1,Daylight,10,Cloudy,1,Daytime,YES,"1430,2015040746,40746,2,2,0,2,13,MARICOPA,0,NONE LISTED,3,11,6,Angle,1,1,Daylight,10,Cloudy,1,Daytime,YES"
1431,2015040747,40747,1,1,1,1,13,MARICOPA,370,PHOENIX,3,11,0,Not a Collision with Motor Vehicle In-Transport,1,2,Dark - Not Lighted,10,Cloudy,2,Nighttime,NO,"1431,2015040747,40747,1,1,1,1,13,MARICOPA,370,PHOENIX,3,11,0,Not a Collision with Motor Vehicle In-Transport,1,2,Dark - Not Lighted,10,Cloudy,2,Nighttime,NO"
1432,2015040749,40749,1,1,0,2,999,999,9999,UNKNOWN,7,11,99,Unknown,99,9,Unknown,99,Unknown,3,Unknown,YES,"1432,2015040749,40749,1,1,0,2,999,999,9999,UNKNOWN,7,11,99,Unknown,99,9,Unknown,99,Unknown,3,Unknown,YES"
1433,2015040751,40751,1,1,0,3,1,APACHE,0,NONE LISTED,13,11,0,Not a Collision with Motor Vehicle In-Transport,4,2,Dark - Not Lighted,1,Clear,2,Nighttime,NO,"1433,2015040751,40751,1,1,0,3,1,APACHE,0,NONE LISTED,13,11,0,Not a Collision with Motor Vehicle In-Transport,4,2,Dark - Not Lighted,1,Clear,2,Nighttime,NO"
1434,2015040752,40752,1,1,1,1,13,MARICOPA,200,GLENDALE,19,11,0,Not a Collision with Motor Vehicle In-Transport,1,6,Dark - Unknown Lighting,99,Unknown,2,Nighttime,NO,"1434,2015040752,40752,1,1,1,1,13,MARICOPA,200,GLENDALE,19,11,0,Not a Collision with Motor Vehicle In-Transport,1,6,Dark - Unknown Lighting,99,Unknown,2,Nighttime,NO"
1435,2015040753,40753,1,1,0,2,1,APACHE,0,NONE LISTED,12,11,0,Not a Collision with Motor Vehicle In-Transport,99,9,Unknown,99,Unknown,3,Unknown,NO,"1435,2015040753,40753,1,1,0,2,1,APACHE,0,NONE LISTED,12,11,0,Not a Collision with Motor Vehicle In-Transport,99,9,Unknown,99,Unknown,3,Unknown,NO"
1436,2015040755,40755,1,1,0,2,5,COCONINO,170,FLAGSTAFF,27,11,99,Unknown,99,9,Unknown,99,Unknown,3,Unknown,NO,"1436,2015040755,40755,1,1,0,2,5,COCONINO,170,FLAGSTAFF,27,11,99,Unknown,99,9,Unknown,99,Unknown,3,Unknown,NO"
1437,2015040756,40756,1,1,0,2,13,MARICOPA,490,TEMPE,27,11,0,Not a Collision with Motor Vehicle In-Transport,4,3,Dark - Lighted,1,Clear,2,Nighttime,YES,"1437,2015040756,40756,1,1,0,2,13,MARICOPA,490,TEMPE,27,11,0,Not a Collision with Motor Vehicle In-Transport,4,3,Dark - Lighted,1,Clear,2,Nighttime,YES"
1438,2015040757,40757,2,2,0,5,13,MARICOPA,80,CHANDLER,29,11,2,Front-to-Front,1,2,Dark - Not Lighted,1,Clear,2,Nighttime,NO,"1438,2015040757,40757,2,2,0,5,13,MARICOPA,80,CHANDLER,29,11,2,Front-to-Front,1,2,Dark - Not Lighted,1,Clear,2,Nighttime,NO"
1439,2015040760,40760,1,1,0,2,3,COCHISE,0,NONE LISTED,6,12,0,Not a Collision with Motor Vehicle In-Transport,4,5,Dusk,1,Clear,1,Daytime,YES,"1439,2015040760,40760,1,1,0,2,3,COCHISE,0,NONE LISTED,6,12,0,Not a Collision with Motor Vehicle In-Transport,4,5,Dusk,1,Clear,1,Daytime,YES"
1440,2015040767,40767,2,2,0,4,13,MARICOPA,290,MESA,12,12,6,Angle,1,1,Daylight,10,Cloudy,1,Daytime,YES,"1440,2015040767,40767,2,2,0,4,13,MARICOPA,290,MESA,12,12,6,Angle,1,1,Daylight,10,Cloudy,1,Daytime,YES"
1441,2015040780,40780,1,1,1,1,19,PIMA,0,NONE LISTED,30,12,0,Not a Collision with Motor Vehicle In-Transport,1,2,Dark - Not Lighted,1,Clear,2,Nighttime,NO,"1441,2015040780,40780,1,1,1,1,19,PIMA,0,NONE LISTED,30,12,0,Not a Collision with Motor Vehicle In-Transport,1,2,Dark - Not Lighted,1,Clear,2,Nighttime,NO"
1442,2015040789,40789,2,2,0,3,13,MARICOPA,370,PHOENIX,20,11,99,Unknown,1,6,Dark - Unknown Lighting,99,Unknown,2,Nighttime,NO,"1442,2015040789,40789,2,2,0,3,13,MARICOPA,370,PHOENIX,20,11,99,Unknown,1,6,Dark - Unknown Lighting,99,Unknown,2,Nighttime,NO"
1443,2015040790,40790,2,2,0,2,13,MARICOPA,370,PHOENIX,22,11,6,Angle,1,1,Daylight,1,Clear,1,Daytime,YES,"1443,2015040790,40790,2,2,0,2,13,MARICOPA,370,PHOENIX,22,11,6,Angle,1,1,Daylight,1,Clear,1,Daytime,YES"
1444,2015040795,40795,1,1,0,1,13,MARICOPA,0,NONE LISTED,8,12,0,Not a Collision with Motor Vehicle In-Transport,4,1,Daylight,1,Clear,1,Daytime,YES,"1444,2015040795,40795,1,1,0,1,13,MARICOPA,0,NONE LISTED,8,12,0,Not a Collision with Motor Vehicle In-Transport,4,1,Daylight,1,Clear,1,Daytime,YES"
1445,2015040796,40796,1,1,0,1,7,GILA,0,NONE LISTED,14,12,0,Not a Collision with Motor Vehicle In-Transport,5,8,Not Reported,4,Snow,1,Daytime,YES,"1445,2015040796,40796,1,1,0,1,7,GILA,0,NONE LISTED,14,12,0,Not a Collision with Motor Vehicle In-Transport,5,8,Not Reported,4,Snow,1,Daytime,YES"
1446,2015040799,40799,1,1,1,2,13,MARICOPA,80,CHANDLER,5,12,0,Not a Collision with Motor Vehicle In-Transport,1,3,Dark - Lighted,1,Clear,2,Nighttime,YES,"1446,2015040799,40799,1,1,1,2,13,MARICOPA,80,CHANDLER,5,12,0,Not a Collision with Motor Vehicle In-Transport,1,3,Dark - Lighted,1,Clear,2,Nighttime,YES"
1447,2015040801,40801,1,1,1,1,1,APACHE,0,NONE LISTED,4,12,0,Not a Collision with Motor Vehicle In-Transport,99,6,Dark - Unknown Lighting,99,Unknown,2,Nighttime,NO,"1447,2015040801,40801,1,1,1,1,1,APACHE,0,NONE LISTED,4,12,0,Not a Collision with Motor Vehicle In-Transport,99,6,Dark - Unknown Lighting,99,Unknown,2,Nighttime,NO"
1448,2015040804,40804,1,1,1,1,13,MARICOPA,74,CAVE CREEK,6,12,0,Not a Collision with Motor Vehicle In-Transport,1,2,Dark - Not Lighted,1,Clear,2,Nighttime,YES,"1448,2015040804,40804,1,1,1,1,13,MARICOPA,74,CAVE CREEK,6,12,0,Not a Collision with Motor Vehicle In-Transport,1,2,Dark - Not Lighted,1,Clear,2,Nighttime,YES"
1449,2015040806,40806,4,4,0,4,13,MARICOPA,0,NONE LISTED,9,12,2,Front-to-Front,1,1,Daylight,1,Clear,1,Daytime,YES,"1449,2015040806,40806,4,4,0,4,13,MARICOPA,0,NONE LISTED,9,12,2,Front-to-Front,1,1,Daylight,1,Clear,1,Daytime,YES"
1450,2015040807,40807,1,1,1,1,13,MARICOPA,200,GLENDALE,11,12,0,Not a Collision with Motor Vehicle In-Transport,1,3,Dark - Lighted,1,Clear,2,Nighttime,NO,"1450,2015040807,40807,1,1,1,1,13,MARICOPA,200,GLENDALE,11,12,0,Not a Collision with Motor Vehicle In-Transport,1,3,Dark - Lighted,1,Clear,2,Nighttime,NO"
1451,2015040813,40813,1,1,0,4,7,GILA,0,NONE LISTED,20,12,0,Not a Collision with Motor Vehicle In-Transport,4,1,Daylight,2,Rain,1,Daytime,YES,"1451,2015040813,40813,1,1,0,4,7,GILA,0,NONE LISTED,20,12,0,Not a Collision with Motor Vehicle In-Transport,4,1,Daylight,2,Rain,1,Daytime,YES"
1452,2015040820,40820,1,1,0,2,13,MARICOPA,0,NONE LISTED,10,12,99,Unknown,99,9,Unknown,99,Unknown,3,Unknown,NO,"1452,2015040820,40820,1,1,0,2,13,MARICOPA,0,NONE LISTED,10,12,99,Unknown,99,9,Unknown,99,Unknown,3,Unknown,NO"
1453,2015040822,40822,1,1,1,4,13,MARICOPA,370,PHOENIX,13,12,0,Not a Collision with Motor Vehicle In-Transport,1,3,Dark - Lighted,1,Clear,2,Nighttime,YES,"1453,2015040822,40822,1,1,1,4,13,MARICOPA,370,PHOENIX,13,12,0,Not a Collision with Motor Vehicle In-Transport,1,3,Dark - Lighted,1,Clear,2,Nighttime,YES"
1454,2015040823,40823,1,1,0,4,13,MARICOPA,370,PHOENIX,17,12,0,Not a Collision with Motor Vehicle In-Transport,4,1,Daylight,99,Unknown,1,Daytime,YES,"1454,2015040823,40823,1,1,0,4,13,MARICOPA,370,PHOENIX,17,12,0,Not a Collision with Motor Vehicle In-Transport,4,1,Daylight,99,Unknown,1,Daytime,YES"
1455,2015040825,40825,1,1,0,1,5,COCONINO,0,NONE LISTED,20,12,0,Not a Collision with Motor Vehicle In-Transport,4,2,Dark - Not Lighted,10,Cloudy,2,Nighttime,NO,"1455,2015040825,40825,1,1,0,1,5,COCONINO,0,NONE LISTED,20,12,0,Not a Collision with Motor Vehicle In-Transport,4,2,Dark - Not Lighted,10,Cloudy,2,Nighttime,NO"
1456,2015040827,40827,1,1,0,2,19,PIMA,0,NONE LISTED,25,12,0,Not a Collision with Motor Vehicle In-Transport,4,1,Daylight,1,Clear,1,Daytime,NO,"1456,2015040827,40827,1,1,0,2,19,PIMA,0,NONE LISTED,25,12,0,Not a Collision with Motor Vehicle In-Transport,4,1,Daylight,1,Clear,1,Daytime,NO"
1457,2015040830,40830,1,1,0,1,999,999,9999,UNKNOWN,25,7,0,Not a Collision with Motor Vehicle In-Transport,99,9,Unknown,99,Unknown,3,Unknown,YES,"1457,2015040830,40830,1,1,0,1,999,999,9999,UNKNOWN,25,7,0,Not a Collision with Motor Vehicle In-Transport,99,9,Unknown,99,Unknown,3,Unknown,YES"
1458,2015040831,40831,3,3,0,5,13,MARICOPA,420,SCOTTSDALE,26,12,8,Sideswipe - Opposite Direction,1,2,Dark - Not Lighted,1,Clear,2,Nighttime,YES,"1458,2015040831,40831,3,3,0,5,13,MARICOPA,420,SCOTTSDALE,26,12,8,Sideswipe - Opposite Direction,1,2,Dark - Not Lighted,1,Clear,2,Nighttime,YES"
1459,2015040833,40833,1,1,0,2,1,APACHE,0,NONE LISTED,23,6,0,Not a Collision with Motor Vehicle In-Transport,4,1,Daylight,1,Clear,1,Daytime,YES,"1459,2015040833,40833,1,1,0,2,1,APACHE,0,NONE LISTED,23,6,0,Not a Collision with Motor Vehicle In-Transport,4,1,Daylight,1,Clear,1,Daytime,YES"
1460,2015040834,40834,1,1,0,1,1,APACHE,0,NONE LISTED,13,7,0,Not a Collision with Motor Vehicle In-Transport,4,1,Daylight,1,Clear,1,Daytime,NO,"1460,2015040834,40834,1,1,0,1,1,APACHE,0,NONE LISTED,13,7,0,Not a Collision with Motor Vehicle In-Transport,4,1,Daylight,1,Clear,1,Daytime,NO"
1461,2015040835,40835,2,2,0,4,17,NAVAJO,0,NONE LISTED,24,5,99,Unknown,99,1,Daylight,99,Unknown,1,Daytime,NO,"1461,2015040835,40835,2,2,0,4,17,NAVAJO,0,NONE LISTED,24,5,99,Unknown,99,1,Daylight,99,Unknown,1,Daytime,NO"
1462,2015040836,40836,1,1,0,2,1,APACHE,0,NONE LISTED,6,3,0,Not a Collision with Motor Vehicle In-Transport,99,6,Dark - Unknown Lighting,99,Unknown,2,Nighttime,NO,"1462,2015040836,40836,1,1,0,2,1,APACHE,0,NONE LISTED,6,3,0,Not a Collision with Motor Vehicle In-Transport,99,6,Dark - Unknown Lighting,99,Unknown,2,Nighttime,NO"
1463,2015040837,40837,1,1,0,1,5,COCONINO,0,NONE LISTED,1,9,0,Not a Collision with Motor Vehicle In-Transport,99,9,Unknown,99,Unknown,3,Unknown,NO,"1463,2015040837,40837,1,1,0,1,5,COCONINO,0,NONE LISTED,1,9,0,Not a Collision with Motor Vehicle In-Transport,99,9,Unknown,99,Unknown,3,Unknown,NO"
1464,2015040838,40838,1,1,0,2,1,APACHE,0,NONE LISTED,13,9,0,Not a Collision with Motor Vehicle In-Transport,99,9,Unknown,99,Unknown,2,Nighttime,YES,"1464,2015040838,40838,1,1,0,2,1,APACHE,0,NONE LISTED,13,9,0,Not a Collision with Motor Vehicle In-Transport,99,9,Unknown,99,Unknown,2,Nighttime,YES"
1465,2015040840,40840,1,1,1,1,15,MOHAVE,268,LAKE HAVASU CITY,4,11,0,Not a Collision with Motor Vehicle In-Transport,1,2,Dark - Not Lighted,10,Cloudy,1,Daytime,YES,"1465,2015040840,40840,1,1,1,1,15,MOHAVE,268,LAKE HAVASU CITY,4,11,0,Not a Collision with Motor Vehicle In-Transport,1,2,Dark - Not Lighted,10,Cloudy,1,Daytime,YES"
1466,2015040841,40841,1,1,1,1,1,APACHE,0,NONE LISTED,8,11,0,Not a Collision with Motor Vehicle In-Transport,1,9,Unknown,99,Unknown,2,Nighttime,YES,"1466,2015040841,40841,1,1,1,1,1,APACHE,0,NONE LISTED,8,11,0,Not a Collision with Motor Vehicle In-Transport,1,9,Unknown,99,Unknown,2,Nighttime,YES"
1467,2015040842,40842,1,1,0,6,21,PINAL,0,NONE LISTED,8,11,0,Not a Collision with Motor Vehicle In-Transport,4,1,Daylight,1,Clear,1,Daytime,NO,"1467,2015040842,40842,1,1,0,6,21,PINAL,0,NONE LISTED,8,11,0,Not a Collision with Motor Vehicle In-Transport,4,1,Daylight,1,Clear,1,Daytime,NO"
1468,2016040001,40001,1,1,0,5,21,PINAL,0,NONE LISTED,2,1,0,Not a Collision with Motor Vehicle In-Transport,4,1,Daylight,1,Clear,1,Daytime,NO,"1468,2016040001,40001,1,1,0,5,21,PINAL,0,NONE LISTED,2,1,0,Not a Collision with Motor Vehicle In-Transport,4,1,Daylight,1,Clear,1,Daytime,NO"
1469,2016040002,40002,1,1,1,1,13,MARICOPA,30,AVONDALE,2,1,0,Not a Collision with Motor Vehicle In-Transport,1,3,Dark - Lighted,1,Clear,2,Nighttime,NO,"1469,2016040002,40002,1,1,1,1,13,MARICOPA,30,AVONDALE,2,1,0,Not a Collision with Motor Vehicle In-Transport,1,3,Dark - Lighted,1,Clear,2,Nighttime,NO"
1470,2016040007,40007,1,1,0,3,27,YUMA,620,YUMA,10,1,0,Not a Collision with Motor Vehicle In-Transport,4,3,Dark - Lighted,1,Clear,2,Nighttime,NO,"1470,2016040007,40007,1,1,0,3,27,YUMA,620,YUMA,10,1,0,Not a Collision with Motor Vehicle In-Transport,4,3,Dark - Lighted,1,Clear,2,Nighttime,NO"
1471,2016040010,40010,1,1,1,1,13,MARICOPA,290,MESA,14,1,0,Not a Collision with Motor Vehicle In-Transport,1,3,Dark - Lighted,1,Clear,2,Nighttime,NO,"1471,2016040010,40010,1,1,1,1,13,MARICOPA,290,MESA,14,1,0,Not a Collision with Motor Vehicle In-Transport,1,3,Dark - Lighted,1,Clear,2,Nighttime,NO"
1472,2016040014,40014,1,1,1,1,13,MARICOPA,290,MESA,19,1,0,Not a Collision with Motor Vehicle In-Transport,1,1,Daylight,1,Clear,1,Daytime,NO,"1472,2016040014,40014,1,1,1,1,13,MARICOPA,290,MESA,19,1,0,Not a Collision with Motor Vehicle In-Transport,1,1,Daylight,1,Clear,1,Daytime,NO"
1473,2016040016,40016,1,1,0,1,13,MARICOPA,30,AVONDALE,22,1,0,Not a Collision with Motor Vehicle In-Transport,5,3,Dark - Lighted,10,Cloudy,2,Nighttime,NO,"1473,2016040016,40016,1,1,0,1,13,MARICOPA,30,AVONDALE,22,1,0,Not a Collision with Motor Vehicle In-Transport,5,3,Dark - Lighted,10,Cloudy,2,Nighttime,NO"
1474,2016040019,40019,1,1,0,2,13,MARICOPA,220,GOODYEAR,24,1,0,Not a Collision with Motor Vehicle In-Transport,3,1,Daylight,1,Clear,1,Daytime,YES,"1474,2016040019,40019,1,1,0,2,13,MARICOPA,220,GOODYEAR,24,1,0,Not a Collision with Motor Vehicle In-Transport,3,1,Daylight,1,Clear,1,Daytime,YES"
1475,2016040021,40021,1,1,0,3,1,APACHE,0,NONE LISTED,25,1,0,Not a Collision with Motor Vehicle In-Transport,4,1,Daylight,1,Clear,1,Daytime,NO,"1475,2016040021,40021,1,1,0,3,1,APACHE,0,NONE LISTED,25,1,0,Not a Collision with Motor Vehicle In-Transport,4,1,Daylight,1,Clear,1,Daytime,NO"
1476,2016040024,40024,1,1,0,1,19,PIMA,0,NONE LISTED,28,1,0,Not a Collision with Motor Vehicle In-Transport,4,2,Dark - Not Lighted,1,Clear,2,Nighttime,NO,"1476,2016040024,40024,1,1,0,1,19,PIMA,0,NONE LISTED,28,1,0,Not a Collision with Motor Vehicle In-Transport,4,2,Dark - Not Lighted,1,Clear,2,Nighttime,NO"