index,accident_id,ST_CASE,VE_TOTAL,VE_FORMS,PEDS,PERSONS,COUNTY,county_name,CITY,city_name,DAY,MONTH,MAN_COLL,man_coll_lit,REL_ROAD,LGT_COND,lgt_cond_lit,WEATHER,weather_lit,A_TOD,a_tod_lit,DEAD,concatenated
1630,2016040333,40333,1,1,0,2,17,NAVAJO,0,NONE LISTED,28,5,99,Unknown,99,6,Dark - Unknown Lighting,98,Not Reported,2,Nighttime,NO,"1630,2016040333,40333,1,1,0,2,17,NAVAJO,0,NONE LISTED,28,5,99,Unknown,99,6,Dark - Unknown Lighting,98,Not Reported,2,Nighttime,NO"
1631,2016040335,40335,2,2,0,4,21,PINAL,0,NONE LISTED,31,5,7,Sideswipe - Same Direction,1,1,Daylight,1,Clear,2,Nighttime,YES,"1631,2016040335,40335,2,2,0,4,21,PINAL,0,NONE LISTED,31,5,7,Sideswipe - Same Direction,1,1,Daylight,1,Clear,2,Nighttime,YES"
1632,2016040336,40336,1,1,0,1,13,MARICOPA,0,NONE LISTED,2,5,0,Not a Collision with Motor Vehicle In-Transport,4,1,Daylight,1,Clear,1,Daytime,NO,"1632,2016040336,40336,1,1,0,1,13,MARICOPA,0,NONE LISTED,2,5,0,Not a Collision with Motor Vehicle In-Transport,4,1,Daylight,1,Clear,1,Daytime,NO"
1633,2016040342,40342,1,1,1,1,13,MARICOPA,370,PHOENIX,9,5,0,Not a Collision with Motor Vehicle In-Transport,1,3,Dark - Lighted,1,Clear,2,Nighttime,NO,"1633,2016040342,40342,1,1,1,1,13,MARICOPA,370,PHOENIX,9,5,0,Not a Collision with Motor Vehicle In-Transport,1,3,Dark - Lighted,1,Clear,2,Nighttime,NO"
1634,2016040344,40344,1,1,1,1,13,MARICOPA,370,PHOENIX,14,5,0,Not a Collision with Motor Vehicle In-Transport,1,6,Dark - Unknown Lighting,98,Not Reported,2,Nighttime,NO,"1634,2016040344,40344,1,1,1,1,13,MARICOPA,370,PHOENIX,14,5,0,Not a Collision with Motor Vehicle In-Transport,1,6,Dark - Unknown Lighting,98,Not Reported,2,Nighttime,NO"
1635,2016040345,40345,1,1,1,1,13,MARICOPA,370,PHOENIX,20,5,0,Not a Collision with Motor Vehicle In-Transport,1,6,Dark - Unknown Lighting,98,Not Reported,2,Nighttime,NO,"1635,2016040345,40345,1,1,1,1,13,MARICOPA,370,PHOENIX,20,5,0,Not a Collision with Motor Vehicle In-Transport,1,6,Dark - Unknown Lighting,98,Not Reported,2,Nighttime,NO"
1636,2016040347,40347,1,1,0,1,13,MARICOPA,370,PHOENIX,31,5,0,Not a Collision with Motor Vehicle In-Transport,4,3,Dark - Lighted,1,Clear,2,Nighttime,NO,"1636,2016040347,40347,1,1,0,1,13,MARICOPA,370,PHOENIX,31,5,0,Not a Collision with Motor Vehicle In-Transport,4,3,Dark - Lighted,1,Clear,2,Nighttime,NO"
1637,2016040353,40353,1,1,1,1,19,PIMA,530,TUCSON,4,6,0,Not a Collision with Motor Vehicle In-Transport,1,2,Dark - Not Lighted,1,Clear,2,Nighttime,NO,"1637,2016040353,40353,1,1,1,1,19,PIMA,530,TUCSON,4,6,0,Not a Collision with Motor Vehicle In-Transport,1,2,Dark - Not Lighted,1,Clear,2,Nighttime,NO"
1638,2016040356,40356,1,1,1,1,13,MARICOPA,190,GILBERT,7,6,0,Not a Collision with Motor Vehicle In-Transport,4,1,Daylight,1,Clear,2,Nighttime,NO,"1638,2016040356,40356,1,1,1,1,13,MARICOPA,190,GILBERT,7,6,0,Not a Collision with Motor Vehicle In-Transport,4,1,Daylight,1,Clear,2,Nighttime,NO"
1639,2016040362,40362,2,2,0,2,25,YAVAPAI,0,NONE LISTED,11,6,2,Front-to-Front,1,1,Daylight,1,Clear,1,Daytime,YES,"1639,2016040362,40362,2,2,0,2,25,YAVAPAI,0,NONE LISTED,11,6,2,Front-to-Front,1,1,Daylight,1,Clear,1,Daytime,YES"
1640,2016040364,40364,2,2,0,4,17,NAVAJO,0,NONE LISTED,13,6,6,Angle,1,1,Daylight,1,Clear,1,Daytime,NO,"1640,2016040364,40364,2,2,0,4,17,NAVAJO,0,NONE LISTED,13,6,6,Angle,1,1,Daylight,1,Clear,1,Daytime,NO"
1641,2016040367,40367,3,3,0,6,25,YAVAPAI,373,PRESCOTT VALLEY,14,6,6,Angle,1,1,Daylight,1,Clear,1,Daytime,YES,"1641,2016040367,40367,3,3,0,6,25,YAVAPAI,373,PRESCOTT VALLEY,14,6,6,Angle,1,1,Daylight,1,Clear,1,Daytime,YES"
1642,2016040368,40368,1,1,1,1,19,PIMA,530,TUCSON,14,6,0,Not a Collision with Motor Vehicle In-Transport,1,2,Dark - Not Lighted,1,Clear,2,Nighttime,YES,"1642,2016040368,40368,1,1,1,1,19,PIMA,530,TUCSON,14,6,0,Not a Collision with Motor Vehicle In-Transport,1,2,Dark - Not Lighted,1,Clear,2,Nighttime,YES"
1643,2016040369,40369,2,2,0,2,19,PIMA,0,NONE LISTED,14,6,6,Angle,1,1,Daylight,1,Clear,2,Nighttime,YES,"1643,2016040369,40369,2,2,0,2,19,PIMA,0,NONE LISTED,14,6,6,Angle,1,1,Daylight,1,Clear,2,Nighttime,YES"
1644,2016040375,40375,2,2,0,3,19,PIMA,530,TUCSON,18,6,99,Unknown,1,1,Daylight,1,Clear,1,Daytime,YES,"1644,2016040375,40375,2,2,0,3,19,PIMA,530,TUCSON,18,6,99,Unknown,1,1,Daylight,1,Clear,1,Daytime,YES"
1645,2016040376,40376,1,1,0,2,5,COCONINO,0,NONE LISTED,20,6,0,Not a Collision with Motor Vehicle In-Transport,4,2,Dark - Not Lighted,1,Clear,2,Nighttime,NO,"1645,2016040376,40376,1,1,0,2,5,COCONINO,0,NONE LISTED,20,6,0,Not a Collision with Motor Vehicle In-Transport,4,2,Dark - Not Lighted,1,Clear,2,Nighttime,NO"
1646,2016040379,40379,3,3,0,4,19,PIMA,530,TUCSON,26,6,1,Front-to-Rear,1,3,Dark - Lighted,10,Cloudy,2,Nighttime,YES,"1646,2016040379,40379,3,3,0,4,19,PIMA,530,TUCSON,26,6,1,Front-to-Rear,1,3,Dark - Lighted,10,Cloudy,2,Nighttime,YES"
1647,2016040381,40381,4,4,0,12,5,COCONINO,0,NONE LISTED,27,6,0,Not a Collision with Motor Vehicle In-Transport,1,1,Daylight,1,Clear,1,Daytime,YES,"1647,2016040381,40381,4,4,0,12,5,COCONINO,0,NONE LISTED,27,6,0,Not a Collision with Motor Vehicle In-Transport,1,1,Daylight,1,Clear,1,Daytime,YES"
1648,2016040382,40382,1,1,0,1,19,PIMA,0,NONE LISTED,5,7,0,Not a Collision with Motor Vehicle In-Transport,4,1,Daylight,1,Clear,1,Daytime,YES,"1648,2016040382,40382,1,1,0,1,19,PIMA,0,NONE LISTED,5,7,0,Not a Collision with Motor Vehicle In-Transport,4,1,Daylight,1,Clear,1,Daytime,YES"
1649,2016040389,40389,1,1,1,1,13,MARICOPA,290,MESA,20,6,0,Not a Collision with Motor Vehicle In-Transport,1,3,Dark - Lighted,1,Clear,2,Nighttime,YES,"1649,2016040389,40389,1,1,1,1,13,MARICOPA,290,MESA,20,6,0,Not a Collision with Motor Vehicle In-Transport,1,3,Dark - Lighted,1,Clear,2,Nighttime,YES"
1650,2016040391,40391,1,1,0,1,19,PIMA,0,NONE LISTED,5,6,0,Not a Collision with Motor Vehicle In-Transport,4,1,Daylight,1,Clear,1,Daytime,NO,"1650,2016040391,40391,1,1,0,1,19,PIMA,0,NONE LISTED,5,6,0,Not a Collision with Motor Vehicle In-Transport,4,1,Daylight,1,Clear,1,Daytime,NO"
1651,2016040398,40398,2,2,0,3,27,YUMA,620,YUMA,20,6,6,Angle,1,1,Daylight,1,Clear,1,Daytime,YES,"1651,2016040398,40398,2,2,0,3,27,YUMA,620,YUMA,20,6,6,Angle,1,1,Daylight,1,Clear,1,Daytime,YES"
1652,2016040403,40403,1,1,0,3,7,GILA,0,NONE LISTED,10,6,0,Not a Collision with Motor Vehicle In-Transport,4,1,Daylight,2,Rain,1,Daytime,YES,"1652,2016040403,40403,1,1,0,3,7,GILA,0,NONE LISTED,10,6,0,Not a Collision with Motor Vehicle In-Transport,4,1,Daylight,2,Rain,1,Daytime,YES"
1653,2016040404,40404,1,1,1,1,13,MARICOPA,370,PHOENIX,3,6,0,Not a Collision with Motor Vehicle In-Transport,1,1,Daylight,1,Clear,1,Daytime,YES,"1653,2016040404,40404,1,1,1,1,13,MARICOPA,370,PHOENIX,3,6,0,Not a Collision with Motor Vehicle In-Transport,1,1,Daylight,1,Clear,1,Daytime,YES"
1654,2016040405,40405,1,1,0,2,17,NAVAJO,0,NONE LISTED,4,6,0,Not a Collision with Motor Vehicle In-Transport,4,1,Daylight,1,Clear,2,Nighttime,NO,"1654,2016040405,40405,1,1,0,2,17,NAVAJO,0,NONE LISTED,4,6,0,Not a Collision with Motor Vehicle In-Transport,4,1,Daylight,1,Clear,2,Nighttime,NO"
1655,2016040406,40406,1,1,1,1,13,MARICOPA,370,PHOENIX,7,6,0,Not a Collision with Motor Vehicle In-Transport,1,3,Dark - Lighted,1,Clear,2,Nighttime,NO,"1655,2016040406,40406,1,1,1,1,13,MARICOPA,370,PHOENIX,7,6,0,Not a Collision with Motor Vehicle In-Transport,1,3,Dark - Lighted,1,Clear,2,Nighttime,NO"
1656,2016040408,40408,2,2,0,8,13,MARICOPA,189,GILA BEND,10,6,2,Front-to-Front,1,1,Daylight,1,Clear,1,Daytime,NO,"1656,2016040408,40408,2,2,0,8,13,MARICOPA,189,GILA BEND,10,6,2,Front-to-Front,1,1,Daylight,1,Clear,1,Daytime,NO"
1657,2016040409,40409,1,1,1,1,13,MARICOPA,370,PHOENIX,11,6,0,Not a Collision with Motor Vehicle In-Transport,1,3,Dark - Lighted,1,Clear,2,Nighttime,YES,"1657,2016040409,40409,1,1,1,1,13,MARICOPA,370,PHOENIX,11,6,0,Not a Collision with Motor Vehicle In-Transport,1,3,Dark - Lighted,1,Clear,2,Nighttime,YES"
1658,2016040410,40410,1,1,0,1,13,MARICOPA,370,PHOENIX,11,6,0,Not a Collision with Motor Vehicle In-Transport,5,6,Dark - Unknown Lighting,98,Not Reported,2,Nighttime,NO,"1658,2016040410,40410,1,1,0,1,13,MARICOPA,370,PHOENIX,11,6,0,Not a Collision with Motor Vehicle In-Transport,5,6,Dark - Unknown Lighting,98,Not Reported,2,Nighttime,NO"
1659,2016040413,40413,2,2,0,2,13,MARICOPA,370,PHOENIX,13,6,0,Not a Collision with Motor Vehicle In-Transport,1,1,Daylight,98,Not Reported,1,Daytime,YES,"1659,2016040413,40413,2,2,0,2,13,MARICOPA,370,PHOENIX,13,6,0,Not a Collision with Motor Vehicle In-Transport,1,1,Daylight,98,Not Reported,1,Daytime,YES"
1660,2016040416,40416,1,1,0,2,13,MARICOPA,370,PHOENIX,18,6,0,Not a Collision with Motor Vehicle In-Transport,1,6,Dark - Unknown Lighting,98,Not Reported,2,Nighttime,YES,"1660,2016040416,40416,1,1,0,2,13,MARICOPA,370,PHOENIX,18,6,0,Not a Collision with Motor Vehicle In-Transport,1,6,Dark - Unknown Lighting,98,Not Reported,2,Nighttime,YES"
1661,2016040418,40418,1,1,0,4,13,MARICOPA,0,NONE LISTED,19,6,0,Not a Collision with Motor Vehicle In-Transport,4,2,Dark - Not Lighted,1,Clear,2,Nighttime,YES,"1661,2016040418,40418,1,1,0,4,13,MARICOPA,0,NONE LISTED,19,6,0,Not a Collision with Motor Vehicle In-Transport,4,2,Dark - Not Lighted,1,Clear,2,Nighttime,YES"
1662,2016040419,40419,3,3,0,3,13,MARICOPA,200,GLENDALE,21,6,6,Angle,1,1,Daylight,1,Clear,1,Daytime,NO,"1662,2016040419,40419,3,3,0,3,13,MARICOPA,200,GLENDALE,21,6,6,Angle,1,1,Daylight,1,Clear,1,Daytime,NO"
1663,2016040422,40422,1,1,1,2,13,MARICOPA,370,PHOENIX,25,6,0,Not a Collision with Motor Vehicle In-Transport,1,6,Dark - Unknown Lighting,98,Not Reported,2,Nighttime,NO,"1663,2016040422,40422,1,1,1,2,13,MARICOPA,370,PHOENIX,25,6,0,Not a Collision with Motor Vehicle In-Transport,1,6,Dark - Unknown Lighting,98,Not Reported,2,Nighttime,NO"
1664,2016040425,40425,1,1,0,1,13,MARICOPA,0,NONE LISTED,28,6,0,Not a Collision with Motor Vehicle In-Transport,4,1,Daylight,1,Clear,1,Daytime,YES,"1664,2016040425,40425,1,1,0,1,13,MARICOPA,0,NONE LISTED,28,6,0,Not a Collision with Motor Vehicle In-Transport,4,1,Daylight,1,Clear,1,Daytime,YES"
1665,2016040426,40426,2,2,0,2,13,MARICOPA,370,PHOENIX,30,6,6,Angle,1,1,Daylight,98,Not Reported,1,Daytime,NO,"1665,2016040426,40426,2,2,0,2,13,MARICOPA,370,PHOENIX,30,6,6,Angle,1,1,Daylight,98,Not Reported,1,Daytime,NO"
1666,2016040427,40427,2,2,0,3,13,MARICOPA,370,PHOENIX,30,6,2,Front-to-Front,1,3,Dark - Lighted,1,Clear,2,Nighttime,YES,"1666,2016040427,40427,2,2,0,3,13,MARICOPA,370,PHOENIX,30,6,2,Front-to-Front,1,3,Dark - Lighted,1,Clear,2,Nighttime,YES"
1667,2016040430,40430,1,1,0,4,17,NAVAJO,0,NONE LISTED,3,7,0,Not a Collision with Motor Vehicle In-Transport,4,1,Daylight,1,Clear,1,Daytime,YES,"1667,2016040430,40430,1,1,0,4,17,NAVAJO,0,NONE LISTED,3,7,0,Not a Collision with Motor Vehicle In-Transport,4,1,Daylight,1,Clear,1,Daytime,YES"
1668,2016040431,40431,1,1,0,3,19,PIMA,530,TUCSON,4,7,0,Not a Collision with Motor Vehicle In-Transport,1,1,Daylight,10,Cloudy,1,Daytime,NO,"1668,2016040431,40431,1,1,0,3,19,PIMA,530,TUCSON,4,7,0,Not a Collision with Motor Vehicle In-Transport,1,1,Daylight,10,Cloudy,1,Daytime,NO"
1669,2016040437,40437,1,1,1,1,19,PIMA,530,TUCSON,11,7,0,Not a Collision with Motor Vehicle In-Transport,1,1,Daylight,1,Clear,1,Daytime,NO,"1669,2016040437,40437,1,1,1,1,19,PIMA,530,TUCSON,11,7,0,Not a Collision with Motor Vehicle In-Transport,1,1,Daylight,1,Clear,1,Daytime,NO"
1670,2016040443,40443,1,1,0,1,5,COCONINO,170,FLAGSTAFF,12,7,0,Not a Collision with Motor Vehicle In-Transport,4,1,Daylight,1,Clear,2,Nighttime,NO,"1670,2016040443,40443,1,1,0,1,5,COCONINO,170,FLAGSTAFF,12,7,0,Not a Collision with Motor Vehicle In-Transport,4,1,Daylight,1,Clear,2,Nighttime,NO"
1671,2016040450,40450,1,1,0,1,13,MARICOPA,490,TEMPE,20,7,0,Not a Collision with Motor Vehicle In-Transport,1,1,Daylight,10,Cloudy,1,Daytime,YES,"1671,2016040450,40450,1,1,0,1,13,MARICOPA,490,TEMPE,20,7,0,Not a Collision with Motor Vehicle In-Transport,1,1,Daylight,10,Cloudy,1,Daytime,YES"
1672,2016040453,40453,2,2,0,2,7,GILA,0,NONE LISTED,22,7,2,Front-to-Front,1,1,Daylight,10,Cloudy,1,Daytime,NO,"1672,2016040453,40453,2,2,0,2,7,GILA,0,NONE LISTED,22,7,2,Front-to-Front,1,1,Daylight,10,Cloudy,1,Daytime,NO"
1673,2016040454,40454,1,1,0,1,15,MOHAVE,0,NONE LISTED,23,7,0,Not a Collision with Motor Vehicle In-Transport,4,6,Dark - Unknown Lighting,1,Clear,1,Daytime,NO,"1673,2016040454,40454,1,1,0,1,15,MOHAVE,0,NONE LISTED,23,7,0,Not a Collision with Motor Vehicle In-Transport,4,6,Dark - Unknown Lighting,1,Clear,1,Daytime,NO"
1674,2016040459,40459,2,1,0,1,27,YUMA,0,NONE LISTED,26,7,0,Not a Collision with Motor Vehicle In-Transport,4,6,Dark - Unknown Lighting,99,Unknown,3,Unknown,NO,"1674,2016040459,40459,2,1,0,1,27,YUMA,0,NONE LISTED,26,7,0,Not a Collision with Motor Vehicle In-Transport,4,6,Dark - Unknown Lighting,99,Unknown,3,Unknown,NO"
1675,2016040460,40460,2,2,0,5,13,MARICOPA,290,MESA,28,7,2,Front-to-Front,1,1,Daylight,10,Cloudy,1,Daytime,YES,"1675,2016040460,40460,2,2,0,5,13,MARICOPA,290,MESA,28,7,2,Front-to-Front,1,1,Daylight,10,Cloudy,1,Daytime,YES"
1676,2016040463,40463,1,1,0,1,21,PINAL,110,COOLIDGE,5,7,0,Not a Collision with Motor Vehicle In-Transport,4,1,Daylight,1,Clear,1,Daytime,YES,"1676,2016040463,40463,1,1,0,1,21,PINAL,110,COOLIDGE,5,7,0,Not a Collision with Motor Vehicle In-Transport,4,1,Daylight,1,Clear,1,Daytime,YES"
1677,2016040467,40467,1,1,0,1,1,APACHE,0,NONE LISTED,23,2,99,Unknown,99,6,Dark - Unknown Lighting,98,Not Reported,2,Nighttime,NO,"1677,2016040467,40467,1,1,0,1,1,APACHE,0,NONE LISTED,23,2,99,Unknown,99,6,Dark - Unknown Lighting,98,Not Reported,2,Nighttime,NO"
1678,2016040468,40468,1,1,0,2,21,PINAL,70,CASA GRANDE,13,3,0,Not a Collision with Motor Vehicle In-Transport,1,6,Dark - Unknown Lighting,99,Unknown,2,Nighttime,YES,"1678,2016040468,40468,1,1,0,2,21,PINAL,70,CASA GRANDE,13,3,0,Not a Collision with Motor Vehicle In-Transport,1,6,Dark - Unknown Lighting,99,Unknown,2,Nighttime,YES"
1679,2016040470,40470,1,1,0,4,13,MARICOPA,200,GLENDALE,25,6,99,Unknown,99,9,Unknown,98,Not Reported,3,Unknown,NO,"1679,2016040470,40470,1,1,0,4,13,MARICOPA,200,GLENDALE,25,6,99,Unknown,99,9,Unknown,98,Not Reported,3,Unknown,NO"
1680,2016040471,40471,1,1,0,1,15,MOHAVE,0,NONE LISTED,15,7,0,Not a Collision with Motor Vehicle In-Transport,4,6,Dark - Unknown Lighting,1,Clear,2,Nighttime,YES,"1680,2016040471,40471,1,1,0,1,15,MOHAVE,0,NONE LISTED,15,7,0,Not a Collision with Motor Vehicle In-Transport,4,6,Dark - Unknown Lighting,1,Clear,2,Nighttime,YES"
1681,2016040478,40478,1,1,1,1,25,YAVAPAI,0,NONE LISTED,2,7,0,Not a Collision with Motor Vehicle In-Transport,1,1,Daylight,10,Cloudy,1,Daytime,YES,"1681,2016040478,40478,1,1,1,1,25,YAVAPAI,0,NONE LISTED,2,7,0,Not a Collision with Motor Vehicle In-Transport,1,1,Daylight,10,Cloudy,1,Daytime,YES"
1682,2016040479,40479,1,1,0,2,19,PIMA,0,NONE LISTED,3,7,0,Not a Collision with Motor Vehicle In-Transport,4,2,Dark - Not Lighted,1,Clear,2,Nighttime,YES,"1682,2016040479,40479,1,1,0,2,19,PIMA,0,NONE LISTED,3,7,0,Not a Collision with Motor Vehicle In-Transport,4,2,Dark - Not Lighted,1,Clear,2,Nighttime,YES"
1683,2016040480,40480,1,1,0,1,13,MARICOPA,0,NONE LISTED,3,7,0,Not a Collision with Motor Vehicle In-Transport,6,2,Dark - Not Lighted,1,Clear,2,Nighttime,NO,"1683,2016040480,40480,1,1,0,1,13,MARICOPA,0,NONE LISTED,3,7,0,Not a Collision with Motor Vehicle In-Transport,6,2,Dark - Not Lighted,1,Clear,2,Nighttime,NO"
1684,2016040481,40481,2,2,0,4,17,NAVAJO,0,NONE LISTED,3,7,99,Unknown,99,9,Unknown,99,Unknown,2,Nighttime,NO,"1684,2016040481,40481,2,2,0,4,17,NAVAJO,0,NONE LISTED,3,7,99,Unknown,99,9,Unknown,99,Unknown,2,Nighttime,NO"
1685,2016040482,40482,1,1,0,1,27,YUMA,620,YUMA,4,7,99,Unknown,99,9,Unknown,98,Not Reported,3,Unknown,NO,"1685,2016040482,40482,1,1,0,1,27,YUMA,620,YUMA,4,7,99,Unknown,99,9,Unknown,98,Not Reported,3,Unknown,NO"
1686,2016040484,40484,1,1,0,1,1,APACHE,0,NONE LISTED,16,7,0,Not a Collision with Motor Vehicle In-Transport,99,1,Daylight,98,Not Reported,1,Daytime,YES,"1686,2016040484,40484,1,1,0,1,1,APACHE,0,NONE LISTED,16,7,0,Not a Collision with Motor Vehicle In-Transport,99,1,Daylight,98,Not Reported,1,Daytime,YES"
1687,2016040485,40485,2,2,0,3,13,MARICOPA,0,NONE LISTED,17,7,1,Front-to-Rear,1,1,Daylight,10,Cloudy,1,Daytime,NO,"1687,2016040485,40485,2,2,0,3,13,MARICOPA,0,NONE LISTED,17,7,1,Front-to-Rear,1,1,Daylight,10,Cloudy,1,Daytime,NO"
1688,2016040487,40487,1,1,0,1,15,MOHAVE,0,NONE LISTED,1,8,0,Not a Collision with Motor Vehicle In-Transport,4,4,Dawn,99,Unknown,1,Daytime,YES,"1688,2016040487,40487,1,1,0,1,15,MOHAVE,0,NONE LISTED,1,8,0,Not a Collision with Motor Vehicle In-Transport,4,4,Dawn,99,Unknown,1,Daytime,YES"
1689,2016040489,40489,1,1,1,1,13,MARICOPA,290,MESA,2,8,0,Not a Collision with Motor Vehicle In-Transport,1,3,Dark - Lighted,10,Cloudy,2,Nighttime,YES,"1689,2016040489,40489,1,1,1,1,13,MARICOPA,290,MESA,2,8,0,Not a Collision with Motor Vehicle In-Transport,1,3,Dark - Lighted,10,Cloudy,2,Nighttime,YES"
1690,2016040491,40491,3,3,0,5,1,APACHE,0,NONE LISTED,3,8,6,Angle,1,1,Daylight,10,Cloudy,1,Daytime,NO,"1690,2016040491,40491,3,3,0,5,1,APACHE,0,NONE LISTED,3,8,6,Angle,1,1,Daylight,10,Cloudy,1,Daytime,NO"
1691,2016040493,40493,2,2,0,3,13,MARICOPA,370,PHOENIX,6,8,6,Angle,1,1,Daylight,1,Clear,1,Daytime,NO,"1691,2016040493,40493,2,2,0,3,13,MARICOPA,370,PHOENIX,6,8,6,Angle,1,1,Daylight,1,Clear,1,Daytime,NO"
1692,2016040498,40498,1,1,1,2,17,NAVAJO,0,NONE LISTED,11,8,0,Not a Collision with Motor Vehicle In-Transport,1,2,Dark - Not Lighted,10,Cloudy,2,Nighttime,NO,"1692,2016040498,40498,1,1,1,2,17,NAVAJO,0,NONE LISTED,11,8,0,Not a Collision with Motor Vehicle In-Transport,1,2,Dark - Not Lighted,10,Cloudy,2,Nighttime,NO"
1693,2016040499,40499,2,2,0,2,13,MARICOPA,420,SCOTTSDALE,11,8,0,Not a Collision with Motor Vehicle In-Transport,4,1,Daylight,1,Clear,1,Daytime,NO,"1693,2016040499,40499,2,2,0,2,13,MARICOPA,420,SCOTTSDALE,11,8,0,Not a Collision with Motor Vehicle In-Transport,4,1,Daylight,1,Clear,1,Daytime,NO"
1694,2016040502,40502,1,1,0,1,15,MOHAVE,0,NONE LISTED,13,8,0,Not a Collision with Motor Vehicle In-Transport,4,1,Daylight,1,Clear,1,Daytime,NO,"1694,2016040502,40502,1,1,0,1,15,MOHAVE,0,NONE LISTED,13,8,0,Not a Collision with Motor Vehicle In-Transport,4,1,Daylight,1,Clear,1,Daytime,NO"
1695,2016040504,40504,1,1,0,2,15,MOHAVE,0,NONE LISTED,15,8,0,Not a Collision with Motor Vehicle In-Transport,4,4,Dawn,1,Clear,2,Nighttime,NO,"1695,2016040504,40504,1,1,0,2,15,MOHAVE,0,NONE LISTED,15,8,0,Not a Collision with Motor Vehicle In-Transport,4,4,Dawn,1,Clear,2,Nighttime,NO"
1696,2016040507,40507,1,1,0,2,5,COCONINO,0,NONE LISTED,21,8,0,Not a Collision with Motor Vehicle In-Transport,1,2,Dark - Not Lighted,10,Cloudy,2,Nighttime,YES,"1696,2016040507,40507,1,1,0,2,5,COCONINO,0,NONE LISTED,21,8,0,Not a Collision with Motor Vehicle In-Transport,1,2,Dark - Not Lighted,10,Cloudy,2,Nighttime,YES"
1697,2016040518,40518,1,1,1,1,13,MARICOPA,370,PHOENIX,3,7,0,Not a Collision with Motor Vehicle In-Transport,1,9,Unknown,98,Not Reported,2,Nighttime,YES,"1697,2016040518,40518,1,1,1,1,13,MARICOPA,370,PHOENIX,3,7,0,Not a Collision with Motor Vehicle In-Transport,1,9,Unknown,98,Not Reported,2,Nighttime,YES"
1698,2016040521,40521,2,2,0,3,13,MARICOPA,370,PHOENIX,15,7,1,Front-to-Rear,1,6,Dark - Unknown Lighting,98,Not Reported,2,Nighttime,YES,"1698,2016040521,40521,2,2,0,3,13,MARICOPA,370,PHOENIX,15,7,1,Front-to-Rear,1,6,Dark - Unknown Lighting,98,Not Reported,2,Nighttime,YES"
1699,2016040528,40528,2,2,0,3,17,NAVAJO,0,NONE LISTED,30,8,99,Unknown,1,1,Daylight,1,Clear,1,Daytime,YES,"1699,2016040528,40528,2,2,0,3,17,NAVAJO,0,NONE LISTED,30,8,99,Unknown,1,1,Daylight,1,Clear,1,Daytime,YES"
1700,2016040533,40533,1,1,1,2,7,GILA,0,NONE LISTED,31,8,0,Not a Collision with Motor Vehicle In-Transport,1,2,Dark - Not Lighted,1,Clear,2,Nighttime,YES,"1700,2016040533,40533,1,1,1,2,7,GILA,0,NONE LISTED,31,8,0,Not a Collision with Motor Vehicle In-Transport,1,2,Dark - Not Lighted,1,Clear,2,Nighttime,YES"
1701,2016040534,40534,1,1,0,2,1,APACHE,0,NONE LISTED,21,1,0,Not a Collision with Motor Vehicle In-Transport,99,6,Dark - Unknown Lighting,98,Not Reported,2,Nighttime,YES,"1701,2016040534,40534,1,1,0,2,1,APACHE,0,NONE LISTED,21,1,0,Not a Collision with Motor Vehicle In-Transport,99,6,Dark - Unknown Lighting,98,Not Reported,2,Nighttime,YES"
1702,2016040536,40536,1,1,0,2,5,COCONINO,0,NONE LISTED,25,6,0,Not a Collision with Motor Vehicle In-Transport,99,9,Unknown,98,Not Reported,3,Unknown,YES,"1702,2016040536,40536,1,1,0,2,5,COCONINO,0,NONE LISTED,25,6,0,Not a Collision with Motor Vehicle In-Transport,99,9,Unknown,98,Not Reported,3,Unknown,YES"
1703,2016040537,40537,1,1,0,1,12,LA PAZ,0,NONE LISTED,25,6,0,Not a Collision with Motor Vehicle In-Transport,4,1,Daylight,1,Clear,1,Daytime,YES,"1703,2016040537,40537,1,1,0,1,12,LA PAZ,0,NONE LISTED,25,6,0,Not a Collision with Motor Vehicle In-Transport,4,1,Daylight,1,Clear,1,Daytime,YES"
1704,2016040538,40538,1,1,0,1,5,COCONINO,0,NONE LISTED,1,7,0,Not a Collision with Motor Vehicle In-Transport,5,6,Dark - Unknown Lighting,10,Cloudy,2,Nighttime,NO,"1704,2016040538,40538,1,1,0,1,5,COCONINO,0,NONE LISTED,1,7,0,Not a Collision with Motor Vehicle In-Transport,5,6,Dark - Unknown Lighting,10,Cloudy,2,Nighttime,NO"
1705,2016040539,40539,1,1,0,4,5,COCONINO,0,NONE LISTED,2,7,0,Not a Collision with Motor Vehicle In-Transport,1,1,Daylight,1,Clear,1,Daytime,YES,"1705,2016040539,40539,1,1,0,4,5,COCONINO,0,NONE LISTED,2,7,0,Not a Collision with Motor Vehicle In-Transport,1,1,Daylight,1,Clear,1,Daytime,YES"