index,accident_id,ST_CASE,VE_TOTAL,VE_FORMS,PEDS,PERSONS,COUNTY,county_name,CITY,city_name,DAY,MONTH,MAN_COLL,man_coll_lit,REL_ROAD,LGT_COND,lgt_cond_lit,WEATHER,weather_lit,A_TOD,a_tod_lit,DEAD,concatenated
1706,2016040543,40543,1,1,1,1,13,MARICOPA,370,PHOENIX,18,7,0,Not a Collision with Motor Vehicle In-Transport,1,6,Dark - Unknown Lighting,98,Not Reported,2,Nighttime,NO,"1706,2016040543,40543,1,1,1,1,13,MARICOPA,370,PHOENIX,18,7,0,Not a Collision with Motor Vehicle In-Transport,1,6,Dark - Unknown Lighting,98,Not Reported,2,Nighttime,NO"
1707,2016040548,40548,1,1,0,1,5,COCONINO,0,NONE LISTED,26,7,0,Not a Collision with Motor Vehicle In-Transport,4,1,Daylight,2,Rain,1,Daytime,NO,"1707,2016040548,40548,1,1,0,1,5,COCONINO,0,NONE LISTED,26,7,0,Not a Collision with Motor Vehicle In-Transport,4,1,Daylight,2,Rain,1,Daytime,NO"
1708,2016040550,40550,1,1,0,1,19,PIMA,0,NONE LISTED,14,8,0,Not a Collision with Motor Vehicle In-Transport,1,2,Dark - Not Lighted,1,Clear,2,Nighttime,YES,"1708,2016040550,40550,1,1,0,1,19,PIMA,0,NONE LISTED,14,8,0,Not a Collision with Motor Vehicle In-Transport,1,2,Dark - Not Lighted,1,Clear,2,Nighttime,YES"
1709,2016040551,40551,2,2,0,3,21,PINAL,0,NONE LISTED,28,7,6,Angle,1,2,Dark - Not Lighted,1,Clear,2,Nighttime,YES,"1709,2016040551,40551,2,2,0,3,21,PINAL,0,NONE LISTED,28,7,6,Angle,1,2,Dark - Not Lighted,1,Clear,2,Nighttime,YES"
1710,2016040552,40552,2,2,0,2,13,MARICOPA,158,EL MIRAGE,2,9,6,Angle,1,1,Daylight,1,Clear,1,Daytime,YES,"1710,2016040552,40552,2,2,0,2,13,MARICOPA,158,EL MIRAGE,2,9,6,Angle,1,1,Daylight,1,Clear,1,Daytime,YES"
1711,2016040554,40554,1,1,0,1,9,GRAHAM,0,NONE LISTED,4,9,0,Not a Collision with Motor Vehicle In-Transport,4,3,Dark - Lighted,1,Clear,2,Nighttime,NO,"1711,2016040554,40554,1,1,0,1,9,GRAHAM,0,NONE LISTED,4,9,0,Not a Collision with Motor Vehicle In-Transport,4,3,Dark - Lighted,1,Clear,2,Nighttime,NO"
1712,2016040556,40556,1,1,1,1,3,COCHISE,0,NONE LISTED,7,9,0,Not a Collision with Motor Vehicle In-Transport,1,2,Dark - Not Lighted,2,Rain,2,Nighttime,YES,"1712,2016040556,40556,1,1,1,1,3,COCHISE,0,NONE LISTED,7,9,0,Not a Collision with Motor Vehicle In-Transport,1,2,Dark - Not Lighted,2,Rain,2,Nighttime,YES"
1713,2016040559,40559,1,1,0,4,1,APACHE,0,NONE LISTED,11,9,0,Not a Collision with Motor Vehicle In-Transport,4,2,Dark - Not Lighted,1,Clear,2,Nighttime,NO,"1713,2016040559,40559,1,1,0,4,1,APACHE,0,NONE LISTED,11,9,0,Not a Collision with Motor Vehicle In-Transport,4,2,Dark - Not Lighted,1,Clear,2,Nighttime,NO"
1714,2016040561,40561,2,2,0,3,13,MARICOPA,486,SURPRISE,12,9,6,Angle,1,3,Dark - Lighted,1,Clear,2,Nighttime,YES,"1714,2016040561,40561,2,2,0,3,13,MARICOPA,486,SURPRISE,12,9,6,Angle,1,3,Dark - Lighted,1,Clear,2,Nighttime,YES"
1715,2016040562,40562,4,4,0,4,13,MARICOPA,486,SURPRISE,14,9,6,Angle,1,1,Daylight,1,Clear,1,Daytime,YES,"1715,2016040562,40562,4,4,0,4,13,MARICOPA,486,SURPRISE,14,9,6,Angle,1,1,Daylight,1,Clear,1,Daytime,YES"
1716,2016040563,40563,3,3,0,3,19,PIMA,530,TUCSON,16,9,7,Sideswipe - Same Direction,1,1,Daylight,1,Clear,1,Daytime,YES,"1716,2016040563,40563,3,3,0,3,19,PIMA,530,TUCSON,16,9,7,Sideswipe - Same Direction,1,1,Daylight,1,Clear,1,Daytime,YES"
1717,2016040569,40569,1,1,1,1,7,GILA,0,NONE LISTED,19,9,0,Not a Collision with Motor Vehicle In-Transport,1,1,Daylight,1,Clear,1,Daytime,NO,"1717,2016040569,40569,1,1,1,1,7,GILA,0,NONE LISTED,19,9,0,Not a Collision with Motor Vehicle In-Transport,1,1,Daylight,1,Clear,1,Daytime,NO"
1718,2016040571,40571,1,1,0,6,19,PIMA,0,NONE LISTED,21,9,0,Not a Collision with Motor Vehicle In-Transport,4,1,Daylight,1,Clear,1,Daytime,YES,"1718,2016040571,40571,1,1,0,6,19,PIMA,0,NONE LISTED,21,9,0,Not a Collision with Motor Vehicle In-Transport,4,1,Daylight,1,Clear,1,Daytime,YES"
1719,2016040572,40572,2,2,0,4,13,MARICOPA,290,MESA,21,9,6,Angle,1,3,Dark - Lighted,10,Cloudy,2,Nighttime,NO,"1719,2016040572,40572,2,2,0,4,13,MARICOPA,290,MESA,21,9,6,Angle,1,3,Dark - Lighted,10,Cloudy,2,Nighttime,NO"
1720,2016040573,40573,1,1,0,1,5,COCONINO,170,FLAGSTAFF,22,9,0,Not a Collision with Motor Vehicle In-Transport,4,3,Dark - Lighted,1,Clear,2,Nighttime,YES,"1720,2016040573,40573,1,1,0,1,5,COCONINO,170,FLAGSTAFF,22,9,0,Not a Collision with Motor Vehicle In-Transport,4,3,Dark - Lighted,1,Clear,2,Nighttime,YES"
1721,2016040576,40576,1,1,0,1,3,COCHISE,431,SIERRA VISTA,25,9,0,Not a Collision with Motor Vehicle In-Transport,4,1,Daylight,10,Cloudy,1,Daytime,YES,"1721,2016040576,40576,1,1,0,1,3,COCHISE,431,SIERRA VISTA,25,9,0,Not a Collision with Motor Vehicle In-Transport,4,1,Daylight,10,Cloudy,1,Daytime,YES"
1722,2016040577,40577,1,1,0,2,1,APACHE,0,NONE LISTED,28,9,0,Not a Collision with Motor Vehicle In-Transport,6,1,Daylight,1,Clear,1,Daytime,YES,"1722,2016040577,40577,1,1,0,2,1,APACHE,0,NONE LISTED,28,9,0,Not a Collision with Motor Vehicle In-Transport,6,1,Daylight,1,Clear,1,Daytime,YES"
1723,2016040584,40584,1,1,0,1,13,MARICOPA,0,NONE LISTED,31,1,0,Not a Collision with Motor Vehicle In-Transport,4,1,Daylight,1,Clear,1,Daytime,NO,"1723,2016040584,40584,1,1,0,1,13,MARICOPA,0,NONE LISTED,31,1,0,Not a Collision with Motor Vehicle In-Transport,4,1,Daylight,1,Clear,1,Daytime,NO"
1724,2016040586,40586,1,1,1,1,13,MARICOPA,370,PHOENIX,14,8,0,Not a Collision with Motor Vehicle In-Transport,1,6,Dark - Unknown Lighting,98,Not Reported,2,Nighttime,NO,"1724,2016040586,40586,1,1,1,1,13,MARICOPA,370,PHOENIX,14,8,0,Not a Collision with Motor Vehicle In-Transport,1,6,Dark - Unknown Lighting,98,Not Reported,2,Nighttime,NO"
1725,2016040589,40589,2,2,0,3,13,MARICOPA,370,PHOENIX,26,9,1,Front-to-Rear,1,1,Daylight,2,Rain,1,Daytime,YES,"1725,2016040589,40589,2,2,0,3,13,MARICOPA,370,PHOENIX,26,9,1,Front-to-Rear,1,1,Daylight,2,Rain,1,Daytime,YES"
1726,2016040592,40592,1,1,0,1,21,PINAL,0,NONE LISTED,27,9,0,Not a Collision with Motor Vehicle In-Transport,5,1,Daylight,1,Clear,1,Daytime,YES,"1726,2016040592,40592,1,1,0,1,21,PINAL,0,NONE LISTED,27,9,0,Not a Collision with Motor Vehicle In-Transport,5,1,Daylight,1,Clear,1,Daytime,YES"
1727,2016040593,40593,1,1,0,1,3,COCHISE,0,NONE LISTED,30,9,0,Not a Collision with Motor Vehicle In-Transport,4,1,Daylight,1,Clear,1,Daytime,NO,"1727,2016040593,40593,1,1,0,1,3,COCHISE,0,NONE LISTED,30,9,0,Not a Collision with Motor Vehicle In-Transport,4,1,Daylight,1,Clear,1,Daytime,NO"
1728,2016040594,40594,1,1,0,1,3,COCHISE,0,NONE LISTED,1,9,0,Not a Collision with Motor Vehicle In-Transport,4,2,Dark - Not Lighted,1,Clear,2,Nighttime,NO,"1728,2016040594,40594,1,1,0,1,3,COCHISE,0,NONE LISTED,1,9,0,Not a Collision with Motor Vehicle In-Transport,4,2,Dark - Not Lighted,1,Clear,2,Nighttime,NO"
1729,2016040601,40601,2,2,0,2,13,MARICOPA,370,PHOENIX,11,8,6,Angle,1,1,Daylight,1,Clear,1,Daytime,NO,"1729,2016040601,40601,2,2,0,2,13,MARICOPA,370,PHOENIX,11,8,6,Angle,1,1,Daylight,1,Clear,1,Daytime,NO"
1730,2016040602,40602,2,2,0,3,13,MARICOPA,60,BUCKEYE,31,8,6,Angle,1,1,Daylight,1,Clear,1,Daytime,YES,"1730,2016040602,40602,2,2,0,3,13,MARICOPA,60,BUCKEYE,31,8,6,Angle,1,1,Daylight,1,Clear,1,Daytime,YES"
1731,2016040608,40608,1,1,1,1,13,MARICOPA,370,PHOENIX,12,8,0,Not a Collision with Motor Vehicle In-Transport,1,9,Unknown,98,Not Reported,2,Nighttime,NO,"1731,2016040608,40608,1,1,1,1,13,MARICOPA,370,PHOENIX,12,8,0,Not a Collision with Motor Vehicle In-Transport,1,9,Unknown,98,Not Reported,2,Nighttime,NO"
1732,2016040610,40610,1,1,0,3,5,COCONINO,0,NONE LISTED,16,8,99,Unknown,99,1,Daylight,98,Not Reported,1,Daytime,NO,"1732,2016040610,40610,1,1,0,3,5,COCONINO,0,NONE LISTED,16,8,99,Unknown,99,1,Daylight,98,Not Reported,1,Daytime,NO"
1733,2016040613,40613,2,2,0,2,13,MARICOPA,0,NONE LISTED,27,8,1,Front-to-Rear,1,1,Daylight,1,Clear,1,Daytime,YES,"1733,2016040613,40613,2,2,0,2,13,MARICOPA,0,NONE LISTED,27,8,1,Front-to-Rear,1,1,Daylight,1,Clear,1,Daytime,YES"
1734,2016040614,40614,1,1,1,1,13,MARICOPA,370,PHOENIX,27,8,0,Not a Collision with Motor Vehicle In-Transport,1,3,Dark - Lighted,10,Cloudy,2,Nighttime,YES,"1734,2016040614,40614,1,1,1,1,13,MARICOPA,370,PHOENIX,27,8,0,Not a Collision with Motor Vehicle In-Transport,1,3,Dark - Lighted,10,Cloudy,2,Nighttime,YES"
1735,2016040615,40615,1,1,1,1,1,APACHE,0,NONE LISTED,28,8,0,Not a Collision with Motor Vehicle In-Transport,99,6,Dark - Unknown Lighting,98,Not Reported,2,Nighttime,YES,"1735,2016040615,40615,1,1,1,1,1,APACHE,0,NONE LISTED,28,8,0,Not a Collision with Motor Vehicle In-Transport,99,6,Dark - Unknown Lighting,98,Not Reported,2,Nighttime,YES"
1736,2016040618,40618,2,2,0,2,13,MARICOPA,370,PHOENIX,31,8,1,Front-to-Rear,1,6,Dark - Unknown Lighting,98,Not Reported,2,Nighttime,YES,"1736,2016040618,40618,2,2,0,2,13,MARICOPA,370,PHOENIX,31,8,1,Front-to-Rear,1,6,Dark - Unknown Lighting,98,Not Reported,2,Nighttime,YES"
1737,2016040621,40621,1,1,1,1,13,MARICOPA,370,PHOENIX,14,9,0,Not a Collision with Motor Vehicle In-Transport,1,3,Dark - Lighted,1,Clear,2,Nighttime,YES,"1737,2016040621,40621,1,1,1,1,13,MARICOPA,370,PHOENIX,14,9,0,Not a Collision with Motor Vehicle In-Transport,1,3,Dark - Lighted,1,Clear,2,Nighttime,YES"
1738,2016040623,40623,1,1,0,5,1,APACHE,0,NONE LISTED,27,8,0,Not a Collision with Motor Vehicle In-Transport,5,1,Daylight,2,Rain,1,Daytime,YES,"1738,2016040623,40623,1,1,0,5,1,APACHE,0,NONE LISTED,27,8,0,Not a Collision with Motor Vehicle In-Transport,5,1,Daylight,2,Rain,1,Daytime,YES"
1739,2016040626,40626,1,1,0,2,17,NAVAJO,0,NONE LISTED,5,9,0,Not a Collision with Motor Vehicle In-Transport,1,1,Daylight,1,Clear,1,Daytime,YES,"1739,2016040626,40626,1,1,0,2,17,NAVAJO,0,NONE LISTED,5,9,0,Not a Collision with Motor Vehicle In-Transport,1,1,Daylight,1,Clear,1,Daytime,YES"
1740,2016040627,40627,1,1,0,1,17,NAVAJO,429,SHOW LOW,9,9,0,Not a Collision with Motor Vehicle In-Transport,1,6,Dark - Unknown Lighting,98,Not Reported,2,Nighttime,YES,"1740,2016040627,40627,1,1,0,1,17,NAVAJO,429,SHOW LOW,9,9,0,Not a Collision with Motor Vehicle In-Transport,1,6,Dark - Unknown Lighting,98,Not Reported,2,Nighttime,YES"
1741,2016040629,40629,1,1,0,2,13,MARICOPA,189,GILA BEND,11,9,0,Not a Collision with Motor Vehicle In-Transport,99,6,Dark - Unknown Lighting,98,Not Reported,2,Nighttime,YES,"1741,2016040629,40629,1,1,0,2,13,MARICOPA,189,GILA BEND,11,9,0,Not a Collision with Motor Vehicle In-Transport,99,6,Dark - Unknown Lighting,98,Not Reported,2,Nighttime,YES"
1742,2016040630,40630,1,1,0,2,12,LA PAZ,0,NONE LISTED,12,9,0,Not a Collision with Motor Vehicle In-Transport,99,9,Unknown,98,Not Reported,3,Unknown,NO,"1742,2016040630,40630,1,1,0,2,12,LA PAZ,0,NONE LISTED,12,9,0,Not a Collision with Motor Vehicle In-Transport,99,9,Unknown,98,Not Reported,3,Unknown,NO"
1743,2016040632,40632,1,1,0,2,1,APACHE,0,NONE LISTED,18,9,0,Not a Collision with Motor Vehicle In-Transport,99,1,Daylight,98,Not Reported,1,Daytime,YES,"1743,2016040632,40632,1,1,0,2,1,APACHE,0,NONE LISTED,18,9,0,Not a Collision with Motor Vehicle In-Transport,99,1,Daylight,98,Not Reported,1,Daytime,YES"
1744,2016040633,40633,1,1,0,4,5,COCONINO,0,NONE LISTED,18,9,0,Not a Collision with Motor Vehicle In-Transport,1,6,Dark - Unknown Lighting,99,Unknown,1,Daytime,NO,"1744,2016040633,40633,1,1,0,4,5,COCONINO,0,NONE LISTED,18,9,0,Not a Collision with Motor Vehicle In-Transport,1,6,Dark - Unknown Lighting,99,Unknown,1,Daytime,NO"
1745,2016040637,40637,1,1,0,2,1,APACHE,0,NONE LISTED,22,1,0,Not a Collision with Motor Vehicle In-Transport,1,1,Daylight,98,Not Reported,1,Daytime,YES,"1745,2016040637,40637,1,1,0,2,1,APACHE,0,NONE LISTED,22,1,0,Not a Collision with Motor Vehicle In-Transport,1,1,Daylight,98,Not Reported,1,Daytime,YES"
1746,2016040639,40639,2,2,0,4,13,MARICOPA,370,PHOENIX,3,9,6,Angle,1,6,Dark - Unknown Lighting,98,Not Reported,2,Nighttime,NO,"1746,2016040639,40639,2,2,0,4,13,MARICOPA,370,PHOENIX,3,9,6,Angle,1,6,Dark - Unknown Lighting,98,Not Reported,2,Nighttime,NO"
1747,2016040640,40640,1,1,1,1,13,MARICOPA,370,PHOENIX,14,9,0,Not a Collision with Motor Vehicle In-Transport,99,9,Unknown,98,Not Reported,3,Unknown,NO,"1747,2016040640,40640,1,1,1,1,13,MARICOPA,370,PHOENIX,14,9,0,Not a Collision with Motor Vehicle In-Transport,99,9,Unknown,98,Not Reported,3,Unknown,NO"
1748,2016040642,40642,1,1,0,2,13,MARICOPA,370,PHOENIX,17,9,0,Not a Collision with Motor Vehicle In-Transport,1,9,Unknown,98,Not Reported,2,Nighttime,NO,"1748,2016040642,40642,1,1,0,2,13,MARICOPA,370,PHOENIX,17,9,0,Not a Collision with Motor Vehicle In-Transport,1,9,Unknown,98,Not Reported,2,Nighttime,NO"
1749,2016040646,40646,1,1,1,1,13,MARICOPA,370,PHOENIX,23,9,0,Not a Collision with Motor Vehicle In-Transport,1,1,Daylight,1,Clear,1,Daytime,NO,"1749,2016040646,40646,1,1,1,1,13,MARICOPA,370,PHOENIX,23,9,0,Not a Collision with Motor Vehicle In-Transport,1,1,Daylight,1,Clear,1,Daytime,NO"
1750,2016040649,40649,2,2,0,2,13,MARICOPA,370,PHOENIX,25,9,2,Front-to-Front,1,3,Dark - Lighted,1,Clear,2,Nighttime,NO,"1750,2016040649,40649,2,2,0,2,13,MARICOPA,370,PHOENIX,25,9,2,Front-to-Front,1,3,Dark - Lighted,1,Clear,2,Nighttime,NO"
1751,2016040653,40653,2,2,0,2,13,MARICOPA,420,SCOTTSDALE,30,9,99,Unknown,1,1,Daylight,1,Clear,1,Daytime,NO,"1751,2016040653,40653,2,2,0,2,13,MARICOPA,420,SCOTTSDALE,30,9,99,Unknown,1,1,Daylight,1,Clear,1,Daytime,NO"
1752,2016040656,40656,2,2,0,3,13,MARICOPA,370,PHOENIX,30,9,6,Angle,1,9,Unknown,98,Not Reported,2,Nighttime,YES,"1752,2016040656,40656,2,2,0,3,13,MARICOPA,370,PHOENIX,30,9,6,Angle,1,9,Unknown,98,Not Reported,2,Nighttime,YES"
1753,2016040657,40657,2,2,0,2,19,PIMA,530,TUCSON,1,10,6,Angle,1,3,Dark - Lighted,1,Clear,2,Nighttime,NO,"1753,2016040657,40657,2,2,0,2,19,PIMA,530,TUCSON,1,10,6,Angle,1,3,Dark - Lighted,1,Clear,2,Nighttime,NO"
1754,2016040659,40659,1,1,0,1,7,GILA,0,NONE LISTED,4,10,0,Not a Collision with Motor Vehicle In-Transport,4,1,Daylight,1,Clear,1,Daytime,YES,"1754,2016040659,40659,1,1,0,1,7,GILA,0,NONE LISTED,4,10,0,Not a Collision with Motor Vehicle In-Transport,4,1,Daylight,1,Clear,1,Daytime,YES"
1755,2016040661,40661,1,1,1,1,13,MARICOPA,370,PHOENIX,4,10,0,Not a Collision with Motor Vehicle In-Transport,1,5,Dusk,1,Clear,1,Daytime,YES,"1755,2016040661,40661,1,1,1,1,13,MARICOPA,370,PHOENIX,4,10,0,Not a Collision with Motor Vehicle In-Transport,1,5,Dusk,1,Clear,1,Daytime,YES"
1756,2016040662,40662,2,2,0,5,7,GILA,0,NONE LISTED,5,10,0,Not a Collision with Motor Vehicle In-Transport,4,1,Daylight,1,Clear,1,Daytime,YES,"1756,2016040662,40662,2,2,0,5,7,GILA,0,NONE LISTED,5,10,0,Not a Collision with Motor Vehicle In-Transport,4,1,Daylight,1,Clear,1,Daytime,YES"
1757,2016040665,40665,1,1,0,4,25,YAVAPAI,0,NONE LISTED,8,10,0,Not a Collision with Motor Vehicle In-Transport,1,1,Daylight,1,Clear,1,Daytime,YES,"1757,2016040665,40665,1,1,0,4,25,YAVAPAI,0,NONE LISTED,8,10,0,Not a Collision with Motor Vehicle In-Transport,1,1,Daylight,1,Clear,1,Daytime,YES"
1758,2016040667,40667,1,1,0,1,5,COCONINO,0,NONE LISTED,11,10,0,Not a Collision with Motor Vehicle In-Transport,4,1,Daylight,1,Clear,1,Daytime,YES,"1758,2016040667,40667,1,1,0,1,5,COCONINO,0,NONE LISTED,11,10,0,Not a Collision with Motor Vehicle In-Transport,4,1,Daylight,1,Clear,1,Daytime,YES"
1759,2016040668,40668,1,1,0,1,13,MARICOPA,370,PHOENIX,11,10,0,Not a Collision with Motor Vehicle In-Transport,4,1,Daylight,1,Clear,1,Daytime,YES,"1759,2016040668,40668,1,1,0,1,13,MARICOPA,370,PHOENIX,11,10,0,Not a Collision with Motor Vehicle In-Transport,4,1,Daylight,1,Clear,1,Daytime,YES"
1760,2016040669,40669,1,1,0,3,19,PIMA,0,NONE LISTED,12,10,0,Not a Collision with Motor Vehicle In-Transport,4,2,Dark - Not Lighted,1,Clear,2,Nighttime,YES,"1760,2016040669,40669,1,1,0,3,19,PIMA,0,NONE LISTED,12,10,0,Not a Collision with Motor Vehicle In-Transport,4,2,Dark - Not Lighted,1,Clear,2,Nighttime,YES"
1761,2016040670,40670,1,1,0,2,25,YAVAPAI,0,NONE LISTED,13,10,0,Not a Collision with Motor Vehicle In-Transport,4,1,Daylight,1,Clear,1,Daytime,NO,"1761,2016040670,40670,1,1,0,2,25,YAVAPAI,0,NONE LISTED,13,10,0,Not a Collision with Motor Vehicle In-Transport,4,1,Daylight,1,Clear,1,Daytime,NO"
1762,2016040671,40671,2,2,0,3,19,PIMA,0,NONE LISTED,16,10,2,Front-to-Front,1,1,Daylight,1,Clear,1,Daytime,NO,"1762,2016040671,40671,2,2,0,3,19,PIMA,0,NONE LISTED,16,10,2,Front-to-Front,1,1,Daylight,1,Clear,1,Daytime,NO"
1763,2016040675,40675,1,1,0,4,1,APACHE,0,NONE LISTED,22,10,0,Not a Collision with Motor Vehicle In-Transport,4,2,Dark - Not Lighted,1,Clear,2,Nighttime,YES,"1763,2016040675,40675,1,1,0,4,1,APACHE,0,NONE LISTED,22,10,0,Not a Collision with Motor Vehicle In-Transport,4,2,Dark - Not Lighted,1,Clear,2,Nighttime,YES"
1764,2016040679,40679,1,1,0,1,19,PIMA,355,ORO VALLEY,23,10,0,Not a Collision with Motor Vehicle In-Transport,4,2,Dark - Not Lighted,1,Clear,2,Nighttime,NO,"1764,2016040679,40679,1,1,0,1,19,PIMA,355,ORO VALLEY,23,10,0,Not a Collision with Motor Vehicle In-Transport,4,2,Dark - Not Lighted,1,Clear,2,Nighttime,NO"
1765,2016040680,40680,1,1,0,1,13,MARICOPA,220,GOODYEAR,25,10,0,Not a Collision with Motor Vehicle In-Transport,4,2,Dark - Not Lighted,1,Clear,2,Nighttime,NO,"1765,2016040680,40680,1,1,0,1,13,MARICOPA,220,GOODYEAR,25,10,0,Not a Collision with Motor Vehicle In-Transport,4,2,Dark - Not Lighted,1,Clear,2,Nighttime,NO"
1766,2016040684,40684,2,2,0,2,21,PINAL,0,NONE LISTED,6,10,1,Front-to-Rear,1,2,Dark - Not Lighted,1,Clear,2,Nighttime,NO,"1766,2016040684,40684,2,2,0,2,21,PINAL,0,NONE LISTED,6,10,1,Front-to-Rear,1,2,Dark - Not Lighted,1,Clear,2,Nighttime,NO"
1767,2016040687,40687,1,1,0,1,3,COCHISE,0,NONE LISTED,24,10,0,Not a Collision with Motor Vehicle In-Transport,4,2,Dark - Not Lighted,1,Clear,2,Nighttime,YES,"1767,2016040687,40687,1,1,0,1,3,COCHISE,0,NONE LISTED,24,10,0,Not a Collision with Motor Vehicle In-Transport,4,2,Dark - Not Lighted,1,Clear,2,Nighttime,YES"
1768,2016040692,40692,2,2,0,3,21,PINAL,0,NONE LISTED,16,8,6,Angle,1,1,Daylight,1,Clear,1,Daytime,NO,"1768,2016040692,40692,2,2,0,3,21,PINAL,0,NONE LISTED,16,8,6,Angle,1,1,Daylight,1,Clear,1,Daytime,NO"
1769,2016040694,40694,1,1,0,1,25,YAVAPAI,0,NONE LISTED,24,10,0,Not a Collision with Motor Vehicle In-Transport,4,1,Daylight,1,Clear,1,Daytime,YES,"1769,2016040694,40694,1,1,0,1,25,YAVAPAI,0,NONE LISTED,24,10,0,Not a Collision with Motor Vehicle In-Transport,4,1,Daylight,1,Clear,1,Daytime,YES"
1770,2016040695,40695,2,2,3,3,21,PINAL,0,NONE LISTED,8,10,0,Not a Collision with Motor Vehicle In-Transport,1,2,Dark - Not Lighted,1,Clear,2,Nighttime,YES,"1770,2016040695,40695,2,2,3,3,21,PINAL,0,NONE LISTED,8,10,0,Not a Collision with Motor Vehicle In-Transport,1,2,Dark - Not Lighted,1,Clear,2,Nighttime,YES"
1771,2016040701,40701,1,1,0,2,1,APACHE,0,NONE LISTED,7,10,0,Not a Collision with Motor Vehicle In-Transport,99,9,Unknown,98,Not Reported,2,Nighttime,NO,"1771,2016040701,40701,1,1,0,2,1,APACHE,0,NONE LISTED,7,10,0,Not a Collision with Motor Vehicle In-Transport,99,9,Unknown,98,Not Reported,2,Nighttime,NO"
1772,2016040702,40702,2,2,0,3,13,MARICOPA,370,PHOENIX,12,10,7,Sideswipe - Same Direction,1,1,Daylight,1,Clear,1,Daytime,YES,"1772,2016040702,40702,2,2,0,3,13,MARICOPA,370,PHOENIX,12,10,7,Sideswipe - Same Direction,1,1,Daylight,1,Clear,1,Daytime,YES"
1773,2016040704,40704,1,1,0,2,13,MARICOPA,200,GLENDALE,15,10,0,Not a Collision with Motor Vehicle In-Transport,4,9,Unknown,98,Not Reported,3,Unknown,NO,"1773,2016040704,40704,1,1,0,2,13,MARICOPA,200,GLENDALE,15,10,0,Not a Collision with Motor Vehicle In-Transport,4,9,Unknown,98,Not Reported,3,Unknown,NO"
1774,2016040705,40705,1,1,1,1,1,APACHE,0,NONE LISTED,12,3,0,Not a Collision with Motor Vehicle In-Transport,1,6,Dark - Unknown Lighting,98,Not Reported,2,Nighttime,YES,"1774,2016040705,40705,1,1,1,1,1,APACHE,0,NONE LISTED,12,3,0,Not a Collision with Motor Vehicle In-Transport,1,6,Dark - Unknown Lighting,98,Not Reported,2,Nighttime,YES"
1775,2016040706,40706,1,1,0,3,5,COCONINO,0,NONE LISTED,11,8,0,Not a Collision with Motor Vehicle In-Transport,99,6,Dark - Unknown Lighting,98,Not Reported,2,Nighttime,YES,"1775,2016040706,40706,1,1,0,3,5,COCONINO,0,NONE LISTED,11,8,0,Not a Collision with Motor Vehicle In-Transport,99,6,Dark - Unknown Lighting,98,Not Reported,2,Nighttime,YES"
1776,2016040707,40707,2,2,0,3,1,APACHE,0,NONE LISTED,2,9,99,Unknown,1,1,Daylight,98,Not Reported,1,Daytime,YES,"1776,2016040707,40707,2,2,0,3,1,APACHE,0,NONE LISTED,2,9,99,Unknown,1,1,Daylight,98,Not Reported,1,Daytime,YES"
1777,2016040709,40709,1,1,0,1,13,MARICOPA,370,PHOENIX,1,11,0,Not a Collision with Motor Vehicle In-Transport,1,1,Daylight,1,Clear,1,Daytime,NO,"1777,2016040709,40709,1,1,0,1,13,MARICOPA,370,PHOENIX,1,11,0,Not a Collision with Motor Vehicle In-Transport,1,1,Daylight,1,Clear,1,Daytime,NO"
1778,2016040722,40722,1,1,0,1,13,MARICOPA,490,TEMPE,9,11,0,Not a Collision with Motor Vehicle In-Transport,1,3,Dark - Lighted,1,Clear,2,Nighttime,YES,"1778,2016040722,40722,1,1,0,1,13,MARICOPA,490,TEMPE,9,11,0,Not a Collision with Motor Vehicle In-Transport,1,3,Dark - Lighted,1,Clear,2,Nighttime,YES"
1779,2016040728,40728,1,1,1,1,5,COCONINO,170,FLAGSTAFF,13,11,0,Not a Collision with Motor Vehicle In-Transport,1,4,Dawn,1,Clear,1,Daytime,YES,"1779,2016040728,40728,1,1,1,1,5,COCONINO,170,FLAGSTAFF,13,11,0,Not a Collision with Motor Vehicle In-Transport,1,4,Dawn,1,Clear,1,Daytime,YES"
1780,2016040738,40738,1,1,0,2,15,MOHAVE,0,NONE LISTED,23,11,0,Not a Collision with Motor Vehicle In-Transport,4,1,Daylight,1,Clear,1,Daytime,YES,"1780,2016040738,40738,1,1,0,2,15,MOHAVE,0,NONE LISTED,23,11,0,Not a Collision with Motor Vehicle In-Transport,4,1,Daylight,1,Clear,1,Daytime,YES"
1781,2016040742,40742,2,2,0,8,13,MARICOPA,368,PEORIA,26,11,6,Angle,1,3,Dark - Lighted,1,Clear,1,Daytime,YES,"1781,2016040742,40742,2,2,0,8,13,MARICOPA,368,PEORIA,26,11,6,Angle,1,3,Dark - Lighted,1,Clear,1,Daytime,YES"