index,accident_id,ST_CASE,VE_TOTAL,VE_FORMS,PEDS,PERSONS,COUNTY,county_name,CITY,city_name,DAY,MONTH,MAN_COLL,man_coll_lit,REL_ROAD,LGT_COND,lgt_cond_lit,WEATHER,weather_lit,A_TOD,a_tod_lit,DEAD,concatenated
1782,2016040743,40743,1,1,0,2,25,YAVAPAI,0,NONE LISTED,30,11,0,Not a Collision with Motor Vehicle In-Transport,4,2,Dark - Not Lighted,1,Clear,1,Daytime,NO,"1782,2016040743,40743,1,1,0,2,25,YAVAPAI,0,NONE LISTED,30,11,0,Not a Collision with Motor Vehicle In-Transport,4,2,Dark - Not Lighted,1,Clear,1,Daytime,NO"
1783,2016040745,40745,4,4,0,6,13,MARICOPA,370,PHOENIX,21,10,2,Front-to-Front,1,1,Daylight,1,Clear,1,Daytime,NO,"1783,2016040745,40745,4,4,0,6,13,MARICOPA,370,PHOENIX,21,10,2,Front-to-Front,1,1,Daylight,1,Clear,1,Daytime,NO"
1784,2016040746,40746,1,1,0,1,21,PINAL,0,NONE LISTED,24,10,0,Not a Collision with Motor Vehicle In-Transport,5,1,Daylight,1,Clear,1,Daytime,YES,"1784,2016040746,40746,1,1,0,1,21,PINAL,0,NONE LISTED,24,10,0,Not a Collision with Motor Vehicle In-Transport,5,1,Daylight,1,Clear,1,Daytime,YES"
1785,2016040748,40748,2,2,0,3,13,MARICOPA,0,NONE LISTED,3,10,6,Angle,1,1,Daylight,1,Clear,1,Daytime,NO,"1785,2016040748,40748,2,2,0,3,13,MARICOPA,0,NONE LISTED,3,10,6,Angle,1,1,Daylight,1,Clear,1,Daytime,NO"
1786,2016040749,40749,1,1,1,1,13,MARICOPA,370,PHOENIX,9,10,0,Not a Collision with Motor Vehicle In-Transport,1,6,Dark - Unknown Lighting,98,Not Reported,2,Nighttime,YES,"1786,2016040749,40749,1,1,1,1,13,MARICOPA,370,PHOENIX,9,10,0,Not a Collision with Motor Vehicle In-Transport,1,6,Dark - Unknown Lighting,98,Not Reported,2,Nighttime,YES"
1787,2016040750,40750,2,2,0,3,13,MARICOPA,370,PHOENIX,10,10,0,Not a Collision with Motor Vehicle In-Transport,4,6,Dark - Unknown Lighting,98,Not Reported,2,Nighttime,NO,"1787,2016040750,40750,2,2,0,3,13,MARICOPA,370,PHOENIX,10,10,0,Not a Collision with Motor Vehicle In-Transport,4,6,Dark - Unknown Lighting,98,Not Reported,2,Nighttime,NO"
1788,2016040754,40754,2,2,1,4,13,MARICOPA,370,PHOENIX,20,10,0,Not a Collision with Motor Vehicle In-Transport,1,3,Dark - Lighted,1,Clear,2,Nighttime,NO,"1788,2016040754,40754,2,2,1,4,13,MARICOPA,370,PHOENIX,20,10,0,Not a Collision with Motor Vehicle In-Transport,1,3,Dark - Lighted,1,Clear,2,Nighttime,NO"
1789,2016040755,40755,2,2,0,2,13,MARICOPA,370,PHOENIX,20,10,0,Not a Collision with Motor Vehicle In-Transport,1,6,Dark - Unknown Lighting,98,Not Reported,2,Nighttime,NO,"1789,2016040755,40755,2,2,0,2,13,MARICOPA,370,PHOENIX,20,10,0,Not a Collision with Motor Vehicle In-Transport,1,6,Dark - Unknown Lighting,98,Not Reported,2,Nighttime,NO"
1790,2016040756,40756,3,3,0,4,13,MARICOPA,370,PHOENIX,22,10,6,Angle,1,3,Dark - Lighted,1,Clear,2,Nighttime,NO,"1790,2016040756,40756,3,3,0,4,13,MARICOPA,370,PHOENIX,22,10,6,Angle,1,3,Dark - Lighted,1,Clear,2,Nighttime,NO"
1791,2016040758,40758,1,1,0,2,13,MARICOPA,0,NONE LISTED,23,10,0,Not a Collision with Motor Vehicle In-Transport,99,9,Unknown,98,Not Reported,3,Unknown,YES,"1791,2016040758,40758,1,1,0,2,13,MARICOPA,0,NONE LISTED,23,10,0,Not a Collision with Motor Vehicle In-Transport,99,9,Unknown,98,Not Reported,3,Unknown,YES"
1792,2016040759,40759,1,1,1,1,15,MOHAVE,0,NONE LISTED,24,10,0,Not a Collision with Motor Vehicle In-Transport,2,2,Dark - Not Lighted,10,Cloudy,1,Daytime,YES,"1792,2016040759,40759,1,1,1,1,15,MOHAVE,0,NONE LISTED,24,10,0,Not a Collision with Motor Vehicle In-Transport,2,2,Dark - Not Lighted,10,Cloudy,1,Daytime,YES"
1793,2016040760,40760,1,1,1,1,13,MARICOPA,370,PHOENIX,24,10,0,Not a Collision with Motor Vehicle In-Transport,2,6,Dark - Unknown Lighting,98,Not Reported,2,Nighttime,YES,"1793,2016040760,40760,1,1,1,1,13,MARICOPA,370,PHOENIX,24,10,0,Not a Collision with Motor Vehicle In-Transport,2,6,Dark - Unknown Lighting,98,Not Reported,2,Nighttime,YES"
1794,2016040761,40761,2,2,0,2,13,MARICOPA,370,PHOENIX,26,10,99,Unknown,1,1,Daylight,1,Clear,1,Daytime,YES,"1794,2016040761,40761,2,2,0,2,13,MARICOPA,370,PHOENIX,26,10,99,Unknown,1,1,Daylight,1,Clear,1,Daytime,YES"
1795,2016040767,40767,2,2,0,5,9,GRAHAM,0,NONE LISTED,3,11,2,Front-to-Front,1,2,Dark - Not Lighted,2,Rain,2,Nighttime,YES,"1795,2016040767,40767,2,2,0,5,9,GRAHAM,0,NONE LISTED,3,11,2,Front-to-Front,1,2,Dark - Not Lighted,2,Rain,2,Nighttime,YES"
1796,2016040771,40771,1,1,0,2,5,COCONINO,0,NONE LISTED,25,11,0,Not a Collision with Motor Vehicle In-Transport,4,2,Dark - Not Lighted,1,Clear,1,Daytime,YES,"1796,2016040771,40771,1,1,0,2,5,COCONINO,0,NONE LISTED,25,11,0,Not a Collision with Motor Vehicle In-Transport,4,2,Dark - Not Lighted,1,Clear,1,Daytime,YES"
1797,2016040772,40772,2,2,0,3,13,MARICOPA,368,PEORIA,16,8,6,Angle,1,5,Dusk,10,Cloudy,2,Nighttime,YES,"1797,2016040772,40772,2,2,0,3,13,MARICOPA,368,PEORIA,16,8,6,Angle,1,5,Dusk,10,Cloudy,2,Nighttime,YES"
1798,2016040773,40773,1,1,1,1,13,MARICOPA,0,NONE LISTED,12,11,0,Not a Collision with Motor Vehicle In-Transport,1,2,Dark - Not Lighted,1,Clear,2,Nighttime,YES,"1798,2016040773,40773,1,1,1,1,13,MARICOPA,0,NONE LISTED,12,11,0,Not a Collision with Motor Vehicle In-Transport,1,2,Dark - Not Lighted,1,Clear,2,Nighttime,YES"
1799,2016040774,40774,3,3,0,6,25,YAVAPAI,0,NONE LISTED,23,11,2,Front-to-Front,1,1,Daylight,1,Clear,1,Daytime,YES,"1799,2016040774,40774,3,3,0,6,25,YAVAPAI,0,NONE LISTED,23,11,2,Front-to-Front,1,1,Daylight,1,Clear,1,Daytime,YES"
1800,2016040776,40776,1,1,0,1,13,MARICOPA,80,CHANDLER,26,11,0,Not a Collision with Motor Vehicle In-Transport,3,3,Dark - Lighted,1,Clear,2,Nighttime,YES,"1800,2016040776,40776,1,1,0,1,13,MARICOPA,80,CHANDLER,26,11,0,Not a Collision with Motor Vehicle In-Transport,3,3,Dark - Lighted,1,Clear,2,Nighttime,YES"
1801,2016040777,40777,1,1,0,2,13,MARICOPA,0,NONE LISTED,11,8,0,Not a Collision with Motor Vehicle In-Transport,99,1,Daylight,98,Not Reported,1,Daytime,YES,"1801,2016040777,40777,1,1,0,2,13,MARICOPA,0,NONE LISTED,11,8,0,Not a Collision with Motor Vehicle In-Transport,99,1,Daylight,98,Not Reported,1,Daytime,YES"
1802,2016040778,40778,1,1,0,6,19,PIMA,530,TUCSON,2,10,0,Not a Collision with Motor Vehicle In-Transport,1,6,Dark - Unknown Lighting,99,Unknown,2,Nighttime,YES,"1802,2016040778,40778,1,1,0,6,19,PIMA,530,TUCSON,2,10,0,Not a Collision with Motor Vehicle In-Transport,1,6,Dark - Unknown Lighting,99,Unknown,2,Nighttime,YES"
1803,2016040779,40779,1,1,1,1,21,PINAL,0,NONE LISTED,26,10,0,Not a Collision with Motor Vehicle In-Transport,99,9,Unknown,98,Not Reported,3,Unknown,YES,"1803,2016040779,40779,1,1,1,1,21,PINAL,0,NONE LISTED,26,10,0,Not a Collision with Motor Vehicle In-Transport,99,9,Unknown,98,Not Reported,3,Unknown,YES"
1804,2016040782,40782,1,1,2,1,13,MARICOPA,60,BUCKEYE,2,11,0,Not a Collision with Motor Vehicle In-Transport,1,9,Unknown,98,Not Reported,2,Nighttime,NO,"1804,2016040782,40782,1,1,2,1,13,MARICOPA,60,BUCKEYE,2,11,0,Not a Collision with Motor Vehicle In-Transport,1,9,Unknown,98,Not Reported,2,Nighttime,NO"
1805,2016040783,40783,3,3,0,3,13,MARICOPA,370,PHOENIX,3,11,2,Front-to-Front,1,1,Daylight,98,Not Reported,1,Daytime,YES,"1805,2016040783,40783,3,3,0,3,13,MARICOPA,370,PHOENIX,3,11,2,Front-to-Front,1,1,Daylight,98,Not Reported,1,Daytime,YES"
1806,2016040784,40784,2,2,0,2,13,MARICOPA,370,PHOENIX,7,11,1,Front-to-Rear,1,1,Daylight,1,Clear,1,Daytime,YES,"1806,2016040784,40784,2,2,0,2,13,MARICOPA,370,PHOENIX,7,11,1,Front-to-Rear,1,1,Daylight,1,Clear,1,Daytime,YES"
1807,2016040787,40787,1,1,1,1,13,MARICOPA,370,PHOENIX,8,11,0,Not a Collision with Motor Vehicle In-Transport,1,1,Daylight,1,Clear,1,Daytime,NO,"1807,2016040787,40787,1,1,1,1,13,MARICOPA,370,PHOENIX,8,11,0,Not a Collision with Motor Vehicle In-Transport,1,1,Daylight,1,Clear,1,Daytime,NO"
1808,2016040791,40791,2,2,0,9,21,PINAL,0,NONE LISTED,11,11,6,Angle,1,2,Dark - Not Lighted,1,Clear,2,Nighttime,YES,"1808,2016040791,40791,2,2,0,9,21,PINAL,0,NONE LISTED,11,11,6,Angle,1,2,Dark - Not Lighted,1,Clear,2,Nighttime,YES"
1809,2016040795,40795,2,2,0,2,13,MARICOPA,370,PHOENIX,15,11,6,Angle,1,9,Unknown,98,Not Reported,1,Daytime,NO,"1809,2016040795,40795,2,2,0,2,13,MARICOPA,370,PHOENIX,15,11,6,Angle,1,9,Unknown,98,Not Reported,1,Daytime,NO"
1810,2016040796,40796,1,1,1,1,13,MARICOPA,0,NONE LISTED,22,11,0,Not a Collision with Motor Vehicle In-Transport,4,3,Dark - Lighted,1,Clear,2,Nighttime,NO,"1810,2016040796,40796,1,1,1,1,13,MARICOPA,0,NONE LISTED,22,11,0,Not a Collision with Motor Vehicle In-Transport,4,3,Dark - Lighted,1,Clear,2,Nighttime,NO"
1811,2016040797,40797,1,1,0,2,13,MARICOPA,190,GILBERT,23,11,99,Unknown,99,9,Unknown,98,Not Reported,3,Unknown,YES,"1811,2016040797,40797,1,1,0,2,13,MARICOPA,190,GILBERT,23,11,99,Unknown,99,9,Unknown,98,Not Reported,3,Unknown,YES"
1812,2016040799,40799,2,2,0,4,25,YAVAPAI,0,NONE LISTED,25,11,6,Angle,1,1,Daylight,1,Clear,1,Daytime,YES,"1812,2016040799,40799,2,2,0,4,25,YAVAPAI,0,NONE LISTED,25,11,6,Angle,1,1,Daylight,1,Clear,1,Daytime,YES"
1813,2016040800,40800,1,1,0,2,7,GILA,0,NONE LISTED,26,11,0,Not a Collision with Motor Vehicle In-Transport,99,1,Daylight,99,Unknown,1,Daytime,NO,"1813,2016040800,40800,1,1,0,2,7,GILA,0,NONE LISTED,26,11,0,Not a Collision with Motor Vehicle In-Transport,99,1,Daylight,99,Unknown,1,Daytime,NO"
1814,2016040804,40804,2,2,0,2,27,YUMA,620,YUMA,2,12,6,Angle,1,5,Dusk,1,Clear,1,Daytime,YES,"1814,2016040804,40804,2,2,0,2,27,YUMA,620,YUMA,2,12,6,Angle,1,5,Dusk,1,Clear,1,Daytime,YES"
1815,2016040805,40805,1,1,0,1,19,PIMA,530,TUCSON,3,12,0,Not a Collision with Motor Vehicle In-Transport,4,3,Dark - Lighted,1,Clear,2,Nighttime,NO,"1815,2016040805,40805,1,1,0,1,19,PIMA,530,TUCSON,3,12,0,Not a Collision with Motor Vehicle In-Transport,4,3,Dark - Lighted,1,Clear,2,Nighttime,NO"
1816,2016040808,40808,2,2,0,2,19,PIMA,0,NONE LISTED,8,12,2,Front-to-Front,1,2,Dark - Not Lighted,1,Clear,1,Daytime,NO,"1816,2016040808,40808,2,2,0,2,19,PIMA,0,NONE LISTED,8,12,2,Front-to-Front,1,2,Dark - Not Lighted,1,Clear,1,Daytime,NO"
1817,2016040812,40812,1,1,0,1,25,YAVAPAI,9997,UNKNOWN,10,12,0,Not a Collision with Motor Vehicle In-Transport,6,1,Daylight,1,Clear,1,Daytime,YES,"1817,2016040812,40812,1,1,0,1,25,YAVAPAI,9997,UNKNOWN,10,12,0,Not a Collision with Motor Vehicle In-Transport,6,1,Daylight,1,Clear,1,Daytime,YES"
1818,2016040814,40814,2,2,0,2,19,PIMA,0,NONE LISTED,10,12,6,Angle,1,5,Dusk,1,Clear,1,Daytime,NO,"1818,2016040814,40814,2,2,0,2,19,PIMA,0,NONE LISTED,10,12,6,Angle,1,5,Dusk,1,Clear,1,Daytime,NO"
1819,2016040816,40816,1,1,1,1,19,PIMA,530,TUCSON,11,12,0,Not a Collision with Motor Vehicle In-Transport,1,1,Daylight,1,Clear,1,Daytime,YES,"1819,2016040816,40816,1,1,1,1,19,PIMA,530,TUCSON,11,12,0,Not a Collision with Motor Vehicle In-Transport,1,1,Daylight,1,Clear,1,Daytime,YES"
1820,2016040819,40819,1,1,1,1,5,COCONINO,170,FLAGSTAFF,19,12,0,Not a Collision with Motor Vehicle In-Transport,1,1,Daylight,1,Clear,1,Daytime,NO,"1820,2016040819,40819,1,1,1,1,5,COCONINO,170,FLAGSTAFF,19,12,0,Not a Collision with Motor Vehicle In-Transport,1,1,Daylight,1,Clear,1,Daytime,NO"
1821,2016040820,40820,1,1,0,1,13,MARICOPA,30,AVONDALE,20,12,0,Not a Collision with Motor Vehicle In-Transport,5,2,Dark - Not Lighted,1,Clear,2,Nighttime,NO,"1821,2016040820,40820,1,1,0,1,13,MARICOPA,30,AVONDALE,20,12,0,Not a Collision with Motor Vehicle In-Transport,5,2,Dark - Not Lighted,1,Clear,2,Nighttime,NO"
1822,2016040821,40821,1,1,1,1,13,MARICOPA,0,NONE LISTED,20,12,0,Not a Collision with Motor Vehicle In-Transport,1,1,Daylight,1,Clear,1,Daytime,NO,"1822,2016040821,40821,1,1,1,1,13,MARICOPA,0,NONE LISTED,20,12,0,Not a Collision with Motor Vehicle In-Transport,1,1,Daylight,1,Clear,1,Daytime,NO"
1823,2016040822,40822,1,1,0,1,27,YUMA,620,YUMA,21,12,0,Not a Collision with Motor Vehicle In-Transport,4,3,Dark - Lighted,10,Cloudy,2,Nighttime,YES,"1823,2016040822,40822,1,1,0,1,27,YUMA,620,YUMA,21,12,0,Not a Collision with Motor Vehicle In-Transport,4,3,Dark - Lighted,10,Cloudy,2,Nighttime,YES"
1824,2016040825,40825,2,2,0,9,19,PIMA,530,TUCSON,23,12,6,Angle,1,3,Dark - Lighted,1,Clear,2,Nighttime,NO,"1824,2016040825,40825,2,2,0,9,19,PIMA,530,TUCSON,23,12,6,Angle,1,3,Dark - Lighted,1,Clear,2,Nighttime,NO"
1825,2016040829,40829,2,2,0,2,3,COCHISE,0,NONE LISTED,28,12,6,Angle,1,1,Daylight,1,Clear,1,Daytime,YES,"1825,2016040829,40829,2,2,0,2,3,COCHISE,0,NONE LISTED,28,12,6,Angle,1,1,Daylight,1,Clear,1,Daytime,YES"
1826,2016040830,40830,1,1,0,1,19,PIMA,530,TUCSON,28,12,0,Not a Collision with Motor Vehicle In-Transport,4,1,Daylight,10,Cloudy,1,Daytime,NO,"1826,2016040830,40830,1,1,0,1,19,PIMA,530,TUCSON,28,12,0,Not a Collision with Motor Vehicle In-Transport,4,1,Daylight,10,Cloudy,1,Daytime,NO"
1827,2016040831,40831,2,2,0,3,13,MARICOPA,420,SCOTTSDALE,29,12,6,Angle,1,1,Daylight,10,Cloudy,1,Daytime,YES,"1827,2016040831,40831,2,2,0,3,13,MARICOPA,420,SCOTTSDALE,29,12,6,Angle,1,1,Daylight,10,Cloudy,1,Daytime,YES"
1828,2016040833,40833,1,1,0,1,13,MARICOPA,200,GLENDALE,13,4,0,Not a Collision with Motor Vehicle In-Transport,5,1,Daylight,1,Clear,2,Nighttime,NO,"1828,2016040833,40833,1,1,0,1,13,MARICOPA,200,GLENDALE,13,4,0,Not a Collision with Motor Vehicle In-Transport,5,1,Daylight,1,Clear,2,Nighttime,NO"
1829,2016040834,40834,2,2,0,4,13,MARICOPA,200,GLENDALE,23,12,6,Angle,1,1,Daylight,10,Cloudy,1,Daytime,YES,"1829,2016040834,40834,2,2,0,4,13,MARICOPA,200,GLENDALE,23,12,6,Angle,1,1,Daylight,10,Cloudy,1,Daytime,YES"
1830,2016040835,40835,1,1,1,1,13,MARICOPA,370,PHOENIX,31,12,0,Not a Collision with Motor Vehicle In-Transport,1,3,Dark - Lighted,10,Cloudy,2,Nighttime,YES,"1830,2016040835,40835,1,1,1,1,13,MARICOPA,370,PHOENIX,31,12,0,Not a Collision with Motor Vehicle In-Transport,1,3,Dark - Lighted,10,Cloudy,2,Nighttime,YES"
1831,2016040836,40836,2,2,0,2,13,MARICOPA,0,NONE LISTED,21,12,0,Not a Collision with Motor Vehicle In-Transport,1,1,Daylight,2,Rain,1,Daytime,YES,"1831,2016040836,40836,2,2,0,2,13,MARICOPA,0,NONE LISTED,21,12,0,Not a Collision with Motor Vehicle In-Transport,1,1,Daylight,2,Rain,1,Daytime,YES"
1832,2016040837,40837,1,1,0,2,21,PINAL,0,NONE LISTED,4,9,0,Not a Collision with Motor Vehicle In-Transport,6,2,Dark - Not Lighted,1,Clear,2,Nighttime,YES,"1832,2016040837,40837,1,1,0,2,21,PINAL,0,NONE LISTED,4,9,0,Not a Collision with Motor Vehicle In-Transport,6,2,Dark - Not Lighted,1,Clear,2,Nighttime,YES"
1833,2016040838,40838,1,1,0,1,25,YAVAPAI,65,CAMP VERDE,29,8,0,Not a Collision with Motor Vehicle In-Transport,1,1,Daylight,1,Clear,1,Daytime,NO,"1833,2016040838,40838,1,1,0,1,25,YAVAPAI,65,CAMP VERDE,29,8,0,Not a Collision with Motor Vehicle In-Transport,1,1,Daylight,1,Clear,1,Daytime,NO"
1834,2016040840,40840,2,2,0,7,5,COCONINO,0,NONE LISTED,4,9,99,Unknown,99,9,Unknown,98,Not Reported,2,Nighttime,NO,"1834,2016040840,40840,2,2,0,7,5,COCONINO,0,NONE LISTED,4,9,99,Unknown,99,9,Unknown,98,Not Reported,2,Nighttime,NO"
1835,2016040841,40841,1,1,0,2,1,APACHE,0,NONE LISTED,6,9,0,Not a Collision with Motor Vehicle In-Transport,99,9,Unknown,98,Not Reported,3,Unknown,NO,"1835,2016040841,40841,1,1,0,2,1,APACHE,0,NONE LISTED,6,9,0,Not a Collision with Motor Vehicle In-Transport,99,9,Unknown,98,Not Reported,3,Unknown,NO"
1836,2016040842,40842,2,1,0,1,13,MARICOPA,368,PEORIA,12,11,0,Not a Collision with Motor Vehicle In-Transport,2,3,Dark - Lighted,1,Clear,2,Nighttime,YES,"1836,2016040842,40842,2,1,0,1,13,MARICOPA,368,PEORIA,12,11,0,Not a Collision with Motor Vehicle In-Transport,2,3,Dark - Lighted,1,Clear,2,Nighttime,YES"
1837,2016040843,40843,1,1,0,1,19,PIMA,0,NONE LISTED,8,11,99,Unknown,99,9,Unknown,98,Not Reported,3,Unknown,YES,"1837,2016040843,40843,1,1,0,1,19,PIMA,0,NONE LISTED,8,11,99,Unknown,99,9,Unknown,98,Not Reported,3,Unknown,YES"
1838,2016040844,40844,1,1,1,1,13,MARICOPA,290,MESA,13,11,0,Not a Collision with Motor Vehicle In-Transport,99,9,Unknown,98,Not Reported,3,Unknown,NO,"1838,2016040844,40844,1,1,1,1,13,MARICOPA,290,MESA,13,11,0,Not a Collision with Motor Vehicle In-Transport,99,9,Unknown,98,Not Reported,3,Unknown,NO"
1839,2016040845,40845,2,2,0,2,13,MARICOPA,0,NONE LISTED,28,11,99,Unknown,99,9,Unknown,98,Not Reported,1,Daytime,NO,"1839,2016040845,40845,2,2,0,2,13,MARICOPA,0,NONE LISTED,28,11,99,Unknown,99,9,Unknown,98,Not Reported,1,Daytime,NO"
1840,2016040850,40850,1,1,1,1,13,MARICOPA,370,PHOENIX,1,12,0,Not a Collision with Motor Vehicle In-Transport,1,9,Unknown,98,Not Reported,1,Daytime,YES,"1840,2016040850,40850,1,1,1,1,13,MARICOPA,370,PHOENIX,1,12,0,Not a Collision with Motor Vehicle In-Transport,1,9,Unknown,98,Not Reported,1,Daytime,YES"
1841,2016040851,40851,1,1,1,1,17,NAVAJO,0,NONE LISTED,2,12,0,Not a Collision with Motor Vehicle In-Transport,99,6,Dark - Unknown Lighting,98,Not Reported,2,Nighttime,NO,"1841,2016040851,40851,1,1,1,1,17,NAVAJO,0,NONE LISTED,2,12,0,Not a Collision with Motor Vehicle In-Transport,99,6,Dark - Unknown Lighting,98,Not Reported,2,Nighttime,NO"
1842,2016040853,40853,1,1,0,1,21,PINAL,0,NONE LISTED,3,12,0,Not a Collision with Motor Vehicle In-Transport,6,2,Dark - Not Lighted,1,Clear,1,Daytime,YES,"1842,2016040853,40853,1,1,0,1,21,PINAL,0,NONE LISTED,3,12,0,Not a Collision with Motor Vehicle In-Transport,6,2,Dark - Not Lighted,1,Clear,1,Daytime,YES"
1843,2016040854,40854,1,1,1,1,13,MARICOPA,370,PHOENIX,3,12,0,Not a Collision with Motor Vehicle In-Transport,1,9,Unknown,98,Not Reported,1,Daytime,YES,"1843,2016040854,40854,1,1,1,1,13,MARICOPA,370,PHOENIX,3,12,0,Not a Collision with Motor Vehicle In-Transport,1,9,Unknown,98,Not Reported,1,Daytime,YES"
1844,2016040855,40855,3,3,0,4,13,MARICOPA,370,PHOENIX,3,12,99,Unknown,1,1,Daylight,98,Not Reported,1,Daytime,NO,"1844,2016040855,40855,3,3,0,4,13,MARICOPA,370,PHOENIX,3,12,99,Unknown,1,1,Daylight,98,Not Reported,1,Daytime,NO"
1845,2016040856,40856,1,1,1,1,21,PINAL,0,NONE LISTED,3,12,0,Not a Collision with Motor Vehicle In-Transport,1,6,Dark - Unknown Lighting,1,Clear,2,Nighttime,YES,"1845,2016040856,40856,1,1,1,1,21,PINAL,0,NONE LISTED,3,12,0,Not a Collision with Motor Vehicle In-Transport,1,6,Dark - Unknown Lighting,1,Clear,2,Nighttime,YES"
1846,2016040857,40857,2,2,0,4,5,COCONINO,0,NONE LISTED,4,12,99,Unknown,1,9,Unknown,98,Not Reported,2,Nighttime,YES,"1846,2016040857,40857,2,2,0,4,5,COCONINO,0,NONE LISTED,4,12,99,Unknown,1,9,Unknown,98,Not Reported,2,Nighttime,YES"
1847,2016040859,40859,1,1,1,2,13,MARICOPA,370,PHOENIX,9,12,0,Not a Collision with Motor Vehicle In-Transport,1,9,Unknown,98,Not Reported,2,Nighttime,NO,"1847,2016040859,40859,1,1,1,2,13,MARICOPA,370,PHOENIX,9,12,0,Not a Collision with Motor Vehicle In-Transport,1,9,Unknown,98,Not Reported,2,Nighttime,NO"
1848,2016040861,40861,2,2,0,2,13,MARICOPA,370,PHOENIX,12,12,99,Unknown,1,6,Dark - Unknown Lighting,98,Not Reported,2,Nighttime,YES,"1848,2016040861,40861,2,2,0,2,13,MARICOPA,370,PHOENIX,12,12,99,Unknown,1,6,Dark - Unknown Lighting,98,Not Reported,2,Nighttime,YES"
1849,2016040863,40863,1,1,0,5,3,COCHISE,0,NONE LISTED,16,12,0,Not a Collision with Motor Vehicle In-Transport,4,9,Unknown,98,Not Reported,2,Nighttime,NO,"1849,2016040863,40863,1,1,0,5,3,COCHISE,0,NONE LISTED,16,12,0,Not a Collision with Motor Vehicle In-Transport,4,9,Unknown,98,Not Reported,2,Nighttime,NO"
1850,2016040864,40864,1,1,0,1,13,MARICOPA,370,PHOENIX,20,12,0,Not a Collision with Motor Vehicle In-Transport,4,6,Dark - Unknown Lighting,98,Not Reported,2,Nighttime,NO,"1850,2016040864,40864,1,1,0,1,13,MARICOPA,370,PHOENIX,20,12,0,Not a Collision with Motor Vehicle In-Transport,4,6,Dark - Unknown Lighting,98,Not Reported,2,Nighttime,NO"
1851,2016040865,40865,2,2,0,2,13,MARICOPA,370,PHOENIX,20,12,99,Unknown,1,1,Daylight,98,Not Reported,1,Daytime,NO,"1851,2016040865,40865,2,2,0,2,13,MARICOPA,370,PHOENIX,20,12,99,Unknown,1,1,Daylight,98,Not Reported,1,Daytime,NO"
1852,2016040866,40866,2,2,0,2,13,MARICOPA,370,PHOENIX,21,12,99,Unknown,1,1,Daylight,98,Not Reported,1,Daytime,YES,"1852,2016040866,40866,2,2,0,2,13,MARICOPA,370,PHOENIX,21,12,99,Unknown,1,1,Daylight,98,Not Reported,1,Daytime,YES"
1853,2016040867,40867,2,2,1,2,13,MARICOPA,370,PHOENIX,22,12,0,Not a Collision with Motor Vehicle In-Transport,1,9,Unknown,98,Not Reported,2,Nighttime,NO,"1853,2016040867,40867,2,2,1,2,13,MARICOPA,370,PHOENIX,22,12,0,Not a Collision with Motor Vehicle In-Transport,1,9,Unknown,98,Not Reported,2,Nighttime,NO"
1854,2016040871,40871,1,1,1,2,13,MARICOPA,370,PHOENIX,29,12,0,Not a Collision with Motor Vehicle In-Transport,1,9,Unknown,98,Not Reported,2,Nighttime,NO,"1854,2016040871,40871,1,1,1,2,13,MARICOPA,370,PHOENIX,29,12,0,Not a Collision with Motor Vehicle In-Transport,1,9,Unknown,98,Not Reported,2,Nighttime,NO"
1855,2016040872,40872,1,1,0,1,13,MARICOPA,0,NONE LISTED,30,12,0,Not a Collision with Motor Vehicle In-Transport,99,9,Unknown,98,Not Reported,1,Daytime,NO,"1855,2016040872,40872,1,1,0,1,13,MARICOPA,0,NONE LISTED,30,12,0,Not a Collision with Motor Vehicle In-Transport,99,9,Unknown,98,Not Reported,1,Daytime,NO"
1856,2016040875,40875,1,1,0,2,17,NAVAJO,0,NONE LISTED,30,12,99,Unknown,99,9,Unknown,98,Not Reported,2,Nighttime,YES,"1856,2016040875,40875,1,1,0,2,17,NAVAJO,0,NONE LISTED,30,12,99,Unknown,99,9,Unknown,98,Not Reported,2,Nighttime,YES"
1857,2016040876,40876,1,1,1,1,13,MARICOPA,370,PHOENIX,31,12,0,Not a Collision with Motor Vehicle In-Transport,1,6,Dark - Unknown Lighting,98,Not Reported,2,Nighttime,YES,"1857,2016040876,40876,1,1,1,1,13,MARICOPA,370,PHOENIX,31,12,0,Not a Collision with Motor Vehicle In-Transport,1,6,Dark - Unknown Lighting,98,Not Reported,2,Nighttime,YES"
1858,2016040877,40877,2,2,0,3,13,MARICOPA,200,GLENDALE,15,11,6,Angle,1,1,Daylight,1,Clear,1,Daytime,NO,"1858,2016040877,40877,2,2,0,3,13,MARICOPA,200,GLENDALE,15,11,6,Angle,1,1,Daylight,1,Clear,1,Daytime,NO"
1859,2016040880,40880,1,1,0,1,21,PINAL,0,NONE LISTED,10,11,0,Not a Collision with Motor Vehicle In-Transport,5,5,Dusk,1,Clear,1,Daytime,YES,"1859,2016040880,40880,1,1,0,1,21,PINAL,0,NONE LISTED,10,11,0,Not a Collision with Motor Vehicle In-Transport,5,5,Dusk,1,Clear,1,Daytime,YES"